dataset;algorithm;update;query;radius;ratio;memory;dimensions;type;delta;wsize;beta;k
blobs;JONES;6311.285;170247674.7;12.98204904;1.0;10000.0;2;Rand;0.0;10000;2.0;21
blobs;JONES;4812.595;173889334.5;14.59424026;1.0;10000.0;3;Rand;0.0;10000;2.0;21
blobs;JONES;5227.49;191293171.3;16.17966811;1.0;10000.0;4;Rand;0.0;10000;2.0;21
blobs;JONES;5410.115;202126094.2;15.9008513;1.0;10000.0;5;Rand;0.0;10000;2.0;21
blobs;JONES;4498.265;208699802.7;17.71760494;1.0;10000.0;6;Rand;0.0;10000;2.0;21
blobs;JONES;5730.0;196918965.8;17.48617634;1.0;10000.0;7;Rand;0.0;10000;2.0;21
blobs;JONES;4202.055;173887093.3;18.33302237;1.0;10000.0;8;Rand;0.0;10000;2.0;21
blobs;JONES;4349.44;166025166.6;18.00258819;1.0;10000.0;9;Rand;0.0;10000;2.0;21
blobs;JONES;4844.295;165213156.0;18.0991247;1.0;10000.0;10;Rand;0.0;10000;2.0;21
blobs;PELLCAPPDELTA05;123481.055;27159818.02;12.902971;0.995035647;7549.705;2;Rand;0.5;10000;2.0;21
blobs;PELLCAPPDELTA05;153630.995;76054996.02;14.54300598;0.996907122;12716.85;3;Rand;0.5;10000;2.0;21
blobs;PELLCAPPDELTA05;216966.625;113038099.5;16.02213795;0.991538394;16113.58;4;Rand;0.5;10000;2.0;21
blobs;PELLCAPPDELTA05;178848.01;138740525.2;15.99588625;1.006473456;19578.915;5;Rand;0.5;10000;2.0;21
blobs;PELLCAPPDELTA05;508441.455;167196340.3;17.5202813;0.990740316;23952.265;6;Rand;0.5;10000;2.0;21
blobs;PELLCAPPDELTA05;767448.56;192621150.6;17.30679963;0.990132281;27596.835;7;Rand;0.5;10000;2.0;21
blobs;PELLCAPPDELTA05;365793.735;213369225.0;18.48822532;1.008624928;30504.54;8;Rand;0.5;10000;2.0;21
blobs;PELLCAPPDELTA05;717898.915;225286577.2;17.98962597;1.000471733;31771.01;9;Rand;0.5;10000;2.0;21
blobs;PELLCAPPDELTA05;908371.845;235168639.8;18.02831925;0.99617349;32509.21;10;Rand;0.5;10000;2.0;21
blobs;PELLCAPPDELTA10;79668.945;8074297.665;12.8921556;0.994109998;3751.51;2;Rand;1.0;10000;2.0;21
blobs;PELLCAPPDELTA10;59782.635;18110478.46;14.46625494;0.991637746;5579.115;3;Rand;1.0;10000;2.0;21
blobs;PELLCAPPDELTA10;66747.495;42094180.16;16.21285878;1.003455598;8300.38;4;Rand;1.0;10000;2.0;21
blobs;PELLCAPPDELTA10;94530.75;75339429.13;15.78860107;0.993368265;10959.575;5;Rand;1.0;10000;2.0;21
blobs;PELLCAPPDELTA10;152282.87;99957148.4;17.73408603;1.002478715;12521.37;6;Rand;1.0;10000;2.0;21
blobs;PELLCAPPDELTA10;202935.385;112709889.3;17.42223696;0.996730025;13435.415;7;Rand;1.0;10000;2.0;21
blobs;PELLCAPPDELTA10;262199.2;126179481.9;18.30177699;0.99845068;14632.62;8;Rand;1.0;10000;2.0;21
blobs;PELLCAPPDELTA10;255691.885;141155024.6;18.07986138;1.005632671;15914.435;9;Rand;1.0;10000;2.0;21
blobs;PELLCAPPDELTA10;464084.715;158621030.2;18.09442766;0.999917508;17312.53;10;Rand;1.0;10000;2.0;21
blobs;PELLCAPPDELTA15;63809.755;3427644.85;13.03839985;1.005246495;2338.225;2;Rand;1.5;10000;2.0;21
blobs;PELLCAPPDELTA15;45471.045;5709424.765;14.33329393;0.982537198;3172.56;3;Rand;1.5;10000;2.0;21
blobs;PELLCAPPDELTA15;51454.865;10095068.89;16.13412746;0.998624718;4161.56;4;Rand;1.5;10000;2.0;21
blobs;PELLCAPPDELTA15;44976.205;19535153.17;15.97472244;1.005179866;5639.98;5;Rand;1.5;10000;2.0;21
blobs;PELLCAPPDELTA15;76842.66;36134954.3;17.73099054;1.002865861;7547.31;6;Rand;1.5;10000;2.0;21
blobs;PELLCAPPDELTA15;113265.425;57633331.56;17.3276166;0.991382042;9403.16;7;Rand;1.5;10000;2.0;21
blobs;PELLCAPPDELTA15;83418.775;80702806.06;18.30653313;0.998695873;11118.73;8;Rand;1.5;10000;2.0;21
blobs;PELLCAPPDELTA15;126811.89;93467538.67;17.8619829;0.993504437;11945.45;9;Rand;1.5;10000;2.0;21
blobs;PELLCAPPDELTA15;130374.25;103036606.5;18.15069584;1.002978876;12559.665;10;Rand;1.5;10000;2.0;21
blobs;PELLCAPPDELTA20;54205.18;2551024.23;12.10333818;0.933009949;1694.4;2;Rand;2.0;10000;2.0;21
blobs;PELLCAPPDELTA20;38047.1;2711432.72;13.97053635;0.957642765;2050.39;3;Rand;2.0;10000;2.0;21
blobs;PELLCAPPDELTA20;37176.77;3742934.78;15.26491168;0.945065805;2568.09;4;Rand;2.0;10000;2.0;21
blobs;PELLCAPPDELTA20;33912.18;4872863.955;15.79030043;0.993552599;2876.78;5;Rand;2.0;10000;2.0;21
blobs;PELLCAPPDELTA20;46094.955;6897811.03;17.81694803;1.007778382;3314.895;6;Rand;2.0;10000;2.0;21
blobs;PELLCAPPDELTA20;50906.38;12523173.19;17.67018332;1.011019459;4414.54;7;Rand;2.0;10000;2.0;21
blobs;PELLCAPPDELTA20;42596.2;17433799.11;17.13500236;0.934787871;5258.655;8;Rand;2.0;10000;2.0;21
blobs;PELLCAPPDELTA20;56355.75;28924065.26;17.55541783;0.976721754;6644.33;9;Rand;2.0;10000;2.0;21
blobs;PELLCAPPDELTA20;56913.67;44288799.06;18.29525064;1.011013014;8181.165;10;Rand;2.0;10000;2.0;21
blobs;CAPPDELTA05;94992.07;26412576.13;12.902971;0.995035647;8226.45;2;Rand;0.5;10000;2.0;21
blobs;CAPPDELTA05;80505.67;74689154.66;14.54300598;0.996907122;13011.945;3;Rand;0.5;10000;2.0;21
blobs;CAPPDELTA05;153781.59;111095432.7;16.02213795;0.991538394;16352.275;4;Rand;0.5;10000;2.0;21
blobs;CAPPDELTA05;191312.735;136777799.0;15.99588625;1.006473456;19664.0;5;Rand;0.5;10000;2.0;21
blobs;CAPPDELTA05;256495.865;164389877.8;17.5202813;0.990740316;24047.79;6;Rand;0.5;10000;2.0;21
blobs;CAPPDELTA05;253051.54;189118340.9;17.30679963;0.990132281;27593.29;7;Rand;0.5;10000;2.0;21
blobs;CAPPDELTA05;414451.39;211962026.4;18.48822532;1.008624928;30423.295;8;Rand;0.5;10000;2.0;21
blobs;CAPPDELTA05;360283.23;223147966.5;17.98962597;1.000471733;31686.94;9;Rand;0.5;10000;2.0;21
blobs;CAPPDELTA05;437613.45;230427068.9;18.02831925;0.99617349;32438.515;10;Rand;0.5;10000;2.0;21
blobs;CAPPDELTA10;88298.985;7896233.08;12.8921556;0.994109998;4472.96;2;Rand;1.0;10000;2.0;21
blobs;CAPPDELTA10;44112.32;17663991.01;14.46625494;0.991637746;5918.895;3;Rand;1.0;10000;2.0;21
blobs;CAPPDELTA10;80737.64;41534662.54;16.21285878;1.003455598;8583.675;4;Rand;1.0;10000;2.0;21
blobs;CAPPDELTA10;64522.85;74172223.11;15.78860107;0.993368265;11089.1;5;Rand;1.0;10000;2.0;21
blobs;CAPPDELTA10;80212.625;96892073.42;17.73408603;1.002478715;12661.44;6;Rand;1.0;10000;2.0;21
blobs;CAPPDELTA10;75718.245;109313801.6;17.42223696;0.996730025;13476.505;7;Rand;1.0;10000;2.0;21
blobs;CAPPDELTA10;133436.905;124898642.1;18.30177699;0.99845068;14596.03;8;Rand;1.0;10000;2.0;21
blobs;CAPPDELTA10;163775.705;139718871.6;18.07986138;1.005632671;15875.22;9;Rand;1.0;10000;2.0;21
blobs;CAPPDELTA10;250421.79;155393435.7;18.09442766;0.999917508;17286.28;10;Rand;1.0;10000;2.0;21
blobs;CAPPDELTA15;74098.08;3349736.635;13.03839985;1.005246495;3059.645;2;Rand;1.5;10000;2.0;21
blobs;CAPPDELTA15;36108.34;5526662.495;14.33329393;0.982537198;3512.34;3;Rand;1.5;10000;2.0;21
blobs;CAPPDELTA15;51819.235;9898127.095;16.13412746;0.998624718;4444.855;4;Rand;1.5;10000;2.0;21
blobs;CAPPDELTA15;35924.185;19226764.19;15.97472244;1.005179866;5769.505;5;Rand;1.5;10000;2.0;21
blobs;CAPPDELTA15;42315.855;35722572.1;17.73099054;1.002865861;7687.38;6;Rand;1.5;10000;2.0;21
blobs;CAPPDELTA15;34571.905;56113911.79;17.3276166;0.991382042;9444.25;7;Rand;1.5;10000;2.0;21
blobs;CAPPDELTA15;57502.255;79160808.09;18.30653313;0.998695873;11082.14;8;Rand;1.5;10000;2.0;21
blobs;CAPPDELTA15;58298.395;91831078.86;17.8619829;0.993504437;11906.235;9;Rand;1.5;10000;2.0;21
blobs;CAPPDELTA15;96749.93;101330853.2;18.15069584;1.002978876;12533.415;10;Rand;1.5;10000;2.0;21
blobs;CAPPDELTA20;69245.525;2336858.495;12.10333818;0.933009949;2415.82;2;Rand;2.0;10000;2.0;21
blobs;CAPPDELTA20;33123.385;2609626.04;13.97053635;0.957642765;2390.14;3;Rand;2.0;10000;2.0;21
blobs;CAPPDELTA20;42188.975;3659822.64;15.26491168;0.945065805;2851.385;4;Rand;2.0;10000;2.0;21
blobs;CAPPDELTA20;28179.365;4775469.52;15.79030043;0.993552599;3006.305;5;Rand;2.0;10000;2.0;21
blobs;CAPPDELTA20;29688.16;6653123.48;17.81694803;1.007778382;3454.965;6;Rand;2.0;10000;2.0;21
blobs;CAPPDELTA20;24535.96;11989189.48;17.67018332;1.011019459;4455.63;7;Rand;2.0;10000;2.0;21
blobs;CAPPDELTA20;30866.395;17127703.75;17.13500236;0.934787871;5222.065;8;Rand;2.0;10000;2.0;21
blobs;CAPPDELTA20;29843.05;28318359.51;17.55541783;0.976721754;6605.115;9;Rand;2.0;10000;2.0;21
blobs;CAPPDELTA20;40119.225;43501344.04;18.29525064;1.011013014;8154.915;10;Rand;2.0;10000;2.0;21
blobs;CHEN;12884.93;71630577534.0;14.2812534;1.0;20000.0;5;Rand;0.0;20000;2.0;21
blobs;CHEN;12561.13;71021512301.0;17.03229348;1.0;20000.0;10;Rand;0.0;20000;2.0;21
blobs;CHEN;7781.485;84643935082.0;19.02631268;1.0;20000.0;15;Rand;0.0;20000;2.0;21
blobs;CHEN;9387.565;71531537526.0;21.28006928;1.0;20000.0;20;Rand;0.0;20000;2.0;21
blobs;CHEN;9134.38;74443954194.0;22.08578023;1.0;20000.0;25;Rand;0.0;20000;2.0;21
blobs;CHEN;11048.925;73563982131.0;23.37178023;1.0;20000.0;30;Rand;0.0;20000;2.0;21
blobs;CHEN;11413.165;74345227311.0;24.86477979;1.0;20000.0;35;Rand;0.0;20000;2.0;21
blobs;CHEN;10557.92;77462656113.0;25.97733079;1.0;20000.0;40;Rand;0.0;20000;2.0;21
blobs;CHEN;10188.145;79831914818.0;28.3742836;1.0;20000.0;45;Rand;0.0;20000;2.0;21
blobs;CHEN;12915.15;83396149644.0;27.81999918;1.0;20000.0;50;Rand;0.0;20000;2.0;21
blobs;PELLCAPP_CHEN;5693667.615;67622939535.0;14.2812534;1.0;122241.09;5;Rand;;20000;2.0;21
blobs;PELLCAPP_CHEN;7460961.0;68232707252.0;17.03229348;1.0;146835.0;10;Rand;;20000;2.0;21
blobs;PELLCAPP_CHEN;9620260.545;69869287155.0;19.02631268;1.0;127687.395;15;Rand;;20000;2.0;21
blobs;PELLCAPP_CHEN;7261762.325;69958658925.0;21.28006928;1.0;126651.68;20;Rand;;20000;2.0;21
blobs;PELLCAPP_CHEN;7598261.07;70702863055.0;22.08578023;1.0;128189.66;25;Rand;;20000;2.0;21
blobs;PELLCAPP_CHEN;7713443.965;71778598919.0;23.37178023;1.0;134568.705;30;Rand;;20000;2.0;21
blobs;PELLCAPP_CHEN;8113362.16;73147967939.0;24.86477979;1.0;141610.915;35;Rand;;20000;2.0;21
blobs;PELLCAPP_CHEN;9500455.41;75566601801.0;25.97733079;1.0;144426.765;40;Rand;;20000;2.0;21
blobs;PELLCAPP_CHEN;11046471.79;76261550650.0;28.3742836;1.0;147416.53;45;Rand;;20000;2.0;21
blobs;PELLCAPP_CHEN;12582515.32;80292031474.0;27.81999918;1.0;151505.36;50;Rand;;20000;2.0;21
blobs;PELLCAPPDELTA05_CHEN;921715.5;65066576279.0;12.89928743;0.905023815;32715.4;5;Rand;0.5;20000;2.0;21
blobs;PELLCAPPDELTA05_CHEN;2996706.825;68176377960.0;17.05073741;1.001125955;62273.155;10;Rand;0.5;20000;2.0;21
blobs;PELLCAPPDELTA05_CHEN;2169362.38;69228274600.0;17.63114768;0.929017973;38429.145;15;Rand;0.5;20000;2.0;21
blobs;PELLCAPPDELTA05_CHEN;2806059.36;70290620241.0;19.133014;0.901082098;41717.85;20;Rand;0.5;20000;2.0;21
blobs;PELLCAPPDELTA05_CHEN;3075898.31;70699560304.0;22.09079219;1.000270604;43095.11;25;Rand;0.5;20000;2.0;21
blobs;PELLCAPPDELTA05_CHEN;3191044.07;71732552943.0;23.37178023;1.0;42597.3;30;Rand;0.5;20000;2.0;21
blobs;PELLCAPPDELTA05_CHEN;3340239.24;73000364695.0;24.86477979;1.0;43607.16;35;Rand;0.5;20000;2.0;21
blobs;PELLCAPPDELTA05_CHEN;4035850.695;75351048383.0;25.97733079;1.0;45258.64;40;Rand;0.5;20000;2.0;21
blobs;PELLCAPPDELTA05_CHEN;4919719.01;76065321532.0;28.3742836;1.0;49023.695;45;Rand;0.5;20000;2.0;21
blobs;PELLCAPPDELTA05_CHEN;5338628.435;80165249767.0;27.81999918;1.0;54923.89;50;Rand;0.5;20000;2.0;21
blobs;PELLCAPPDELTA10_CHEN;243309.12;30351300663.0;13.93206495;0.978109671;16347.585;5;Rand;1.0;20000;2.0;21
blobs;PELLCAPPDELTA10_CHEN;1317213.04;67881213729.0;15.71866772;0.923855264;30685.225;10;Rand;1.0;20000;2.0;21
blobs;PELLCAPPDELTA10_CHEN;807922.955;921695514.2;18.86423656;0.994312783;12727.86;15;Rand;1.0;20000;2.0;21
blobs;PELLCAPPDELTA10_CHEN;429011.285;7734865072.0;21.15009825;0.995647148;12192.565;20;Rand;1.0;20000;2.0;21
blobs;PELLCAPPDELTA10_CHEN;378449.16;49900233010.0;22.08541076;1.000572904;20984.21;25;Rand;1.0;20000;2.0;21
blobs;PELLCAPPDELTA10_CHEN;572826.71;65376857408.0;22.97370387;0.98352277;23628.77;30;Rand;1.0;20000;2.0;21
blobs;PELLCAPPDELTA10_CHEN;1107102.825;70718314095.0;23.38033803;0.940884431;26731.715;35;Rand;1.0;20000;2.0;21
blobs;PELLCAPPDELTA10_CHEN;2128351.99;74273998903.0;25.54368795;0.983361675;31437.405;40;Rand;1.0;20000;2.0;21
blobs;PELLCAPPDELTA10_CHEN;3923262.975;76651194521.0;26.78523042;0.945741456;36632.63;45;Rand;1.0;20000;2.0;21
blobs;PELLCAPPDELTA10_CHEN;5001665.32;79786806423.0;27.41958152;0.985994447;39864.52;50;Rand;1.0;20000;2.0;21
blobs;PELLCAPPDELTA15_CHEN;124019.155;3784290505.0;14.41550782;1.01191101;6833.11;5;Rand;1.5;20000;2.0;21
blobs;PELLCAPPDELTA15_CHEN;398733.47;59627586794.0;16.02656101;0.94210944;22476.11;10;Rand;1.5;20000;2.0;21
blobs;PELLCAPPDELTA15_CHEN;346982.095;35313548.54;19.49548881;1.027649489;8008.555;15;Rand;1.5;20000;2.0;21
blobs;PELLCAPPDELTA15_CHEN;318351.335;47069651.99;21.49506315;1.01235674;4923.64;20;Rand;1.5;20000;2.0;21
blobs;PELLCAPPDELTA15_CHEN;197909.68;58422564.94;22.50407098;1.019700846;3272.075;25;Rand;1.5;20000;2.0;21
blobs;PELLCAPPDELTA15_CHEN;112143.925;128872971.6;23.70304833;1.014557294;2596.3;30;Rand;1.5;20000;2.0;21
blobs;PELLCAPPDELTA15_CHEN;118144.2;548389327.3;24.62911705;0.991315352;3604.16;35;Rand;1.5;20000;2.0;21
blobs;PELLCAPPDELTA15_CHEN;134384.385;1990735900.0;26.4862413;1.02051721;5255.64;40;Rand;1.5;20000;2.0;21
blobs;PELLCAPPDELTA15_CHEN;222267.4;8765778342.0;27.37578893;0.966659079;9020.695;45;Rand;1.5;20000;2.0;21
blobs;PELLCAPPDELTA15_CHEN;320175.435;30023959144.0;27.58400738;0.992402405;14920.89;50;Rand;1.5;20000;2.0;21
blobs;PELLCAPPDELTA20_CHEN;83737.275;460334559.2;14.72730448;1.033869232;3212.57;5;Rand;2.0;20000;2.0;21
blobs;PELLCAPPDELTA20_CHEN;168305.535;11906362984.0;16.56929852;0.973719845;10738.195;10;Rand;2.0;20000;2.0;21
blobs;PELLCAPPDELTA20_CHEN;135043.56;35294606.31;19.49548881;1.027649489;6575.795;15;Rand;2.0;20000;2.0;21
blobs;PELLCAPPDELTA20_CHEN;197055.17;37686570.08;21.49506315;1.01235674;4128.225;20;Rand;2.0;20000;2.0;21
blobs;PELLCAPPDELTA20_CHEN;138554.91;41191643.24;22.49829665;1.019456444;2833.625;25;Rand;2.0;20000;2.0;21
blobs;PELLCAPPDELTA20_CHEN;81416.63;43947970.08;23.34832659;0.999405474;1812.575;30;Rand;2.0;20000;2.0;21
blobs;PELLCAPPDELTA20_CHEN;78794.26;45066675.35;23.89228159;0.961569057;1855.58;35;Rand;2.0;20000;2.0;21
blobs;PELLCAPPDELTA20_CHEN;82048.16;54547823.33;27.18228091;1.047641074;1908.4;40;Rand;2.0;20000;2.0;21
blobs;PELLCAPPDELTA20_CHEN;92032.275;53255818.88;26.57335164;0.938519444;1941.09;45;Rand;2.0;20000;2.0;21
blobs;PELLCAPPDELTA20_CHEN;99255.445;62416826.07;27.18798151;0.978174101;2104.925;50;Rand;2.0;20000;2.0;21
covtype;CHEN;9870.76;19866749295.0;1815.24551;1.01393379;10000.0;54;Rand;0.0;10000;2.0;14
covtype;CHEN;11195.08;92794133140.0;1822.930567;1.00145563;20000.0;54;Rand;0.0;20000;2.0;14
covtype;CHEN;11859.755;432491000000.0;1830.100037;1.00113194;30000.0;54;Rand;0.0;30000;2.0;14
covtype;JONES;4367.64;164958297.6;1790.299854;1.0;10000.0;54;Rand;0.0;10000;2.0;14
covtype;JONES;5739.285;992204133.2;1820.280919;1.0;20000.0;54;Rand;0.0;20000;2.0;14
covtype;JONES;12598.275;2939986823.0;1828.030823;1.0;30000.0;54;Rand;0.0;30000;2.0;14
covtype;JONES;14280.935;6013725733.0;1831.236143;1.0;40000.0;54;Rand;0.0;40000;2.0;14
covtype;JONES;12968.16;8937517370.0;1839.729399;1.0;50000.0;54;Rand;0.0;50000;2.0;14
covtype;JONES;14065.85;9898415851.0;1839.773237;1.0;60000.0;54;Rand;0.0;60000;2.0;14
covtype;JONES;14167.71;12326131598.0;1844.08216;1.0;70000.0;54;Rand;0.0;70000;2.0;14
covtype;JONES;14430.74;16619841519.0;1848.175857;1.0;80000.0;54;Rand;0.0;80000;2.0;14
covtype;JONES;13743.76;28056887045.0;1849.716434;1.0;90000.0;54;Rand;0.0;90000;2.0;14
covtype;JONES;11573.93;31861595001.0;1851.311953;1.0;100000.0;54;Rand;0.0;100000;2.0;14
covtype;JONES;11554.255;160117000000.0;1859.407085;1.0;200000.0;54;Rand;0.0;200000;2.0;14
covtype;PELLCAPPDELTA05;100532.185;14223804.26;1817.905933;1.017161674;5751.845;54;Rand;0.5;10000;2.0;14
covtype;PELLCAPPDELTA05;97184.185;17753255.86;1828.526353;1.006895327;5551.435;54;Rand;0.5;20000;2.0;14
covtype;PELLCAPPDELTA05;180300.825;19576229.12;1799.691194;0.986540582;5659.1;54;Rand;0.5;30000;2.0;14
covtype;PELLCAPPDELTA05;172408.045;20778083.25;1790.082187;0.97975012;5589.175;54;Rand;0.5;40000;2.0;14
covtype;PELLCAPPDELTA05;148828.81;21220467.83;1806.311075;0.983912617;5121.84;54;Rand;0.5;50000;2.0;14
covtype;PELLCAPPDELTA05;217921.625;21736624.48;1835.77466;0.999921197;6744.785;54;Rand;0.5;60000;2.0;14
covtype;PELLCAPPDELTA05;241563.02;22289876.48;1879.830743;1.021628829;6391.675;54;Rand;0.5;70000;2.0;14
covtype;PELLCAPPDELTA05;319345.33;23013822.19;1768.04282;0.958722706;7271.16;54;Rand;0.5;80000;2.0;14
covtype;PELLCAPPDELTA05;251078.99;23616720.34;1892.017277;1.024964099;6115.24;54;Rand;0.5;90000;2.0;14
covtype;PELLCAPPDELTA05;221948.56;24072387.88;1810.810489;0.980136145;5703.795;54;Rand;0.5;100000;2.0;14
covtype;PELLCAPPDELTA05;328855.81;25968537.55;1902.0625;1.025378505;6288.855;54;Rand;0.5;200000;2.0;14
covtype;PELLCAPPDELTA05;612428.91;28004358.03;1757.489891;1.0;7697.975;54;Rand;0.5;500000;2.0;14
covtype;CAPPDELTA05;256260.0352;15383077.94;1817.858634;1.017161674;5879.326633;54;Rand;0.5;10000;2.0;14
covtype;CAPPDELTA05;179875.7487;18747138.49;1828.772036;1.006895327;5678.447236;54;Rand;0.5;20000;2.0;14
covtype;CAPPDELTA05;195857.3166;20493571.85;1799.739372;0.986540582;5783.145729;54;Rand;0.5;30000;2.0;14
covtype;CAPPDELTA05;196538.1407;21688973.32;1790.092585;0.97975012;5710.738693;54;Rand;0.5;40000;2.0;14
covtype;CAPPDELTA05;180965.392;21770602.36;1806.572372;0.983912617;5241.879397;54;Rand;0.5;50000;2.0;14
covtype;CAPPDELTA05;330811.3417;22594568.05;1835.702549;0.999921197;6863.567839;54;Rand;0.5;60000;2.0;14
covtype;CAPPDELTA05;313027.7739;22826082.05;1879.727265;1.021628829;6523.080402;54;Rand;0.5;70000;2.0;14
covtype;CAPPDELTA05;385826.7186;23396897.1;1767.809241;0.958722706;7397.924623;54;Rand;0.5;80000;2.0;14
covtype;CAPPDELTA05;243111.8744;24062391.1;1891.909202;1.024964099;6233.165829;54;Rand;0.5;90000;2.0;14
covtype;CAPPDELTA05;245399.6985;24436590.63;1810.822747;0.980136145;5822.246231;54;Rand;0.5;100000;2.0;14
covtype;CAPPDELTA05;308489.7688;26954565.1;1901.424662;1.025378505;6419.477387;54;Rand;0.5;200000;2.0;14
covtype;CAPPDELTA05;608526.1658;29222204.94;1757.22787;1.0;7819.959799;54;Rand;0.5;500000;2.0;14
higgs;CHEN;5344.615;15857026663.0;6.912918993;1.087862;10000.0;7;Rand;0.0;10000;2.0;4
higgs;CHEN;5073.58;66665671038.0;6.581226682;0.960798426;20000.0;7;Rand;0.0;20000;2.0;4
higgs;CHEN;5143.455;164618000000.0;6.634092443;0.952236203;30000.0;7;Rand;0.0;30000;2.0;4
higgs;JONES;3213.35;133544295.2;6.354591869;1.0;10000.0;7;Rand;0.0;10000;2.0;4
higgs;JONES;3550.515;687362812.7;6.849747569;1.0;20000.0;7;Rand;0.0;20000;2.0;4
higgs;JONES;3536.94;1002886552.0;6.966855932;1.0;30000.0;7;Rand;0.0;30000;2.0;4
higgs;JONES;2660.85;2675340337.0;6.967520358;1.0;40000.0;7;Rand;0.0;40000;2.0;4
higgs;JONES;4143.755;3706263574.0;7.843581767;1.0;50000.0;7;Rand;0.0;50000;2.0;4
higgs;JONES;3690.675;5690293960.0;9.03687573;1.0;60000.0;7;Rand;0.0;60000;2.0;4
higgs;JONES;3598.07;7349411782.0;8.991403615;1.0;70000.0;7;Rand;0.0;70000;2.0;4
higgs;JONES;4930.79;10006259921.0;8.988319006;1.0;80000.0;7;Rand;0.0;80000;2.0;4
higgs;JONES;6326.555;13792480500.0;8.987048099;1.0;90000.0;7;Rand;0.0;90000;2.0;4
higgs;JONES;6675.85;20795191416.0;8.987048099;1.0;100000.0;7;Rand;0.0;100000;2.0;4
higgs;JONES;7522.405;159978000000.0;9.182778777;1.0;200000.0;7;Rand;0.0;200000;2.0;4
higgs;PELLCAPPDELTA05;22682.745;120053.685;5.797079552;0.912840517;1553.265;7;Rand;0.5;10000;2.0;4
higgs;PELLCAPPDELTA05;34614.965;144767.865;5.995818114;0.878032503;1961.265;7;Rand;0.5;20000;2.0;4
higgs;PELLCAPPDELTA05;32935.565;147397.46;6.35688361;0.914159805;2676.845;7;Rand;0.5;30000;2.0;4
higgs;PELLCAPPDELTA05;38470.695;147280.885;6.176539628;0.888245637;2888.315;7;Rand;0.5;40000;2.0;4
higgs;PELLCAPPDELTA05;40171.26;146710.03;7.292808235;0.932709975;3243.775;7;Rand;0.5;50000;2.0;4
higgs;PELLCAPPDELTA05;38092.23;172494.415;7.608928005;0.843916157;1902.96;7;Rand;0.5;60000;2.0;4
higgs;PELLCAPPDELTA05;77687.63;170421.55;8.838728451;0.983628626;1876.085;7;Rand;0.5;70000;2.0;4
higgs;PELLCAPPDELTA05;55791.67;196686.125;8.464940711;0.942303227;2526.005;7;Rand;0.5;80000;2.0;4
higgs;PELLCAPPDELTA05;58993.51;200574.515;8.74148291;0.973347284;2868.295;7;Rand;0.5;90000;2.0;4
higgs;PELLCAPPDELTA05;68087.485;225989.11;8.441911263;0.940020999;2976.63;7;Rand;0.5;100000;2.0;4
higgs;PELLCAPPDELTA05;100846.055;256960.895;7.967003912;0.869038755;3025.74;7;Rand;0.5;200000;2.0;4
higgs;PELLCAPPDELTA05;98506.395;390453.795;10.74865336;1.0;1511.04;7;Rand;0.5;500000;2.0;4
higgs;CAPPDELTA05;39493.69;131927.03;5.797079552;0.912840517;1556.49;7;Rand;0.5;10000;2.0;4
higgs;CAPPDELTA05;67956.775;149471.0;5.995818114;0.878032503;1956.17;7;Rand;0.5;20000;2.0;4
higgs;CAPPDELTA05;52239.775;155691.675;6.35688361;0.914159805;2670.375;7;Rand;0.5;30000;2.0;4
higgs;CAPPDELTA05;162073.015;170807.59;6.176539628;0.888245637;2882.395;7;Rand;0.5;40000;2.0;4
higgs;CAPPDELTA05;82314.66;167373.62;7.292808235;0.932709975;3237.935;7;Rand;0.5;50000;2.0;4
higgs;CAPPDELTA05;52006.005;186692.015;7.608928005;0.843916157;1897.64;7;Rand;0.5;60000;2.0;4
higgs;CAPPDELTA05;86596.265;196038.595;8.838728451;0.983628626;1866.265;7;Rand;0.5;70000;2.0;4
higgs;CAPPDELTA05;150574.155;219089.775;8.464940711;0.942303227;2514.095;7;Rand;0.5;80000;2.0;4
higgs;CAPPDELTA05;79695.155;185687.985;8.74148291;0.973347284;2855.73;7;Rand;0.5;90000;2.0;4
higgs;CAPPDELTA05;101827.32;202962.92;8.441911263;0.940020999;2964.565;7;Rand;0.5;100000;2.0;4
higgs;CAPPDELTA05;106193.24;280583.69;7.967003912;0.869038755;3014.885;7;Rand;0.5;200000;2.0;4
higgs;CAPPDELTA05;85027.805;417116.73;10.74865336;1.0;1501.2;7;Rand;0.5;500000;2.0;4
phones;CHEN;10499.46;15689677286.0;9.404855031;1.01172743;10000.0;3;Rand;0.0;10000;2.0;14
phones;CHEN;5340.165;71361962424.0;10.49098539;0.990300289;20000.0;3;Rand;0.0;20000;2.0;14
phones;CHEN;5191.395;160358000000.0;10.7276921;0.990236719;30000.0;3;Rand;0.0;30000;2.0;14
phones;JONES;4992.875;191959732.4;9.295838771;1.0;10000.0;3;Rand;0.0;10000;2.0;14
phones;JONES;4245.31;845915025.5;10.59374162;1.0;20000.0;3;Rand;0.0;20000;2.0;14
phones;JONES;4230.765;1543157487.0;10.83346224;1.0;30000.0;3;Rand;0.0;30000;2.0;14
phones;JONES;3425.61;2779180330.0;11.51215115;1.0;40000.0;3;Rand;0.0;40000;2.0;14
phones;JONES;4700.795;4963286766.0;11.54878009;1.0;50000.0;3;Rand;0.0;50000;2.0;14
phones;JONES;4609.08;6224438733.0;11.38351914;1.0;60000.0;3;Rand;0.0;60000;2.0;14
phones;JONES;4045.33;8654098787.0;13.30057682;1.0;70000.0;3;Rand;0.0;70000;2.0;14
phones;JONES;5798.78;11700402056.0;12.95442194;1.0;80000.0;3;Rand;0.0;80000;2.0;14
phones;JONES;4631.205;20048928479.0;12.18725753;1.0;90000.0;3;Rand;0.0;90000;2.0;14
phones;JONES;5298.605;25562465695.0;12.63129957;1.0;100000.0;3;Rand;0.0;100000;2.0;14
phones;JONES;11738.015;110000000000.0;14.35854938;1.0;200000.0;3;Rand;0.0;200000;2.0;14
phones;PELLCAPPDELTA05;65967.41;3148764.135;9.207416942;0.994795408;3153.2;3;Rand;0.5;10000;2.0;14
phones;PELLCAPPDELTA05;43699.25;3699984.56;10.44608303;0.991283571;5677.315;3;Rand;0.5;20000;2.0;14
phones;PELLCAPPDELTA05;42040.475;4636067.145;10.84259037;1.005973597;4577.14;3;Rand;0.5;30000;2.0;14
phones;PELLCAPPDELTA05;41212.545;5166091.255;11.83518191;1.031018592;5648.1;3;Rand;0.5;40000;2.0;14
phones;PELLCAPPDELTA05;51522.375;5800292.205;11.45253643;0.995082749;5805.05;3;Rand;0.5;50000;2.0;14
phones;PELLCAPPDELTA05;54988.82;6576119.02;11.33171142;0.99857476;5187.065;3;Rand;0.5;60000;2.0;14
phones;PELLCAPPDELTA05;45530.44;6927583.2;12.49506985;0.948296552;4664.335;3;Rand;0.5;70000;2.0;14
phones;PELLCAPPDELTA05;63629.62;7558125.97;13.16096699;1.02614871;5814.795;3;Rand;0.5;80000;2.0;14
phones;PELLCAPPDELTA05;81672.645;8034269.415;12.47291828;1.032260874;5552.01;3;Rand;0.5;90000;2.0;14
phones;PELLCAPPDELTA05;122378.075;8607508.79;11.72000011;0.939214205;6316.335;3;Rand;0.5;100000;2.0;14
phones;PELLCAPPDELTA05;118614.73;11657042.75;15.31171471;1.073673106;6649.435;3;Rand;0.5;200000;2.0;14
phones;PELLCAPPDELTA05;324544.345;19612302.46;15.20991829;1.0;7963.84;3;Rand;0.5;500000;2.0;14
phones;CAPPDELTA05;136191.865;4439496.8;9.207416942;0.994795408;3465.815;3;Rand;0.5;10000;2.0;14
phones;CAPPDELTA05;75897.46;4024136.655;10.44608303;0.991283571;5996.745;3;Rand;0.5;20000;2.0;14
phones;CAPPDELTA05;198637.305;5056141.915;10.84259037;1.005973597;4904.035;3;Rand;0.5;30000;2.0;14
phones;CAPPDELTA05;290880.27;5930521.78;11.83518191;1.031018592;5971.82;3;Rand;0.5;40000;2.0;14
phones;CAPPDELTA05;193545.045;6378401.145;11.45253643;0.995082749;6130.385;3;Rand;0.5;50000;2.0;14
phones;CAPPDELTA05;178081.82;7111435.2;11.33171142;0.99857476;5505.25;3;Rand;0.5;60000;2.0;14
phones;CAPPDELTA05;152339.66;7608596.52;12.49506985;0.948296552;4985.745;3;Rand;0.5;70000;2.0;14
phones;CAPPDELTA05;131926.47;8217994.025;13.16096699;1.02614871;6138.365;3;Rand;0.5;80000;2.0;14
phones;CAPPDELTA05;201967.395;8836066.52;12.47291828;1.032260874;5885.81;3;Rand;0.5;90000;2.0;14
phones;CAPPDELTA05;252653.085;9471466.13;11.72000011;0.939214205;6649.835;3;Rand;0.5;100000;2.0;14
phones;CAPPDELTA05;194296.485;12438938.41;15.31171471;1.073673106;6967.875;3;Rand;0.5;200000;2.0;14
phones;CAPPDELTA05;258518.31;18908839.75;15.20991829;1.0;8275.495;3;Rand;0.5;500000;2.0;14
covtype;CHEN;8667.64;21509266192.0;1815.24551;1.0;10000.0;54;Rand;0.0;10000;0.5;14
covtype;CHEN;7112.875;20288640639.0;1815.24551;1.0;10000.0;54;Rand;0.0;10000;1.0;14
covtype;CHEN;6615.67;19889230621.0;1815.24551;1.0;10000.0;54;Rand;0.0;10000;1.5;14
covtype;CHEN;9870.76;19866749295.0;1815.24551;1.0;10000.0;54;Rand;0.0;10000;2.0;14
covtype;CHEN;6748.695;20117667629.0;1815.24551;1.0;10000.0;54;Rand;0.0;10000;2.5;14
covtype;CHEN;6546.735;19786457478.0;1815.24551;1.0;10000.0;54;Rand;0.0;10000;3.0;14
covtype;CHEN;6871.31;19779826012.0;1815.24551;1.0;10000.0;54;Rand;0.0;10000;3.5;14
covtype;CHEN;4998.63;19565898432.0;1815.24551;1.0;10000.0;54;Rand;0.0;10000;4.0;14
covtype;CHEN;6088.535;19969692208.0;1815.24551;1.0;10000.0;54;Rand;0.0;10000;5.0;14
covtype;CHEN;6475.125;19498337951.0;1815.24551;1.0;10000.0;54;Rand;0.0;10000;10.0;14
covtype;CHEN;5382.355;19706905060.0;1815.24551;1.0;10000.0;54;Rand;0.0;10000;15.0;14
covtype;CHEN;6197.495;18809061612.0;1815.24551;1.0;10000.0;54;Rand;0.0;10000;20.0;14
covtype;CHEN;8283.44;19410716779.0;1815.24551;1.0;10000.0;54;Rand;0.0;10000;30.0;14
covtype;CHEN;5990.335;19166846421.0;1815.24551;1.0;10000.0;54;Rand;0.0;10000;40.0;14
covtype;CHEN;5628.625;19134440081.0;1815.24551;1.0;10000.0;54;Rand;0.0;10000;50.0;14
covtype;CHEN;6165.43;18976119662.0;1815.24551;1.0;10000.0;54;Rand;0.0;10000;70.0;14
covtype;CHEN;5521.76;19122890223.0;1815.24551;1.0;10000.0;54;Rand;0.0;10000;100.0;14
covtype;CHEN;5639.73;18174317639.0;1815.24551;1.0;10000.0;54;Rand;0.0;10000;200.0;14
covtype;CHEN;5573.685;18327758620.0;1815.24551;1.0;10000.0;54;Rand;0.0;10000;500.0;14
covtype;CHEN;9031.785;19241359021.0;1815.24551;1.0;10000.0;54;Rand;0.0;10000;1000.0;14
covtype;PELLCAPP_CHEN;7179361.47;19849023584.0;1833.145418;1.013094921;102252.595;54;Rand;;10000;0.5;14
covtype;PELLCAPP_CHEN;5436616.88;19227159465.0;1821.032997;1.00492705;70998.425;54;Rand;;10000;1.0;14
covtype;PELLCAPP_CHEN;3686119.78;19131302191.0;1824.934811;1.006965534;52451.29;54;Rand;;10000;1.5;14
covtype;PELLCAPP_CHEN;3895869.105;19118642516.0;1872.336237;1.034091275;44455.875;54;Rand;;10000;2.0;14
covtype;PELLCAPP_CHEN;3505392.925;18956802765.0;1821.306497;1.005083721;43700.065;54;Rand;;10000;2.5;14
covtype;PELLCAPP_CHEN;3894766.075;19051527381.0;1815.24551;1.0;50903.415;54;Rand;;10000;3.0;14
covtype;PELLCAPP_CHEN;2965138.51;19096788910.0;1815.616735;1.000223245;40646.25;54;Rand;;10000;3.5;14
covtype;PELLCAPP_CHEN;1958805.655;19161573116.0;1824.934811;1.006965534;34311.045;54;Rand;;10000;4.0;14
covtype;PELLCAPP_CHEN;2522819.98;19278920995.0;1815.24551;1.0;42719.025;54;Rand;;10000;5.0;14
covtype;PELLCAPP_CHEN;2372879.635;19151828043.0;1815.24551;1.0;39606.8;54;Rand;;10000;10.0;14
covtype;PELLCAPP_CHEN;1494535.85;19038378622.0;1815.24551;1.0;31018.61;54;Rand;;10000;15.0;14
covtype;PELLCAPP_CHEN;1252812.18;18296243663.0;1816.047827;1.000513412;22631.43;54;Rand;;10000;20.0;14
covtype;PELLCAPP_CHEN;2221573.18;18800611799.0;1815.24551;1.0;39654.48;54;Rand;;10000;30.0;14
covtype;PELLCAPP_CHEN;2391527.625;18564829724.0;1815.24551;1.0;37786.865;54;Rand;;10000;40.0;14
covtype;PELLCAPP_CHEN;2747853.195;18582416845.0;1815.24551;1.0;34624.23;54;Rand;;10000;50.0;14
covtype;PELLCAPP_CHEN;1575767.57;18603327664.0;1815.24551;1.0;28927.815;54;Rand;;10000;70.0;14
covtype;PELLCAPP_CHEN;2075833.75;18397254911.0;1815.24551;1.0;22102.92;54;Rand;;10000;100.0;14
covtype;PELLCAPP_CHEN;1560916.025;18039910887.0;1815.24551;1.0;20260.46;54;Rand;;10000;200.0;14
covtype;PELLCAPP_CHEN;1877732.085;18162051896.0;1821.032997;1.00492705;20246.75;54;Rand;;10000;500.0;14
covtype;PELLCAPP_CHEN;3063363.985;18667476071.0;1815.24551;1.0;39384.245;54;Rand;;10000;1000.0;14
covtype;PELLCAPPDELTA05_CHEN;1025200.535;15403613727.0;1848.751609;1.022814797;24632.95;54;Rand;0.5;10000;0.5;14
covtype;PELLCAPPDELTA05_CHEN;800147.265;14659120320.0;1882.17392;1.04112992;16032.04;54;Rand;0.5;10000;1.0;14
covtype;PELLCAPPDELTA05_CHEN;329740.41;7039991611.0;1872.115689;1.035731527;8522.735;54;Rand;0.5;10000;1.5;14
covtype;PELLCAPPDELTA05_CHEN;393114.165;1369606475.0;1786.241817;0.987750721;5751.845;54;Rand;0.5;10000;2.0;14
covtype;PELLCAPPDELTA05_CHEN;201990.755;3271103624.0;1849.778775;1.023775442;5328.535;54;Rand;0.5;10000;2.5;14
covtype;PELLCAPPDELTA05_CHEN;674987.38;14500581286.0;1882.17392;1.04112992;11963.7;54;Rand;0.5;10000;3.0;14
covtype;PELLCAPPDELTA05_CHEN;154104.195;3194148679.0;1857.092553;1.027642517;5083.76;54;Rand;0.5;10000;3.5;14
covtype;PELLCAPPDELTA05_CHEN;111783.795;232694205.6;1803.194547;0.998114655;2012.645;54;Rand;0.5;10000;4.0;14
covtype;PELLCAPPDELTA05_CHEN;261726.965;10972004847.0;1838.104819;1.016528333;9213.025;54;Rand;0.5;10000;5.0;14
covtype;PELLCAPPDELTA05_CHEN;257586.78;10338360978.0;1910.73569;1.057273621;8756.22;54;Rand;0.5;10000;10.0;14
covtype;PELLCAPPDELTA05_CHEN;50667.54;84170038.79;1804.735106;0.998803218;919.95;54;Rand;0.5;10000;15.0;14
covtype;PELLCAPPDELTA05_CHEN;51230.1;4460169.19;1995.751979;1.103812182;426.34;54;Rand;0.5;10000;20.0;14
covtype;PELLCAPPDELTA05_CHEN;488519.005;14724150347.0;1845.546268;1.020997215;11647.485;54;Rand;0.5;10000;30.0;14
covtype;PELLCAPPDELTA05_CHEN;159662.84;4868741689.0;1770.551943;0.980612554;5905.185;54;Rand;0.5;10000;40.0;14
covtype;PELLCAPPDELTA05_CHEN;80526.64;614798758.1;1901.699696;1.052473069;2135.685;54;Rand;0.5;10000;50.0;14
covtype;PELLCAPPDELTA05_CHEN;43736.445;29120833.14;2003.613926;1.108758183;539.04;54;Rand;0.5;10000;70.0;14
covtype;PELLCAPPDELTA05_CHEN;44995.3;3980624.21;2136.691573;1.181910259;228.965;54;Rand;0.5;10000;100.0;14
covtype;PELLCAPPDELTA05_CHEN;46747.365;867683.14;3109.039918;1.72202624;184.075;54;Rand;0.5;10000;200.0;14
covtype;PELLCAPPDELTA05_CHEN;62498.6;860033.105;3109.039918;1.72202624;318.92;54;Rand;0.5;10000;500.0;14
covtype;PELLCAPPDELTA05_CHEN;581572.085;14381604157.0;1878.94838;1.039601948;11326.75;54;Rand;0.5;10000;1000.0;14
covtype;PELLCAPPDELTA10_CHEN;234672.85;2430509482.0;1854.145059;1.025346493;7539.47;54;Rand;1.0;10000;0.5;14
covtype;PELLCAPPDELTA10_CHEN;177197.18;2023682808.0;1869.99324;1.034640403;5084.985;54;Rand;1.0;10000;1.0;14
covtype;PELLCAPPDELTA10_CHEN;99977.37;284344008.4;1997.760311;1.104748813;2250.665;54;Rand;1.0;10000;1.5;14
covtype;PELLCAPPDELTA10_CHEN;163040.045;63300425.64;1836.448492;1.015566244;2530.545;54;Rand;1.0;10000;2.0;14
covtype;PELLCAPPDELTA10_CHEN;65634.215;132524851.5;1786.593339;0.989353302;1403.93;54;Rand;1.0;10000;2.5;14
covtype;PELLCAPPDELTA10_CHEN;123599.38;1998488347.0;1869.99324;1.034640403;4038.755;54;Rand;1.0;10000;3.0;14
covtype;PELLCAPPDELTA10_CHEN;57772.54;135727428.6;1742.703893;0.964478266;1304.165;54;Rand;1.0;10000;3.5;14
covtype;PELLCAPPDELTA10_CHEN;68086.52;14987315.46;1762.828019;0.975734404;929.335;54;Rand;1.0;10000;4.0;14
covtype;PELLCAPPDELTA10_CHEN;69760.86;654994521.2;1919.558265;1.061459537;2324.95;54;Rand;1.0;10000;5.0;14
covtype;PELLCAPPDELTA10_CHEN;60040.95;565248185.3;1816.117941;1.004851756;2098.255;54;Rand;1.0;10000;10.0;14
covtype;PELLCAPPDELTA10_CHEN;37888.14;7792860.91;1983.256169;1.096972175;412.165;54;Rand;1.0;10000;15.0;14
covtype;PELLCAPPDELTA10_CHEN;32630.99;1612550.39;2008.465092;1.112055877;353.265;54;Rand;1.0;10000;20.0;14
covtype;PELLCAPPDELTA10_CHEN;91904.95;2535931415.0;1825.73476;1.011003816;4276.7;54;Rand;1.0;10000;30.0;14
covtype;PELLCAPPDELTA10_CHEN;49020.765;172164510.7;1787.359735;0.989016535;1204.35;54;Rand;1.0;10000;40.0;14
covtype;PELLCAPPDELTA10_CHEN;43135.995;27014853.9;1897.287565;1.050560246;538.12;54;Rand;1.0;10000;50.0;14
covtype;PELLCAPPDELTA10_CHEN;24829.725;4352633.255;2131.374588;1.178987714;239.535;54;Rand;1.0;10000;70.0;14
covtype;PELLCAPPDELTA10_CHEN;24072.39;1511571.05;2173.439516;1.200135978;172.645;54;Rand;1.0;10000;100.0;14
covtype;PELLCAPPDELTA10_CHEN;28225.555;810012.37;3109.039918;1.72202624;184.075;54;Rand;1.0;10000;200.0;14
covtype;PELLCAPPDELTA10_CHEN;36147.615;810305.165;3109.039918;1.72202624;314.485;54;Rand;1.0;10000;500.0;14
covtype;PELLCAPPDELTA10_CHEN;108154.41;2148029687.0;1765.824012;0.978506812;3940.25;54;Rand;1.0;10000;1000.0;14
covtype;PELLCAPPDELTA15_CHEN;137700.285;327960611.7;2052.210923;1.134170526;3538.71;54;Rand;1.5;10000;0.5;14
covtype;PELLCAPPDELTA15_CHEN;107561.015;278993342.3;1834.524825;1.014613592;2234.83;54;Rand;1.5;10000;1.0;14
covtype;PELLCAPPDELTA15_CHEN;69166.97;47458296.6;1788.244341;0.989310774;1262.18;54;Rand;1.5;10000;1.5;14
covtype;PELLCAPPDELTA15_CHEN;98566.84;11647661.29;1793.084166;0.992080754;1818.485;54;Rand;1.5;10000;2.0;14
covtype;PELLCAPPDELTA15_CHEN;54109.94;24292239.18;1879.925378;1.039585923;827.685;54;Rand;1.5;10000;2.5;14
covtype;PELLCAPPDELTA15_CHEN;67780.67;275732874.0;1834.524825;1.014613592;1654.065;54;Rand;1.5;10000;3.0;14
covtype;PELLCAPPDELTA15_CHEN;49073.25;24369012.39;1822.983159;1.008016607;699.74;54;Rand;1.5;10000;3.5;14
covtype;PELLCAPPDELTA15_CHEN;45224.325;4459161.32;2076.728008;1.148936265;700.785;54;Rand;1.5;10000;4.0;14
covtype;PELLCAPPDELTA15_CHEN;51825.2;105048103.6;1776.341512;0.982849681;1047.995;54;Rand;1.5;10000;5.0;14
covtype;PELLCAPPDELTA15_CHEN;41596.82;90992206.23;1848.70828;1.022661799;941.18;54;Rand;1.5;10000;10.0;14
covtype;PELLCAPPDELTA15_CHEN;28928.74;3316635.625;1920.952296;1.0629226;287.24;54;Rand;1.5;10000;15.0;14
covtype;PELLCAPPDELTA15_CHEN;28351.615;810906.2;3109.039918;1.72202624;281.665;54;Rand;1.5;10000;20.0;14
covtype;PELLCAPPDELTA15_CHEN;49523.07;357069960.1;1933.525769;1.067659209;1684.255;54;Rand;1.5;10000;30.0;14
covtype;PELLCAPPDELTA15_CHEN;39748.2;29177631.8;2001.194222;1.107304618;579.765;54;Rand;1.5;10000;40.0;14
covtype;PELLCAPPDELTA15_CHEN;30283.995;7648818.555;1961.250611;1.084678341;332.105;54;Rand;1.5;10000;50.0;14
covtype;PELLCAPPDELTA15_CHEN;22893.725;2603411.93;1994.792701;1.105103914;208.75;54;Rand;1.5;10000;70.0;14
covtype;PELLCAPPDELTA15_CHEN;23188.96;840334.42;3109.039918;1.72202624;146.93;54;Rand;1.5;10000;100.0;14
covtype;PELLCAPPDELTA15_CHEN;26069.87;814768.61;3109.039918;1.72202624;183.96;54;Rand;1.5;10000;200.0;14
covtype;PELLCAPPDELTA15_CHEN;31195.72;808555.4;3109.039918;1.72202624;304.67;54;Rand;1.5;10000;500.0;14
covtype;PELLCAPPDELTA15_CHEN;52669.275;289747631.1;2002.689114;1.108213523;1539.59;54;Rand;1.5;10000;1000.0;14
covtype;PELLCAPPDELTA20_CHEN;102656.385;96874592.47;1873.894379;1.037227832;2416.015;54;Rand;2.0;10000;0.5;14
covtype;PELLCAPPDELTA20_CHEN;71176.185;85220091.07;1804.735106;0.998803218;1484.24;54;Rand;2.0;10000;1.0;14
covtype;PELLCAPPDELTA20_CHEN;55324.985;15337195.92;1829.39171;1.011970333;921.46;54;Rand;2.0;10000;1.5;14
covtype;PELLCAPPDELTA20_CHEN;76476.015;5899688.95;1881.691523;1.041977894;1475.22;54;Rand;2.0;10000;2.0;14
covtype;PELLCAPPDELTA20_CHEN;41064.115;8680601.86;2088.213284;1.154995472;599.56;54;Rand;2.0;10000;2.5;14
covtype;PELLCAPPDELTA20_CHEN;50609.37;83766561.84;1804.735106;0.998803218;1022.915;54;Rand;2.0;10000;3.0;14
covtype;PELLCAPPDELTA20_CHEN;40110.075;8653763.76;1972.619011;1.091470402;510.62;54;Rand;2.0;10000;3.5;14
covtype;PELLCAPPDELTA20_CHEN;34847.855;2916490.57;2043.244936;1.129985484;622.775;54;Rand;2.0;10000;4.0;14
covtype;PELLCAPPDELTA20_CHEN;46011.555;27595301.34;1986.710188;1.099115418;638.5;54;Rand;2.0;10000;5.0;14
covtype;PELLCAPPDELTA20_CHEN;37703.96;26349348.0;1964.440728;1.086828164;597.61;54;Rand;2.0;10000;10.0;14
covtype;PELLCAPPDELTA20_CHEN;26705.61;2103706.49;2159.689835;1.194649625;260.81;54;Rand;2.0;10000;15.0;14
covtype;PELLCAPPDELTA20_CHEN;27917.575;791728.23;3109.039918;1.72202624;273.4;54;Rand;2.0;10000;20.0;14
covtype;PELLCAPPDELTA20_CHEN;42273.535;107112066.9;1740.77232;0.963208616;988.19;54;Rand;2.0;10000;30.0;14
covtype;PELLCAPPDELTA20_CHEN;30717.07;10145385.82;1876.271145;1.038322792;385.695;54;Rand;2.0;10000;40.0;14
covtype;PELLCAPPDELTA20_CHEN;27229.335;3450139.695;1930.071249;1.065565835;239.48;54;Rand;2.0;10000;50.0;14
covtype;PELLCAPPDELTA20_CHEN;21572.665;1441186.63;2253.832259;1.245768799;173.345;54;Rand;2.0;10000;70.0;14
covtype;PELLCAPPDELTA20_CHEN;23564.715;827055.76;3109.039918;1.72202624;146.93;54;Rand;2.0;10000;100.0;14
covtype;PELLCAPPDELTA20_CHEN;24889.19;805710.425;3109.039918;1.72202624;183.96;54;Rand;2.0;10000;200.0;14
covtype;PELLCAPPDELTA20_CHEN;28889.875;809623.91;3109.039918;1.72202624;292.03;54;Rand;2.0;10000;500.0;14
covtype;PELLCAPPDELTA20_CHEN;41964.55;88877246.81;1861.274145;1.029748578;907.565;54;Rand;2.0;10000;1000.0;14
higgs;CHEN;5250.78;15193747003.0;6.912918993;1.0;10000.0;7;Rand;0.0;10000;0.5;4
higgs;CHEN;5505.85;15245757395.0;6.912918993;1.0;10000.0;7;Rand;0.0;10000;1.0;4
higgs;CHEN;3701.83;14780468776.0;6.912918993;1.0;10000.0;7;Rand;0.0;10000;1.5;4
higgs;CHEN;5344.615;15857026663.0;6.912918993;1.0;10000.0;7;Rand;0.0;10000;2.0;4
higgs;CHEN;4073.745;14794892446.0;6.912918993;1.0;10000.0;7;Rand;0.0;10000;2.5;4
higgs;CHEN;3580.065;15046330278.0;6.912918993;1.0;10000.0;7;Rand;0.0;10000;3.0;4
higgs;CHEN;4078.09;14742323237.0;6.912918993;1.0;10000.0;7;Rand;0.0;10000;3.5;4
higgs;CHEN;3939.21;14934888351.0;6.912918993;1.0;10000.0;7;Rand;0.0;10000;4.0;4
higgs;CHEN;3421.1;14967981408.0;6.912918993;1.0;10000.0;7;Rand;0.0;10000;5.0;4
higgs;CHEN;3614.675;15301444426.0;6.912918993;1.0;10000.0;7;Rand;0.0;10000;10.0;4
higgs;CHEN;3394.18;14971118695.0;6.912918993;1.0;10000.0;7;Rand;0.0;10000;15.0;4
higgs;CHEN;3278.425;15212064516.0;6.912918993;1.0;10000.0;7;Rand;0.0;10000;20.0;4
higgs;CHEN;3357.835;15290723916.0;6.912918993;1.0;10000.0;7;Rand;0.0;10000;30.0;4
higgs;CHEN;3911.555;14848521758.0;6.912918993;1.0;10000.0;7;Rand;0.0;10000;40.0;4
higgs;CHEN;3067.07;15345983914.0;6.912918993;1.0;10000.0;7;Rand;0.0;10000;50.0;4
higgs;CHEN;3251.48;15021553735.0;6.912918993;1.0;10000.0;7;Rand;0.0;10000;70.0;4
higgs;CHEN;3244.355;15015537642.0;6.912918993;1.0;10000.0;7;Rand;0.0;10000;100.0;4
higgs;CHEN;4049.325;15355978362.0;6.912918993;1.0;10000.0;7;Rand;0.0;10000;200.0;4
higgs;CHEN;3603.245;15073495846.0;6.912918993;1.0;10000.0;7;Rand;0.0;10000;500.0;4
higgs;CHEN;3541.06;14992347067.0;6.912918993;1.0;10000.0;7;Rand;0.0;10000;1000.0;4
higgs;PELLCAPP_CHEN;1092322.89;5174175340.0;7.11579732;1.043531174;43344.155;7;Rand;;10000;0.5;4
higgs;PELLCAPP_CHEN;714825.055;11634608196.0;7.212520613;1.056201194;28507.04;7;Rand;;10000;1.0;4
higgs;PELLCAPP_CHEN;667613.25;9037134398.0;6.86343825;1.005604379;24400.45;7;Rand;;10000;1.5;4
higgs;PELLCAPP_CHEN;828837.615;6533492336.0;7.111590402;1.040550854;31702.505;7;Rand;;10000;2.0;4
higgs;PELLCAPP_CHEN;757425.805;14727035749.0;7.176306526;1.054678949;29931.075;7;Rand;;10000;2.5;4
higgs;PELLCAPP_CHEN;961404.56;14670652696.0;7.176306526;1.054678949;27884.2;7;Rand;;10000;3.0;4
higgs;PELLCAPP_CHEN;658168.91;14658780993.0;7.176306526;1.054678949;26382.595;7;Rand;;10000;3.5;4
higgs;PELLCAPP_CHEN;456518.635;14804560479.0;7.176306526;1.054678949;25343.485;7;Rand;;10000;4.0;4
higgs;PELLCAPP_CHEN;595257.93;14880802385.0;7.176306526;1.054678949;23809.4;7;Rand;;10000;5.0;4
higgs;PELLCAPP_CHEN;344572.575;14879704073.0;7.176306526;1.054678949;21237.185;7;Rand;;10000;10.0;4
higgs;PELLCAPP_CHEN;330717.495;14797385931.0;7.176306526;1.054678949;20586.055;7;Rand;;10000;15.0;4
higgs;PELLCAPP_CHEN;391734.35;14822891515.0;7.176306526;1.054678949;20400.03;7;Rand;;10000;20.0;4
higgs;PELLCAPP_CHEN;328312.675;14828804673.0;7.176306526;1.054678949;20253.925;7;Rand;;10000;30.0;4
higgs;PELLCAPP_CHEN;427769.57;14661106214.0;7.176306526;1.054678949;20206.235;7;Rand;;10000;40.0;4
higgs;PELLCAPP_CHEN;426717.815;14646523069.0;7.176306526;1.054678949;20179.055;7;Rand;;10000;50.0;4
higgs;PELLCAPP_CHEN;360271.28;14889385584.0;7.176306526;1.054678949;20155.85;7;Rand;;10000;70.0;4
higgs;PELLCAPP_CHEN;710309.77;14700484790.0;7.176306526;1.054678949;20142.92;7;Rand;;10000;100.0;4
higgs;PELLCAPP_CHEN;504141.14;14602363605.0;7.176306526;1.054678949;20117.0;7;Rand;;10000;200.0;4
higgs;PELLCAPP_CHEN;509205.19;14756828143.0;7.176306526;1.054678949;20112.0;7;Rand;;10000;500.0;4
higgs;PELLCAPP_CHEN;384736.135;14659989889.0;7.176306526;1.054678949;20112.0;7;Rand;;10000;1000.0;4
higgs;PELLCAPPDELTA05_CHEN;128644.285;7711754.93;6.138843435;0.899893307;4115.64;7;Rand;0.5;10000;0.5;4
higgs;PELLCAPPDELTA05_CHEN;89332.635;16128793.47;6.489779714;0.951269968;1882.575;7;Rand;0.5;10000;1.0;4
higgs;PELLCAPPDELTA05_CHEN;68558.26;3845375.935;8.636531996;1.266930812;1620.305;7;Rand;0.5;10000;1.5;4
higgs;PELLCAPPDELTA05_CHEN;55599.88;1662079.19;6.165686795;0.903658059;1553.265;7;Rand;0.5;10000;2.0;4
higgs;PELLCAPPDELTA05_CHEN;57412.71;29921637.21;6.38166703;0.935348268;1218.435;7;Rand;0.5;10000;2.5;4
higgs;PELLCAPPDELTA05_CHEN;76093.915;16318153.29;6.489779714;0.951269968;998.13;7;Rand;0.5;10000;3.0;4
higgs;PELLCAPPDELTA05_CHEN;49246.265;9784729.25;6.264746767;0.918019302;861.98;7;Rand;0.5;10000;3.5;4
higgs;PELLCAPPDELTA05_CHEN;45298.275;7733413.705;6.135325763;0.89940177;809.56;7;Rand;0.5;10000;4.0;4
higgs;PELLCAPPDELTA05_CHEN;50629.0;4346405.155;6.83537606;1.000247658;709.125;7;Rand;0.5;10000;5.0;4
higgs;PELLCAPPDELTA05_CHEN;39665.24;914423.295;5.313716231;0.779060642;497.44;7;Rand;0.5;10000;10.0;4
higgs;PELLCAPPDELTA05_CHEN;38233.475;454577.18;8.566607146;1.257216384;463.115;7;Rand;0.5;10000;15.0;4
higgs;PELLCAPPDELTA05_CHEN;39447.545;316582.935;5.908113516;0.865981479;452.21;7;Rand;0.5;10000;20.0;4
higgs;PELLCAPPDELTA05_CHEN;38154.925;236267.56;10.88345343;1.601146518;440.085;7;Rand;0.5;10000;30.0;4
higgs;PELLCAPPDELTA05_CHEN;43856.7;199531.77;9.807166223;1.437589994;435.145;7;Rand;0.5;10000;40.0;4
higgs;PELLCAPPDELTA05_CHEN;41169.27;175588.74;10.10366353;1.480434958;423.18;7;Rand;0.5;10000;50.0;4
higgs;PELLCAPPDELTA05_CHEN;39445.42;98569.235;13.58251613;1.992943365;418.18;7;Rand;0.5;10000;70.0;4
higgs;PELLCAPPDELTA05_CHEN;56326.045;103415.75;13.58251613;1.992943365;418.18;7;Rand;0.5;10000;100.0;4
higgs;PELLCAPPDELTA05_CHEN;38803.81;99837.955;13.58251613;1.992943365;418.18;7;Rand;0.5;10000;200.0;4
higgs;PELLCAPPDELTA05_CHEN;44073.78;100916.45;13.58251613;1.992943365;418.18;7;Rand;0.5;10000;500.0;4
higgs;PELLCAPPDELTA05_CHEN;37018.74;98218.065;13.58251613;1.992943365;418.18;7;Rand;0.5;10000;1000.0;4
higgs;PELLCAPPDELTA10_CHEN;62230.405;1163047.265;5.795500478;0.84882312;1525.15;7;Rand;1.0;10000;0.5;4
higgs;PELLCAPPDELTA10_CHEN;38878.955;2049898.735;6.082998203;0.891621071;798.04;7;Rand;1.0;10000;1.0;4
higgs;PELLCAPPDELTA10_CHEN;30506.795;551826.61;6.008718594;0.881649713;666.585;7;Rand;1.0;10000;1.5;4
higgs;PELLCAPPDELTA10_CHEN;35262.44;438950.975;7.125476812;1.04565827;600.23;7;Rand;1.0;10000;2.0;4
higgs;PELLCAPPDELTA10_CHEN;26328.065;2338202.945;6.294308204;0.922344659;507.21;7;Rand;1.0;10000;2.5;4
higgs;PELLCAPPDELTA10_CHEN;25858.535;2056499.62;6.082998203;0.891621071;461.565;7;Rand;1.0;10000;3.0;4
higgs;PELLCAPPDELTA10_CHEN;23857.65;1665954.555;6.165686795;0.903658059;445.085;7;Rand;1.0;10000;3.5;4
higgs;PELLCAPPDELTA10_CHEN;20954.015;1112611.005;5.799387725;0.849366299;395.625;7;Rand;1.0;10000;4.0;4
higgs;PELLCAPPDELTA10_CHEN;19935.515;734323.515;6.066922426;0.889631807;346.445;7;Rand;1.0;10000;5.0;4
higgs;PELLCAPPDELTA10_CHEN;17811.425;270918.345;6.072588877;0.891219361;288.6;7;Rand;1.0;10000;10.0;4
higgs;PELLCAPPDELTA10_CHEN;15193.38;145182.71;6.79117679;0.997506669;275.33;7;Rand;1.0;10000;15.0;4
higgs;PELLCAPPDELTA10_CHEN;16000.78;142322.325;9.807166223;1.437589994;270.33;7;Rand;1.0;10000;20.0;4
higgs;PELLCAPPDELTA10_CHEN;14833.49;65396.975;13.58251613;1.992943365;253.365;7;Rand;1.0;10000;30.0;4
higgs;PELLCAPPDELTA10_CHEN;15213.04;68050.6;13.58251613;1.992943365;253.365;7;Rand;1.0;10000;40.0;4
higgs;PELLCAPPDELTA10_CHEN;14029.865;64923.73;13.58251613;1.992943365;253.365;7;Rand;1.0;10000;50.0;4
higgs;PELLCAPPDELTA10_CHEN;14275.12;58226.035;13.58251613;1.992943365;253.365;7;Rand;1.0;10000;70.0;4
higgs;PELLCAPPDELTA10_CHEN;15669.61;63501.55;13.58251613;1.992943365;253.365;7;Rand;1.0;10000;100.0;4
higgs;PELLCAPPDELTA10_CHEN;16356.43;64034.955;13.58251613;1.992943365;253.365;7;Rand;1.0;10000;200.0;4
higgs;PELLCAPPDELTA10_CHEN;15698.36;63024.595;13.58251613;1.992943365;253.365;7;Rand;1.0;10000;500.0;4
higgs;PELLCAPPDELTA10_CHEN;14912.95;59259.465;13.58251613;1.992943365;253.365;7;Rand;1.0;10000;1000.0;4
higgs;PELLCAPPDELTA15_CHEN;49430.47;373975.125;5.910139453;0.866633492;972.08;7;Rand;1.5;10000;0.5;4
higgs;PELLCAPPDELTA15_CHEN;33185.405;772047.39;6.066922426;0.889631807;512.655;7;Rand;1.5;10000;1.0;4
higgs;PELLCAPPDELTA15_CHEN;25345.37;286368.5;6.556212894;0.961000886;453.63;7;Rand;1.5;10000;1.5;4
higgs;PELLCAPPDELTA15_CHEN;29132.76;252224.86;7.291946412;1.068987199;395.165;7;Rand;1.5;10000;2.0;4
higgs;PELLCAPPDELTA15_CHEN;22538.285;1064201.73;5.799387725;0.849366299;341.325;7;Rand;1.5;10000;2.5;4
higgs;PELLCAPPDELTA15_CHEN;21757.27;782140.42;6.066922426;0.889631807;286.54;7;Rand;1.5;10000;3.0;4
higgs;PELLCAPPDELTA15_CHEN;20039.64;528084.45;5.313716231;0.779060642;273.925;7;Rand;1.5;10000;3.5;4
higgs;PELLCAPPDELTA15_CHEN;18725.965;333006.27;5.665111364;0.830510135;254.85;7;Rand;1.5;10000;4.0;4
higgs;PELLCAPPDELTA15_CHEN;18892.39;410615.17;7.125476812;1.04565827;245.06;7;Rand;1.5;10000;5.0;4
higgs;PELLCAPPDELTA15_CHEN;14342.505;173877.575;6.424282382;0.942304299;202.31;7;Rand;1.5;10000;10.0;4
higgs;PELLCAPPDELTA15_CHEN;12321.545;137117.66;9.790711551;1.43514756;181.185;7;Rand;1.5;10000;15.0;4
higgs;PELLCAPPDELTA15_CHEN;12155.125;63299.36;13.58251613;1.992943365;176.185;7;Rand;1.5;10000;20.0;4
higgs;PELLCAPPDELTA15_CHEN;11824.045;56928.805;13.58251613;1.992943365;176.185;7;Rand;1.5;10000;30.0;4
higgs;PELLCAPPDELTA15_CHEN;13106.185;60219.255;13.58251613;1.992943365;176.185;7;Rand;1.5;10000;40.0;4
higgs;PELLCAPPDELTA15_CHEN;11454.32;56589.415;13.58251613;1.992943365;176.185;7;Rand;1.5;10000;50.0;4
higgs;PELLCAPPDELTA15_CHEN;12688.475;56221.35;13.58251613;1.992943365;176.185;7;Rand;1.5;10000;70.0;4
higgs;PELLCAPPDELTA15_CHEN;12625.085;61740.76;13.58251613;1.992943365;176.185;7;Rand;1.5;10000;100.0;4
higgs;PELLCAPPDELTA15_CHEN;13403.59;61320.745;13.58251613;1.992943365;176.185;7;Rand;1.5;10000;200.0;4
higgs;PELLCAPPDELTA15_CHEN;12888.21;61015.815;13.58251613;1.992943365;176.185;7;Rand;1.5;10000;500.0;4
higgs;PELLCAPPDELTA15_CHEN;12065.605;56083.095;13.58251613;1.992943365;176.185;7;Rand;1.5;10000;1000.0;4
higgs;PELLCAPPDELTA20_CHEN;42447.605;359742.81;5.791837858;0.849335176;715.565;7;Rand;2.0;10000;0.5;4
higgs;PELLCAPPDELTA20_CHEN;29168.86;434699.85;8.566607146;1.257216384;405.285;7;Rand;2.0;10000;1.0;4
higgs;PELLCAPPDELTA20_CHEN;22841.925;240329.76;6.057226737;0.888224042;345.76;7;Rand;2.0;10000;1.5;4
higgs;PELLCAPPDELTA20_CHEN;26475.09;230482.78;8.845994847;1.298893761;289.365;7;Rand;2.0;10000;2.0;4
higgs;PELLCAPPDELTA20_CHEN;19973.45;540205.76;5.313716231;0.779060642;252.325;7;Rand;2.0;10000;2.5;4
higgs;PELLCAPPDELTA20_CHEN;19617.935;444494.25;8.566607146;1.257216384;224.865;7;Rand;2.0;10000;3.0;4
higgs;PELLCAPPDELTA20_CHEN;18926.13;434793.28;7.125476812;1.04565827;221.27;7;Rand;2.0;10000;3.5;4
higgs;PELLCAPPDELTA20_CHEN;17707.895;293000.36;5.401564075;0.791955194;211.65;7;Rand;2.0;10000;4.0;4
higgs;PELLCAPPDELTA20_CHEN;16474.23;254260.66;6.045721834;0.88693073;198.98;7;Rand;2.0;10000;5.0;4
higgs;PELLCAPPDELTA20_CHEN;14681.495;141096.24;9.764475458;1.431400905;164.245;7;Rand;2.0;10000;10.0;4
higgs;PELLCAPPDELTA20_CHEN;11887.525;63609.325;13.58251613;1.992943365;143.12;7;Rand;2.0;10000;15.0;4
higgs;PELLCAPPDELTA20_CHEN;11629.81;55488.58;13.58251613;1.992943365;143.12;7;Rand;2.0;10000;20.0;4
higgs;PELLCAPPDELTA20_CHEN;11535.535;55443.17;13.58251613;1.992943365;143.12;7;Rand;2.0;10000;30.0;4
higgs;PELLCAPPDELTA20_CHEN;12492.02;58514.125;13.58251613;1.992943365;143.12;7;Rand;2.0;10000;40.0;4
higgs;PELLCAPPDELTA20_CHEN;11336.82;54592.085;13.58251613;1.992943365;143.12;7;Rand;2.0;10000;50.0;4
higgs;PELLCAPPDELTA20_CHEN;12272.23;55699.96;13.58251613;1.992943365;143.12;7;Rand;2.0;10000;70.0;4
higgs;PELLCAPPDELTA20_CHEN;13397.755;60118.89;13.58251613;1.992943365;143.12;7;Rand;2.0;10000;100.0;4
higgs;PELLCAPPDELTA20_CHEN;12820.505;61471.595;13.58251613;1.992943365;143.12;7;Rand;2.0;10000;200.0;4
higgs;PELLCAPPDELTA20_CHEN;12738.63;60394.03;13.58251613;1.992943365;143.12;7;Rand;2.0;10000;500.0;4
higgs;PELLCAPPDELTA20_CHEN;12072.54;55456.66;13.58251613;1.992943365;143.12;7;Rand;2.0;10000;1000.0;4
phones;CHEN;9445.55;15556790058.0;9.404855031;1.0;10000.0;3;Rand;0.0;10000;0.5;14
phones;CHEN;4905.59;15494622479.0;9.404855031;1.0;10000.0;3;Rand;0.0;10000;1.0;14
phones;CHEN;4209.525;15129688552.0;9.404855031;1.0;10000.0;3;Rand;0.0;10000;1.5;14
phones;CHEN;10499.46;15689677286.0;9.404855031;1.0;10000.0;3;Rand;0.0;10000;2.0;14
phones;CHEN;4217.09;14834362811.0;9.404855031;1.0;10000.0;3;Rand;0.0;10000;2.5;14
phones;CHEN;4585.02;15603430629.0;9.404855031;1.0;10000.0;3;Rand;0.0;10000;3.0;14
phones;CHEN;4601.695;15409126179.0;9.404855031;1.0;10000.0;3;Rand;0.0;10000;3.5;14
phones;CHEN;4815.16;15419171457.0;9.404855031;1.0;10000.0;3;Rand;0.0;10000;4.0;14
phones;CHEN;3952.68;15152033094.0;9.404855031;1.0;10000.0;3;Rand;0.0;10000;5.0;14
phones;CHEN;3608.465;15349869712.0;9.404855031;1.0;10000.0;3;Rand;0.0;10000;10.0;14
phones;CHEN;3992.895;15317251755.0;9.404855031;1.0;10000.0;3;Rand;0.0;10000;15.0;14
phones;CHEN;3829.58;15280849287.0;9.404855031;1.0;10000.0;3;Rand;0.0;10000;20.0;14
phones;CHEN;3838.155;15901384236.0;9.404855031;1.0;10000.0;3;Rand;0.0;10000;30.0;14
phones;CHEN;3967.945;15219074877.0;9.404855031;1.0;10000.0;3;Rand;0.0;10000;40.0;14
phones;CHEN;4123.985;15991986838.0;9.404855031;1.0;10000.0;3;Rand;0.0;10000;50.0;14
phones;CHEN;3608.875;15160216651.0;9.404855031;1.0;10000.0;3;Rand;0.0;10000;70.0;14
phones;CHEN;4280.995;15232988895.0;9.404855031;1.0;10000.0;3;Rand;0.0;10000;100.0;14
phones;CHEN;4075.925;15206710927.0;9.404855031;1.0;10000.0;3;Rand;0.0;10000;200.0;14
phones;CHEN;4076.645;15007131393.0;9.404855031;1.0;10000.0;3;Rand;0.0;10000;500.0;14
phones;CHEN;4053.435;15829340626.0;9.404855031;1.0;10000.0;3;Rand;0.0;10000;1000.0;14
phones;PELLCAPP_CHEN;1481754.23;9563727084.0;9.474247995;1.012658456;61659.34;3;Rand;;10000;0.5;14
phones;PELLCAPP_CHEN;1389073.31;11412534965.0;9.194659067;0.982823171;45553.905;3;Rand;;10000;1.0;14
phones;PELLCAPP_CHEN;1104245.94;10626233576.0;9.006780863;0.962724142;33060.07;3;Rand;;10000;1.5;14
phones;PELLCAPP_CHEN;798066.25;10079209793.0;9.691914254;1.035298923;26988.045;3;Rand;;10000;2.0;14
phones;PELLCAPP_CHEN;1120550.07;9431827508.0;9.076761953;0.969966126;27976.99;3;Rand;;10000;2.5;14
phones;PELLCAPP_CHEN;1558432.485;13376572024.0;9.691645284;1.03583457;36193.07;3;Rand;;10000;3.0;14
phones;PELLCAPP_CHEN;1440167.72;13402278014.0;9.691645284;1.03583457;34052.28;3;Rand;;10000;3.5;14
phones;PELLCAPP_CHEN;825746.445;13446457880.0;9.691645284;1.03583457;32541.33;3;Rand;;10000;4.0;14
phones;PELLCAPP_CHEN;891603.57;13372336335.0;9.691645284;1.03583457;30360.675;3;Rand;;10000;5.0;14
phones;PELLCAPP_CHEN;706446.59;13416323758.0;9.691645284;1.03583457;25226.11;3;Rand;;10000;10.0;14
phones;PELLCAPP_CHEN;522922.15;13373366074.0;9.691645284;1.03583457;22735.14;3;Rand;;10000;15.0;14
phones;PELLCAPP_CHEN;543373.76;13362065118.0;9.691645284;1.03583457;21415.645;3;Rand;;10000;20.0;14
phones;PELLCAPP_CHEN;491159.325;13383413872.0;9.691645284;1.03583457;20162.635;3;Rand;;10000;30.0;14
phones;PELLCAPP_CHEN;494357.465;13370708788.0;9.691645284;1.03583457;19623.305;3;Rand;;10000;40.0;14
phones;PELLCAPP_CHEN;751358.605;13321427012.0;9.691645284;1.03583457;19283.175;3;Rand;;10000;50.0;14
phones;PELLCAPP_CHEN;543459.9;13362612865.0;9.691645284;1.03583457;18954.085;3;Rand;;10000;70.0;14
phones;PELLCAPP_CHEN;719907.49;13287101416.0;9.691645284;1.03583457;18751.895;3;Rand;;10000;100.0;14
phones;PELLCAPP_CHEN;733603.45;13295678352.0;9.691645284;1.03583457;18544.97;3;Rand;;10000;200.0;14
phones;PELLCAPP_CHEN;729778.945;13278934599.0;9.691645284;1.03583457;18496.79;3;Rand;;10000;500.0;14
phones;PELLCAPP_CHEN;625600.72;13298480223.0;9.691645284;1.03583457;18496.79;3;Rand;;10000;1000.0;14
phones;PELLCAPPDELTA05_CHEN;262395.33;954591864.0;9.561109633;1.022991982;13256.05;3;Rand;0.5;10000;0.5;14
phones;PELLCAPPDELTA05_CHEN;181298.01;1704043705.0;9.591564255;1.025214929;7880.235;3;Rand;0.5;10000;1.0;14
phones;PELLCAPPDELTA05_CHEN;130157.625;529444647.3;9.484993454;1.014217126;4479.96;3;Rand;0.5;10000;1.5;14
phones;PELLCAPPDELTA05_CHEN;110314.46;185348749.8;9.735858809;1.041456347;3153.2;3;Rand;0.5;10000;2.0;14
phones;PELLCAPPDELTA05_CHEN;125354.845;79421992.94;9.609071728;1.027602794;4376.13;3;Rand;0.5;10000;2.5;14
phones;PELLCAPPDELTA05_CHEN;147681.465;1697439765.0;9.591564255;1.025214929;5303.745;3;Rand;0.5;10000;3.0;14
phones;PELLCAPPDELTA05_CHEN;121513.515;1350278567.0;8.636163122;0.923286938;4594.985;3;Rand;0.5;10000;3.5;14
phones;PELLCAPPDELTA05_CHEN;79918.095;984096412.9;9.364206775;1.001709577;3888.005;3;Rand;0.5;10000;4.0;14
phones;PELLCAPPDELTA05_CHEN;76604.545;577019620.5;9.419744028;1.007578764;2966.575;3;Rand;0.5;10000;5.0;14
phones;PELLCAPPDELTA05_CHEN;51477.085;100132287.3;9.676593;1.034088413;1279.92;3;Rand;0.5;10000;10.0;14
phones;PELLCAPPDELTA05_CHEN;40557.005;31870749.66;9.503422344;1.016639946;813.085;3;Rand;0.5;10000;15.0;14
phones;PELLCAPPDELTA05_CHEN;39437.28;18154565.69;9.912493528;1.060649226;657.62;3;Rand;0.5;10000;20.0;14
phones;PELLCAPPDELTA05_CHEN;40754.08;4893252.48;10.82831375;1.158131014;434.435;3;Rand;0.5;10000;30.0;14
phones;PELLCAPPDELTA05_CHEN;39396.73;3119295.97;11.53835757;1.233655206;385.755;3;Rand;0.5;10000;40.0;14
phones;PELLCAPPDELTA05_CHEN;44738.985;1839395.91;13.64467785;1.459114999;309.775;3;Rand;0.5;10000;50.0;14
phones;PELLCAPPDELTA05_CHEN;37626.28;1368408.785;13.4983771;1.442820537;289.965;3;Rand;0.5;10000;70.0;14
phones;PELLCAPPDELTA05_CHEN;40809.365;1087090.885;13.11154926;1.401960006;274.42;3;Rand;0.5;10000;100.0;14
phones;PELLCAPPDELTA05_CHEN;39839.045;734298.48;13.75672097;1.47061286;259.765;3;Rand;0.5;10000;200.0;14
phones;PELLCAPPDELTA05_CHEN;38233.26;721629.845;13.75672097;1.47061286;259.765;3;Rand;0.5;10000;500.0;14
phones;PELLCAPPDELTA05_CHEN;37880.925;710676.385;13.75672097;1.47061286;259.765;3;Rand;0.5;10000;1000.0;14
phones;PELLCAPPDELTA10_CHEN;147585.145;130556560.8;9.188276346;0.982232073;6066.825;3;Rand;1.0;10000;0.5;14
phones;PELLCAPPDELTA10_CHEN;88794.655;271615746.5;9.093643073;0.972328323;3377.43;3;Rand;1.0;10000;1.0;14
phones;PELLCAPPDELTA10_CHEN;76987.335;65552356.52;9.835736028;1.051408614;2099.895;3;Rand;1.0;10000;1.5;14
phones;PELLCAPPDELTA10_CHEN;70035.615;23193374.66;9.810553749;1.049474637;1688.605;3;Rand;1.0;10000;2.0;14
phones;PELLCAPPDELTA10_CHEN;79524.125;11290340.99;9.612306386;1.027210518;2217.765;3;Rand;1.0;10000;2.5;14
phones;PELLCAPPDELTA10_CHEN;60241.505;270942180.7;9.093643073;0.972328323;2196.86;3;Rand;1.0;10000;3.0;14
phones;PELLCAPPDELTA10_CHEN;66273.055;189579091.8;9.735858809;1.041456347;1866.98;3;Rand;1.0;10000;3.5;14
phones;PELLCAPPDELTA10_CHEN;55897.945;146430454.1;9.483353107;1.013642429;1582.78;3;Rand;1.0;10000;4.0;14
phones;PELLCAPPDELTA10_CHEN;47350.94;80221422.73;10.15320798;1.086367711;1223.645;3;Rand;1.0;10000;5.0;14
phones;PELLCAPPDELTA10_CHEN;33911.32;15851928.35;9.696618737;1.037317322;645.93;3;Rand;1.0;10000;10.0;14
phones;PELLCAPPDELTA10_CHEN;21854.195;5141999.095;11.16538468;1.193924612;432.3;3;Rand;1.0;10000;15.0;14
phones;PELLCAPPDELTA10_CHEN;21025.36;3300917.66;11.03294649;1.179756968;387.615;3;Rand;1.0;10000;20.0;14
phones;PELLCAPPDELTA10_CHEN;20562.585;1249284.62;13.51981192;1.447004629;279.265;3;Rand;1.0;10000;30.0;14
phones;PELLCAPPDELTA10_CHEN;20947.82;1388927.26;13.7283669;1.467831393;286.455;3;Rand;1.0;10000;40.0;14
phones;PELLCAPPDELTA10_CHEN;22929.965;1076189.475;13.11154926;1.401960006;271.555;3;Rand;1.0;10000;50.0;14
phones;PELLCAPPDELTA10_CHEN;19379.375;667841.295;13.75672097;1.47061286;256.9;3;Rand;1.0;10000;70.0;14
phones;PELLCAPPDELTA10_CHEN;22069.82;704940.495;13.75672097;1.47061286;256.9;3;Rand;1.0;10000;100.0;14
phones;PELLCAPPDELTA10_CHEN;21496.53;691608.32;13.75672097;1.47061286;256.9;3;Rand;1.0;10000;200.0;14
phones;PELLCAPPDELTA10_CHEN;21055.435;684510.88;13.75672097;1.47061286;256.9;3;Rand;1.0;10000;500.0;14
phones;PELLCAPPDELTA10_CHEN;19794.95;664375.075;13.75672097;1.47061286;256.9;3;Rand;1.0;10000;1000.0;14
phones;PELLCAPPDELTA15_CHEN;122249.89;37866673.58;9.095190446;0.972680166;3828.465;3;Rand;1.5;10000;0.5;14
phones;PELLCAPPDELTA15_CHEN;74666.515;81884737.77;10.15320798;1.086367711;2082.985;3;Rand;1.5;10000;1.0;14
phones;PELLCAPPDELTA15_CHEN;49727.625;21104831.45;9.739204943;1.041620738;1423.93;3;Rand;1.5;10000;1.5;14
phones;PELLCAPPDELTA15_CHEN;60558.77;6771021.425;10.23490417;1.094773845;1209.53;3;Rand;1.5;10000;2.0;14
phones;PELLCAPPDELTA15_CHEN;50446.415;4032093.285;11.76226131;1.256869801;1440.565;3;Rand;1.5;10000;2.5;14
phones;PELLCAPPDELTA15_CHEN;45452.645;81429907.07;10.15320798;1.086367711;1262.86;3;Rand;1.5;10000;3.0;14
phones;PELLCAPPDELTA15_CHEN;43316.145;59260108.56;9.599043194;1.026444461;1095.275;3;Rand;1.5;10000;3.5;14
phones;PELLCAPPDELTA15_CHEN;41278.85;44559755.78;9.793810118;1.046737533;984.35;3;Rand;1.5;10000;4.0;14
phones;PELLCAPPDELTA15_CHEN;35223.605;23450209.97;9.810553749;1.049474637;762.62;3;Rand;1.5;10000;5.0;14
phones;PELLCAPPDELTA15_CHEN;23772.685;4166104.74;11.28413556;1.206364322;430.18;3;Rand;1.5;10000;10.0;14
phones;PELLCAPPDELTA15_CHEN;18473.815;1656922.79;13.52196549;1.446014106;292.295;3;Rand;1.5;10000;15.0;14
phones;PELLCAPPDELTA15_CHEN;18406.855;1259433.815;14.30756312;1.530775713;273.235;3;Rand;1.5;10000;20.0;14
phones;PELLCAPPDELTA15_CHEN;18020.935;1050274.19;13.23192626;1.414717531;265.525;3;Rand;1.5;10000;30.0;14
phones;PELLCAPPDELTA15_CHEN;18743.14;672180.285;13.75672097;1.47061286;250.87;3;Rand;1.5;10000;40.0;14
phones;PELLCAPPDELTA15_CHEN;21086.255;718234.59;13.75672097;1.47061286;250.87;3;Rand;1.5;10000;50.0;14
phones;PELLCAPPDELTA15_CHEN;17435.35;642510.28;13.75672097;1.47061286;250.87;3;Rand;1.5;10000;70.0;14
phones;PELLCAPPDELTA15_CHEN;20613.14;694701.97;13.75672097;1.47061286;250.87;3;Rand;1.5;10000;100.0;14
phones;PELLCAPPDELTA15_CHEN;20378.295;683629.12;13.75672097;1.47061286;250.87;3;Rand;1.5;10000;200.0;14
phones;PELLCAPPDELTA15_CHEN;20741.34;685621.44;13.75672097;1.47061286;250.87;3;Rand;1.5;10000;500.0;14
phones;PELLCAPPDELTA15_CHEN;18269.48;653662.31;13.75672097;1.47061286;250.87;3;Rand;1.5;10000;1000.0;14
phones;PELLCAPPDELTA20_CHEN;88368.985;17397842.85;9.572687273;1.024522353;2848.37;3;Rand;2.0;10000;0.5;14
phones;PELLCAPPDELTA20_CHEN;55522.565;32065668.12;9.503422344;1.016639946;1551.82;3;Rand;2.0;10000;1.0;14
phones;PELLCAPPDELTA20_CHEN;38127.815;11041731.82;9.895732829;1.058272866;1114.14;3;Rand;2.0;10000;1.5;14
phones;PELLCAPPDELTA20_CHEN;56311.62;3869364.95;12.09585991;1.293767149;1015.445;3;Rand;2.0;10000;2.0;14
phones;PELLCAPPDELTA20_CHEN;40799.365;1713969.84;13.39701395;1.432899137;1034.57;3;Rand;2.0;10000;2.5;14
phones;PELLCAPPDELTA20_CHEN;34136.44;31924794.93;9.503422344;1.016639946;903.755;3;Rand;2.0;10000;3.0;14
phones;PELLCAPPDELTA20_CHEN;31385.37;23552274.65;9.810553749;1.049474637;813.29;3;Rand;2.0;10000;3.5;14
phones;PELLCAPPDELTA20_CHEN;28508.14;17988556.77;9.431835901;1.008553761;721.78;3;Rand;2.0;10000;4.0;14
phones;PELLCAPPDELTA20_CHEN;24456.05;10698752.56;9.680122378;1.034696375;581.8;3;Rand;2.0;10000;5.0;14
phones;PELLCAPPDELTA20_CHEN;22893.635;2607864.17;13.50299079;1.445123462;379.85;3;Rand;2.0;10000;10.0;14
phones;PELLCAPPDELTA20_CHEN;17688.555;1267279.31;13.47055392;1.440363398;267.305;3;Rand;2.0;10000;15.0;14
phones;PELLCAPPDELTA20_CHEN;17630.155;1381079.97;13.71227415;1.465947471;275.195;3;Rand;2.0;10000;20.0;14
phones;PELLCAPPDELTA20_CHEN;17403.685;673405.91;13.75672097;1.47061286;245.64;3;Rand;2.0;10000;30.0;14
phones;PELLCAPPDELTA20_CHEN;17198.38;656940.275;13.75672097;1.47061286;245.64;3;Rand;2.0;10000;40.0;14
phones;PELLCAPPDELTA20_CHEN;18792.925;697342.495;13.75672097;1.47061286;245.64;3;Rand;2.0;10000;50.0;14
phones;PELLCAPPDELTA20_CHEN;16410.545;639425.34;13.75672097;1.47061286;245.64;3;Rand;2.0;10000;70.0;14
phones;PELLCAPPDELTA20_CHEN;18869.6;687105.23;13.75672097;1.47061286;245.64;3;Rand;2.0;10000;100.0;14
phones;PELLCAPPDELTA20_CHEN;18095.375;686622.695;13.75672097;1.47061286;245.64;3;Rand;2.0;10000;200.0;14
phones;PELLCAPPDELTA20_CHEN;18009.495;683723.895;13.75672097;1.47061286;245.64;3;Rand;2.0;10000;500.0;14
phones;PELLCAPPDELTA20_CHEN;16799.76;656212.185;13.75672097;1.47061286;245.64;3;Rand;2.0;10000;1000.0;14
normalized;CHEN;6385.2;21778798567.0;1.729321956;1.0;10000.0;54;Rand;0.0;10000;0.5;14
normalized;CHEN;7871.1;21431419436.0;1.729321956;1.0;10000.0;54;Rand;0.0;10000;1.0;14
normalized;CHEN;8039.19;21406499139.0;1.729321956;1.0;10000.0;54;Rand;0.0;10000;1.5;14
normalized;CHEN;11075.12;20500798836.0;1.729321956;1.0;10000.0;54;Rand;0.0;10000;2.0;14
normalized;CHEN;8039.525;21378503468.0;1.729321956;1.0;10000.0;54;Rand;0.0;10000;2.5;14
normalized;CHEN;6966.355;21290836888.0;1.729321956;1.0;10000.0;54;Rand;0.0;10000;3.0;14
normalized;CHEN;7540.6;21538991554.0;1.729321956;1.0;10000.0;54;Rand;0.0;10000;3.5;14
normalized;CHEN;6106.79;21477477294.0;1.729321956;1.0;10000.0;54;Rand;0.0;10000;4.0;14
normalized;CHEN;6235.185;21401981021.0;1.729321956;1.0;10000.0;54;Rand;0.0;10000;5.0;14
normalized;CHEN;7437.42;21359586849.0;1.729321956;1.0;10000.0;54;Rand;0.0;10000;10.0;14
normalized;CHEN;6518.2;21020133437.0;1.729321956;1.0;10000.0;54;Rand;0.0;10000;15.0;14
normalized;CHEN;6923.51;20946161999.0;1.729321956;1.0;10000.0;54;Rand;0.0;10000;20.0;14
normalized;CHEN;6457.88;21061583426.0;1.729321956;1.0;10000.0;54;Rand;0.0;10000;30.0;14
normalized;CHEN;8775.365;20831267242.0;1.729321956;1.0;10000.0;54;Rand;0.0;10000;40.0;14
normalized;CHEN;5713.965;20830476174.0;1.729321956;1.0;10000.0;54;Rand;0.0;10000;50.0;14
normalized;CHEN;7402.03;20844181369.0;1.729321956;1.0;10000.0;54;Rand;0.0;10000;70.0;14
normalized;CHEN;7240.14;20773935708.0;1.729321956;1.0;10000.0;54;Rand;0.0;10000;100.0;14
normalized;CHEN;7047.14;20703238048.0;1.729321956;1.0;10000.0;54;Rand;0.0;10000;200.0;14
normalized;CHEN;7855.2;20843811216.0;1.729321956;1.0;10000.0;54;Rand;0.0;10000;500.0;14
normalized;CHEN;7944.565;20689263208.0;1.729321956;1.0;10000.0;54;Rand;0.0;10000;1000.0;14
normalized;PELLCAPP_CHEN;5878815.675;19846259371.0;1.729850247;1.001145962;94284.23;54;Rand;;10000;0.5;14
normalized;PELLCAPP_CHEN;5165883.12;19856982606.0;1.725633079;0.998695242;67495.26;54;Rand;;10000;1.0;14
normalized;PELLCAPP_CHEN;4443708.675;19924832318.0;1.727262549;0.999356168;58255.89;54;Rand;;10000;1.5;14
normalized;PELLCAPP_CHEN;4799705.275;19835049001.0;1.729554154;1.000144402;53564.47;54;Rand;;10000;2.0;14
normalized;PELLCAPP_CHEN;3782965.77;19849461699.0;1.729333638;1.000011477;51255.265;54;Rand;;10000;2.5;14
normalized;PELLCAPP_CHEN;5466691.26;19867700560.0;1.729321956;1.0;49318.91;54;Rand;;10000;3.0;14
normalized;PELLCAPP_CHEN;2761857.74;20026490354.0;1.729321956;1.0;47940.02;54;Rand;;10000;3.5;14
normalized;PELLCAPP_CHEN;2866143.96;20006797710.0;1.729321956;1.0;46360.285;54;Rand;;10000;4.0;14
normalized;PELLCAPP_CHEN;2793281.59;20066579952.0;1.729321956;1.0;44268.785;54;Rand;;10000;5.0;14
normalized;PELLCAPP_CHEN;2321722.195;19965050736.0;1.729321956;1.0;40923.51;54;Rand;;10000;10.0;14
normalized;PELLCAPP_CHEN;2364141.525;19483899584.0;1.729321956;1.0;40119.005;54;Rand;;10000;15.0;14
normalized;PELLCAPP_CHEN;2601742.13;19531504605.0;1.729321956;1.0;39872.49;54;Rand;;10000;20.0;14
normalized;PELLCAPP_CHEN;2723089.15;19532770052.0;1.729321956;1.0;39278.235;54;Rand;;10000;30.0;14
normalized;PELLCAPP_CHEN;3244794.31;19353235172.0;1.729321956;1.0;39221.385;54;Rand;;10000;40.0;14
normalized;PELLCAPP_CHEN;2686797.915;19440356315.0;1.729321956;1.0;39221.385;54;Rand;;10000;50.0;14
normalized;PELLCAPP_CHEN;4224409.365;19370152658.0;1.729321956;1.0;39221.385;54;Rand;;10000;70.0;14
normalized;PELLCAPP_CHEN;4181198.965;19361157104.0;1.729321956;1.0;39221.385;54;Rand;;10000;100.0;14
normalized;PELLCAPP_CHEN;4392554.9;19336554266.0;1.729321956;1.0;39190.045;54;Rand;;10000;200.0;14
normalized;PELLCAPP_CHEN;2813087.505;19346732847.0;1.729321956;1.0;39190.045;54;Rand;;10000;500.0;14
normalized;PELLCAPP_CHEN;3075111.46;19309143465.0;1.729321956;1.0;39190.045;54;Rand;;10000;1000.0;14
normalized;PELLCAPPDELTA05_CHEN;717284.575;11532569419.0;1.70184716;0.986414708;19832.235;54;Rand;0.5;10000;0.5;14
normalized;PELLCAPPDELTA05_CHEN;644286.76;11479169500.0;1.70184716;0.986414708;13930.09;54;Rand;0.5;10000;1.0;14
normalized;PELLCAPPDELTA05_CHEN;577236.26;11486633841.0;1.70184716;0.986414708;12116.835;54;Rand;0.5;10000;1.5;14
normalized;PELLCAPPDELTA05_CHEN;645508.15;11331147444.0;1.70184716;0.986414708;11259.02;54;Rand;0.5;10000;2.0;14
normalized;PELLCAPPDELTA05_CHEN;506013.29;11468908366.0;1.70184716;0.986414708;10881.835;54;Rand;0.5;10000;2.5;14
normalized;PELLCAPPDELTA05_CHEN;678411.63;11474918672.0;1.70184716;0.986414708;10634.155;54;Rand;0.5;10000;3.0;14
normalized;PELLCAPPDELTA05_CHEN;384008.825;11570199195.0;1.70184716;0.986414708;10441.965;54;Rand;0.5;10000;3.5;14
normalized;PELLCAPPDELTA05_CHEN;414027.465;11532174813.0;1.70184716;0.986414708;10352.525;54;Rand;0.5;10000;4.0;14
normalized;PELLCAPPDELTA05_CHEN;393441.0;11596524341.0;1.70184716;0.986414708;10231.535;54;Rand;0.5;10000;5.0;14
normalized;PELLCAPPDELTA05_CHEN;332228.385;11563252620.0;1.70184716;0.986414708;9604.415;54;Rand;0.5;10000;10.0;14
normalized;PELLCAPPDELTA05_CHEN;341712.04;11233004897.0;1.70184716;0.986414708;9597.775;54;Rand;0.5;10000;15.0;14
normalized;PELLCAPPDELTA05_CHEN;362433.595;11257365642.0;1.70184716;0.986414708;9597.775;54;Rand;0.5;10000;20.0;14
normalized;PELLCAPPDELTA05_CHEN;390343.455;11284660802.0;1.70184716;0.986414708;9597.775;54;Rand;0.5;10000;30.0;14
normalized;PELLCAPPDELTA05_CHEN;452191.015;11159356798.0;1.70184716;0.986414708;9597.775;54;Rand;0.5;10000;40.0;14
normalized;PELLCAPPDELTA05_CHEN;374849.675;11219749898.0;1.70184716;0.986414708;9566.435;54;Rand;0.5;10000;50.0;14
normalized;PELLCAPPDELTA05_CHEN;595304.895;11163670942.0;1.70184716;0.986414708;9566.435;54;Rand;0.5;10000;70.0;14
normalized;PELLCAPPDELTA05_CHEN;560809.395;11157913931.0;1.70184716;0.986414708;9566.435;54;Rand;0.5;10000;100.0;14
normalized;PELLCAPPDELTA05_CHEN;609319.0;11146690537.0;1.70184716;0.986414708;9566.435;54;Rand;0.5;10000;200.0;14
normalized;PELLCAPPDELTA05_CHEN;403805.15;11156872895.0;1.70184716;0.986414708;9566.435;54;Rand;0.5;10000;500.0;14
normalized;PELLCAPPDELTA05_CHEN;434944.585;11137507073.0;1.70184716;0.986414708;9566.435;54;Rand;0.5;10000;1000.0;14
normalized;PELLCAPPDELTA10_CHEN;199500.67;1369990094.0;1.812808917;1.050607232;6211.89;54;Rand;1.0;10000;0.5;14
normalized;PELLCAPPDELTA10_CHEN;167285.05;1367023416.0;1.812808917;1.050607232;4517.045;54;Rand;1.0;10000;1.0;14
normalized;PELLCAPPDELTA10_CHEN;154144.905;1371087590.0;1.812808917;1.050607232;4095.86;54;Rand;1.0;10000;1.5;14
normalized;PELLCAPPDELTA10_CHEN;171917.3;1364146304.0;1.812808917;1.050607232;3937.67;54;Rand;1.0;10000;2.0;14
normalized;PELLCAPPDELTA10_CHEN;131550.565;1370177541.0;1.812808917;1.050607232;3478.895;54;Rand;1.0;10000;2.5;14
normalized;PELLCAPPDELTA10_CHEN;160165.855;1372678014.0;1.812808917;1.050607232;3406.48;54;Rand;1.0;10000;3.0;14
normalized;PELLCAPPDELTA10_CHEN;108954.56;1380999966.0;1.812808917;1.050607232;3368.485;54;Rand;1.0;10000;3.5;14
normalized;PELLCAPPDELTA10_CHEN;107013.51;1373757646.0;1.812808917;1.050607232;3299.515;54;Rand;1.0;10000;4.0;14
normalized;PELLCAPPDELTA10_CHEN;99842.38;1378116165.0;1.812808917;1.050607232;3276.785;54;Rand;1.0;10000;5.0;14
normalized;PELLCAPPDELTA10_CHEN;92122.27;1374027296.0;1.812808917;1.050607232;3253.47;54;Rand;1.0;10000;10.0;14
normalized;PELLCAPPDELTA10_CHEN;94860.6;1333332376.0;1.812808917;1.050607232;3246.83;54;Rand;1.0;10000;15.0;14
normalized;PELLCAPPDELTA10_CHEN;97066.0;1335430200.0;1.812808917;1.050607232;3246.83;54;Rand;1.0;10000;20.0;14
normalized;PELLCAPPDELTA10_CHEN;99424.01;1337642346.0;1.812808917;1.050607232;3215.49;54;Rand;1.0;10000;30.0;14
normalized;PELLCAPPDELTA10_CHEN;113840.855;1326794388.0;1.812808917;1.050607232;3215.49;54;Rand;1.0;10000;40.0;14
normalized;PELLCAPPDELTA10_CHEN;90586.07;1330239720.0;1.812808917;1.050607232;3215.49;54;Rand;1.0;10000;50.0;14
normalized;PELLCAPPDELTA10_CHEN;135247.715;1330541201.0;1.812808917;1.050607232;3215.49;54;Rand;1.0;10000;70.0;14
normalized;PELLCAPPDELTA10_CHEN;131597.015;1328151132.0;1.812808917;1.050607232;3215.49;54;Rand;1.0;10000;100.0;14
normalized;PELLCAPPDELTA10_CHEN;140404.36;1327971975.0;1.812808917;1.050607232;3215.49;54;Rand;1.0;10000;200.0;14
normalized;PELLCAPPDELTA10_CHEN;105314.905;1326744513.0;1.812808917;1.050607232;3215.49;54;Rand;1.0;10000;500.0;14
normalized;PELLCAPPDELTA10_CHEN;103229.255;1322917546.0;1.812808917;1.050607232;3215.49;54;Rand;1.0;10000;1000.0;14
normalized;PELLCAPPDELTA15_CHEN;118955.41;340604367.5;1.744256808;1.010968394;3142.685;54;Rand;1.5;10000;0.5;14
normalized;PELLCAPPDELTA15_CHEN;96890.505;338968323.9;1.744256808;1.010968394;2515.005;54;Rand;1.5;10000;1.0;14
normalized;PELLCAPPDELTA15_CHEN;83855.37;338062819.5;1.744256808;1.010968394;1932.72;54;Rand;1.5;10000;1.5;14
normalized;PELLCAPPDELTA15_CHEN;105682.565;336104163.5;1.744256808;1.010968394;2019.84;54;Rand;1.5;10000;2.0;14
normalized;PELLCAPPDELTA15_CHEN;76647.965;337969680.9;1.744256808;1.010968394;1808.79;54;Rand;1.5;10000;2.5;14
normalized;PELLCAPPDELTA15_CHEN;81165.815;338068093.7;1.744256808;1.010968394;1770.39;54;Rand;1.5;10000;3.0;14
normalized;PELLCAPPDELTA15_CHEN;69991.47;338672488.1;1.744256808;1.010968394;1759.45;54;Rand;1.5;10000;3.5;14
normalized;PELLCAPPDELTA15_CHEN;71559.655;337700252.5;1.744256808;1.010968394;1751.88;54;Rand;1.5;10000;4.0;14
normalized;PELLCAPPDELTA15_CHEN;58368.875;340595613.9;1.744256808;1.010968394;1729.255;54;Rand;1.5;10000;5.0;14
normalized;PELLCAPPDELTA15_CHEN;54986.185;338724643.9;1.744256808;1.010968394;1705.94;54;Rand;1.5;10000;10.0;14
normalized;PELLCAPPDELTA15_CHEN;58185.305;329240858.8;1.744256808;1.010968394;1667.96;54;Rand;1.5;10000;15.0;14
normalized;PELLCAPPDELTA15_CHEN;57694.3;328847664.0;1.744256808;1.010968394;1667.96;54;Rand;1.5;10000;20.0;14
normalized;PELLCAPPDELTA15_CHEN;58020.395;329818779.3;1.744256808;1.010968394;1667.96;54;Rand;1.5;10000;30.0;14
normalized;PELLCAPPDELTA15_CHEN;66102.855;328345983.6;1.744256808;1.010968394;1667.96;54;Rand;1.5;10000;40.0;14
normalized;PELLCAPPDELTA15_CHEN;56269.04;328689135.2;1.744256808;1.010968394;1667.96;54;Rand;1.5;10000;50.0;14
normalized;PELLCAPPDELTA15_CHEN;63197.18;327676412.7;1.744256808;1.010968394;1667.96;54;Rand;1.5;10000;70.0;14
normalized;PELLCAPPDELTA15_CHEN;66984.675;328435108.2;1.744256808;1.010968394;1667.96;54;Rand;1.5;10000;100.0;14
normalized;PELLCAPPDELTA15_CHEN;67778.57;327302948.9;1.744256808;1.010968394;1667.96;54;Rand;1.5;10000;200.0;14
normalized;PELLCAPPDELTA15_CHEN;65383.64;327541208.5;1.744256808;1.010968394;1667.96;54;Rand;1.5;10000;500.0;14
normalized;PELLCAPPDELTA15_CHEN;58677.53;325957925.2;1.744256808;1.010968394;1667.96;54;Rand;1.5;10000;1000.0;14
normalized;PELLCAPPDELTA20_CHEN;100249.41;139617305.5;1.753148969;1.015994167;2266.815;54;Rand;2.0;10000;0.5;14
normalized;PELLCAPPDELTA20_CHEN;74305.495;138047295.3;1.753148969;1.015994167;1446.625;54;Rand;2.0;10000;1.0;14
normalized;PELLCAPPDELTA20_CHEN;65568.535;136673155.9;1.753148969;1.015994167;1293.6;54;Rand;2.0;10000;1.5;14
normalized;PELLCAPPDELTA20_CHEN;86934.31;136988044.9;1.753148969;1.015994167;1267.845;54;Rand;2.0;10000;2.0;14
normalized;PELLCAPPDELTA20_CHEN;59508.705;136662168.6;1.753148969;1.015994167;1228.74;54;Rand;2.0;10000;2.5;14
normalized;PELLCAPPDELTA20_CHEN;58382.595;136417151.8;1.753148969;1.015994167;1222.445;54;Rand;2.0;10000;3.0;14
normalized;PELLCAPPDELTA20_CHEN;55251.28;137250424.6;1.753148969;1.015994167;1211.62;54;Rand;2.0;10000;3.5;14
normalized;PELLCAPPDELTA20_CHEN;56801.545;137017164.0;1.753148969;1.015994167;1203.94;54;Rand;2.0;10000;4.0;14
normalized;PELLCAPPDELTA20_CHEN;47649.205;139158769.9;1.753148969;1.015994167;1181.315;54;Rand;2.0;10000;5.0;14
normalized;PELLCAPPDELTA20_CHEN;46126.855;138073014.9;1.753148969;1.015994167;1158.205;54;Rand;2.0;10000;10.0;14
normalized;PELLCAPPDELTA20_CHEN;44034.615;134492352.8;1.753148969;1.015994167;1120.225;54;Rand;2.0;10000;15.0;14
normalized;PELLCAPPDELTA20_CHEN;45365.07;134061289.2;1.753148969;1.015994167;1120.225;54;Rand;2.0;10000;20.0;14
normalized;PELLCAPPDELTA20_CHEN;47688.58;134772047.1;1.753148969;1.015994167;1120.225;54;Rand;2.0;10000;30.0;14
normalized;PELLCAPPDELTA20_CHEN;49965.06;133905658.4;1.753148969;1.015994167;1120.225;54;Rand;2.0;10000;40.0;14
normalized;PELLCAPPDELTA20_CHEN;46052.625;134236313.6;1.753148969;1.015994167;1120.225;54;Rand;2.0;10000;50.0;14
normalized;PELLCAPPDELTA20_CHEN;53296.355;132932442.1;1.753148969;1.015994167;1120.225;54;Rand;2.0;10000;70.0;14
normalized;PELLCAPPDELTA20_CHEN;49196.46;133203738.8;1.753148969;1.015994167;1120.225;54;Rand;2.0;10000;100.0;14
normalized;PELLCAPPDELTA20_CHEN;47221.435;132450154.5;1.753148969;1.015994167;1120.225;54;Rand;2.0;10000;200.0;14
normalized;PELLCAPPDELTA20_CHEN;51497.105;133619253.0;1.753148969;1.015994167;1120.225;54;Rand;2.0;10000;500.0;14
normalized;PELLCAPPDELTA20_CHEN;45217.265;132888361.0;1.753148969;1.015994167;1120.225;54;Rand;2.0;10000;1000.0;14
covtype;CHEN;6904.445;20365379765.0;2575.508639;1.0;10000.0;54;Rand;0.0;10000;2.0;7
covtype;CHEN;9870.76;19866749295.0;1815.24551;1.0;10000.0;54;Rand;0.0;10000;2.0;14
covtype;CHEN;8047.885;20165371331.0;1262.88965;1.0;10000.0;54;Rand;0.0;10000;2.0;35
covtype;CHEN;7737.01;20593708686.0;970.4142852;1.0;10000.0;54;Rand;0.0;10000;2.0;70
covtype;CHEN;8914.2;20013080419.0;837.138001;1.0;10000.0;54;Rand;0.0;10000;2.0;105
covtype;CHEN;10425.325;20999979322.0;749.6684196;1.0;10000.0;54;Rand;0.0;10000;2.0;140
covtype;CHEN;12095.63;21817064606.0;697.456655;1.0;10000.0;54;Rand;0.0;10000;2.0;175
covtype;CHEN;12340.64;24485384442.0;583.5080873;1.0;10000.0;54;Rand;0.0;10000;2.0;350
covtype;CHEN;13311.105;28438767910.0;519.4791925;1.0;10000.0;54;Rand;0.0;10000;2.0;700
covtype;PELLCAPP_CHEN;3126150.84;18771629938.0;2581.439799;1.009741804;39726.535;54;Rand;;10000;2.0;7
covtype;PELLCAPP_CHEN;3895869.105;19118642516.0;1872.336237;1.034091275;44455.875;54;Rand;;10000;2.0;14
covtype;PELLCAPP_CHEN;4481986.69;18968840442.0;1262.88965;1.0;66532.445;54;Rand;;10000;2.0;35
covtype;PELLCAPP_CHEN;4903337.945;19369048214.0;970.4142852;1.0;69391.865;54;Rand;;10000;2.0;70
covtype;PELLCAPP_CHEN;5273313.12;19573076790.0;837.138001;1.0;71538.43;54;Rand;;10000;2.0;105
covtype;PELLCAPP_CHEN;5622004.85;20059341279.0;749.6684196;1.0;73638.825;54;Rand;;10000;2.0;140
covtype;PELLCAPP_CHEN;5118823.83;20696805560.0;697.456655;1.0;75949.935;54;Rand;;10000;2.0;175
covtype;PELLCAPP_CHEN;9533285.65;22961239326.0;583.5080873;1.0;99139.35;54;Rand;;10000;2.0;350
covtype;PELLCAPP_CHEN;20068699.55;25367217081.0;519.4791925;1.0;109346.355;54;Rand;;10000;2.0;700
covtype;PELLCAPPDELTA05_CHEN;120972.605;467637132.4;2870.123592;1.123497697;2254.44;54;Rand;0.5;10000;2.0;7
covtype;PELLCAPPDELTA05_CHEN;393114.165;1369606475.0;1786.241817;0.987750721;5751.845;54;Rand;0.5;10000;2.0;14
covtype;PELLCAPPDELTA05_CHEN;1362662.265;17510726091.0;1264.679171;1.005411934;21434.725;54;Rand;0.5;10000;2.0;35
covtype;PELLCAPPDELTA05_CHEN;1631357.865;18964121870.0;998.5781419;1.032006939;25886.04;54;Rand;0.5;10000;2.0;70
covtype;PELLCAPPDELTA05_CHEN;1865058.46;19478699848.0;869.0724013;1.041181536;28273.93;54;Rand;0.5;10000;2.0;105
covtype;PELLCAPPDELTA05_CHEN;2179057.605;19978012370.0;770.129163;1.029105209;30120.615;54;Rand;0.5;10000;2.0;140
covtype;PELLCAPPDELTA05_CHEN;2279611.72;20624849157.0;725.3581621;1.042176729;32248.515;54;Rand;0.5;10000;2.0;175
covtype;PELLCAPPDELTA05_CHEN;6469913.625;22958871677.0;585.0027736;1.003216451;54584.55;54;Rand;0.5;10000;2.0;350
covtype;PELLCAPPDELTA05_CHEN;16403397.17;25419530943.0;522.9571615;1.006732367;64179.57;54;Rand;0.5;10000;2.0;700
covtype;PELLCAPPDELTA10_CHEN;48354.965;19568862.63;2614.706005;1.025523085;656.365;54;Rand;1.0;10000;2.0;7
covtype;PELLCAPPDELTA10_CHEN;163040.045;63300425.64;1836.448492;1.015566244;2530.545;54;Rand;1.0;10000;2.0;14
covtype;PELLCAPPDELTA10_CHEN;354048.275;15444254918.0;1296.105936;1.030473076;12168.875;54;Rand;1.0;10000;2.0;35
covtype;PELLCAPPDELTA10_CHEN;562675.445;17112522802.0;992.7156251;1.02686026;14699.005;54;Rand;1.0;10000;2.0;70
covtype;PELLCAPPDELTA10_CHEN;806613.53;18259879829.0;916.3567063;1.097558355;17145.69;54;Rand;1.0;10000;2.0;105
covtype;PELLCAPPDELTA10_CHEN;1130856.83;19031235482.0;805.5807806;1.075664106;19447.03;54;Rand;1.0;10000;2.0;140
covtype;PELLCAPPDELTA10_CHEN;1419781.325;20095362465.0;731.1334934;1.050700845;21786.345;54;Rand;1.0;10000;2.0;175
covtype;PELLCAPPDELTA10_CHEN;5260943.565;22913309150.0;571.9241771;0.981604444;42899.315;54;Rand;1.0;10000;2.0;350
covtype;PELLCAPPDELTA10_CHEN;14996393.47;25319992128.0;514.9950742;0.991689333;51824.135;54;Rand;1.0;10000;2.0;700
covtype;PELLCAPPDELTA15_CHEN;36047.455;3967332.22;2392.624193;0.937846266;402.285;54;Rand;1.5;10000;2.0;7
covtype;PELLCAPPDELTA15_CHEN;98566.84;11647661.29;1793.084166;0.992080754;1818.485;54;Rand;1.5;10000;2.0;14
covtype;PELLCAPPDELTA15_CHEN;173088.095;6171656368.0;1400.846004;1.114668726;7349.9;54;Rand;1.5;10000;2.0;35
covtype;PELLCAPPDELTA15_CHEN;361930.57;13765791940.0;1032.403462;1.06674049;11549.675;54;Rand;1.5;10000;2.0;70
covtype;PELLCAPPDELTA15_CHEN;598980.49;16607637938.0;881.5845353;1.055095158;13826.525;54;Rand;1.5;10000;2.0;105
covtype;PELLCAPPDELTA15_CHEN;908839.435;17264342273.0;810.4697644;1.083131581;15604.465;54;Rand;1.5;10000;2.0;140
covtype;PELLCAPPDELTA15_CHEN;1218898.455;18696532201.0;757.6297321;1.087909211;17598.63;54;Rand;1.5;10000;2.0;175
covtype;PELLCAPPDELTA15_CHEN;4448960.365;22709528993.0;595.4842621;1.022430154;35193.295;54;Rand;1.5;10000;2.0;350
covtype;PELLCAPPDELTA15_CHEN;13939780.37;25345077023.0;521.5291314;1.004382399;44785.02;54;Rand;1.5;10000;2.0;700
covtype;PELLCAPPDELTA20_CHEN;31676.76;2142786.145;2808.803279;1.100903631;328.42;54;Rand;2.0;10000;2.0;7
covtype;PELLCAPPDELTA20_CHEN;76476.015;5899688.95;1881.691523;1.041977894;1475.22;54;Rand;2.0;10000;2.0;14
covtype;PELLCAPPDELTA20_CHEN;116705.51;1730314155.0;1271.884973;1.011104112;4284.725;54;Rand;2.0;10000;2.0;35
covtype;PELLCAPPDELTA20_CHEN;296621.275;5541797853.0;1017.090189;1.051345665;7826.215;54;Rand;2.0;10000;2.0;70
covtype;PELLCAPPDELTA20_CHEN;532843.6;9747736685.0;874.4820619;1.047090515;10789.14;54;Rand;2.0;10000;2.0;105
covtype;PELLCAPPDELTA20_CHEN;815462.895;13463402467.0;794.0452792;1.060709104;13380.73;54;Rand;2.0;10000;2.0;140
covtype;PELLCAPPDELTA20_CHEN;1111980.895;16919145084.0;716.1866948;1.028752462;15773.555;54;Rand;2.0;10000;2.0;175
covtype;PELLCAPPDELTA20_CHEN;3914654.58;22271800595.0;629.3015173;1.080296479;30949.59;54;Rand;2.0;10000;2.0;350
covtype;PELLCAPPDELTA20_CHEN;13250907.69;25371135621.0;522.5381023;1.00666465;39521.115;54;Rand;2.0;10000;2.0;700
higgs;CHEN;3200.91;15313855272.0;9.734925737;1.0;10000.0;7;Rand;0.0;10000;2.0;7
higgs;CHEN;5344.615;15857026663.0;6.912918993;1.0;10000.0;7;Rand;0.0;10000;2.0;14
higgs;CHEN;4057.57;16016479746.0;3.037318949;1.0;10000.0;7;Rand;0.0;10000;2.0;35
higgs;CHEN;4234.56;15789492964.0;2.497089679;1.0;10000.0;7;Rand;0.0;10000;2.0;70
higgs;CHEN;4732.36;17228155595.0;2.33181524;1.0;10000.0;7;Rand;0.0;10000;2.0;105
higgs;CHEN;5640.53;17203724064.0;2.229467402;1.0;10000.0;7;Rand;0.0;10000;2.0;140
higgs;CHEN;5886.67;17618263225.0;1.60129463;1.0;10000.0;7;Rand;0.0;10000;2.0;175
higgs;CHEN;7024.215;17677488116.0;1.342799785;1.0;10000.0;7;Rand;0.0;10000;2.0;350
higgs;CHEN;7080.065;17812460648.0;0.965439061;1.0;10000.0;7;Rand;0.0;10000;2.0;700
higgs;PELLCAPP_CHEN;582276.42;3634232450.0;9.888722973;1.017692798;16423.62;7;Rand;;10000;2.0;7
higgs;PELLCAPP_CHEN;828837.615;6533492336.0;7.111590402;1.040550854;31702.505;7;Rand;;10000;2.0;14
higgs;PELLCAPP_CHEN;1257214.07;15259457752.0;3.061201417;1.008569956;45168.035;7;Rand;;10000;2.0;35
higgs;PELLCAPP_CHEN;1871499.705;15313826261.0;2.526882753;1.01357053;57281.97;7;Rand;;10000;2.0;70
higgs;PELLCAPP_CHEN;3283722.64;15263046254.0;2.33181524;1.0;61039.465;7;Rand;;10000;2.0;105
higgs;PELLCAPP_CHEN;2738763.85;15322014898.0;2.229467402;1.0;62396.495;7;Rand;;10000;2.0;140
higgs;PELLCAPP_CHEN;2038622.665;15583436059.0;1.60129463;1.0;63401.775;7;Rand;;10000;2.0;175
higgs;PELLCAPP_CHEN;2456572.605;15628599870.0;1.342799785;1.0;67241.53;7;Rand;;10000;2.0;350
higgs;PELLCAPP_CHEN;3389368.505;15846047271.0;0.965439061;1.0;79872.99;7;Rand;;10000;2.0;700
higgs;PELLCAPPDELTA05_CHEN;44747.055;839439.57;8.705663978;0.898380124;643.315;7;Rand;0.5;10000;2.0;7
higgs;PELLCAPPDELTA05_CHEN;55599.88;1662079.19;6.165686795;0.903658059;1553.265;7;Rand;0.5;10000;2.0;14
higgs;PELLCAPPDELTA05_CHEN;190199.4;421695190.2;2.882989463;0.950264887;7687.745;7;Rand;0.5;10000;2.0;35
higgs;PELLCAPPDELTA05_CHEN;275949.16;708082578.4;2.386161869;0.95770518;14944.52;7;Rand;0.5;10000;2.0;70
higgs;PELLCAPPDELTA05_CHEN;566605.67;14416290241.0;2.368768491;1.018609119;17653.84;7;Rand;0.5;10000;2.0;105
higgs;PELLCAPPDELTA05_CHEN;513092.595;14859450468.0;2.195526455;0.985886568;18937.545;7;Rand;0.5;10000;2.0;140
higgs;PELLCAPPDELTA05_CHEN;433371.97;15259471576.0;1.609017383;1.006761905;19830.225;7;Rand;0.5;10000;2.0;175
higgs;PELLCAPPDELTA05_CHEN;632792.04;15295918779.0;1.369226289;1.021292665;23364.715;7;Rand;0.5;10000;2.0;350
higgs;PELLCAPPDELTA05_CHEN;1204860.395;15420910490.0;0.982616818;1.019425874;35006.765;7;Rand;0.5;10000;2.0;700
higgs;PELLCAPPDELTA10_CHEN;20005.545;154882.0;9.155266651;0.947429052;269.675;7;Rand;1.0;10000;2.0;7
higgs;PELLCAPPDELTA10_CHEN;35262.44;438950.975;7.125476812;1.04565827;600.23;7;Rand;1.0;10000;2.0;14
higgs;PELLCAPPDELTA10_CHEN;74391.42;43994678.51;2.979702518;0.983544839;4044.525;7;Rand;1.0;10000;2.0;35
higgs;PELLCAPPDELTA10_CHEN;116378.505;81200754.65;2.497720978;1.001859928;7416.36;7;Rand;1.0;10000;2.0;70
higgs;PELLCAPPDELTA10_CHEN;230766.025;4062320174.0;2.298169893;0.987948448;8689.835;7;Rand;1.0;10000;2.0;105
higgs;PELLCAPPDELTA10_CHEN;235448.24;4963610143.0;1.910587361;0.859577199;10057.05;7;Rand;1.0;10000;2.0;140
higgs;PELLCAPPDELTA10_CHEN;204015.215;5996147183.0;1.631852361;1.021170036;11138.43;7;Rand;1.0;10000;2.0;175
higgs;PELLCAPPDELTA10_CHEN;328957.51;9591005831.0;1.346778326;1.003965875;15208.18;7;Rand;1.0;10000;2.0;350
higgs;PELLCAPPDELTA10_CHEN;765720.48;15216541971.0;1.021072995;1.059239248;25931.26;7;Rand;1.0;10000;2.0;700
higgs;PELLCAPPDELTA15_CHEN;17140.385;118612.42;10.10199755;1.041295108;182.21;7;Rand;1.5;10000;2.0;7
higgs;PELLCAPPDELTA15_CHEN;29132.76;252224.86;7.291946412;1.068987199;395.165;7;Rand;1.5;10000;2.0;14
higgs;PELLCAPPDELTA15_CHEN;47681.425;16890549.24;2.913062684;0.961099907;2555.785;7;Rand;1.5;10000;2.0;35
higgs;PELLCAPPDELTA15_CHEN;79990.78;28949843.03;2.413581084;0.968898049;4407.905;7;Rand;1.5;10000;2.0;70
higgs;PELLCAPPDELTA15_CHEN;128361.31;995531183.4;2.115737972;0.912439888;5106.645;7;Rand;1.5;10000;2.0;105
higgs;PELLCAPPDELTA15_CHEN;133620.29;1286846946.0;1.853411074;0.834317183;6128.895;7;Rand;1.5;10000;2.0;140
higgs;PELLCAPPDELTA15_CHEN;123128.04;1601566892.0;1.635427053;1.023335064;6900.435;7;Rand;1.5;10000;2.0;175
higgs;PELLCAPPDELTA15_CHEN;216397.23;2867333038.0;1.347056149;1.004324753;10034.135;7;Rand;1.5;10000;2.0;350
higgs;PELLCAPPDELTA15_CHEN;548835.145;5896537180.0;1.021926935;1.060025775;19260.855;7;Rand;1.5;10000;2.0;700
higgs;PELLCAPPDELTA20_CHEN;16230.92;51266.455;11.1797091;1.152107921;153.76;7;Rand;2.0;10000;2.0;7
higgs;PELLCAPPDELTA20_CHEN;26475.09;230482.78;8.845994847;1.298893761;289.365;7;Rand;2.0;10000;2.0;14
higgs;PELLCAPPDELTA20_CHEN;39924.1;6838793.0;3.044651747;1.004450355;1843.135;7;Rand;2.0;10000;2.0;35
higgs;PELLCAPPDELTA20_CHEN;51515.125;12416092.89;2.507572207;1.006150823;3106.44;7;Rand;2.0;10000;2.0;70
higgs;PELLCAPPDELTA20_CHEN;90090.595;353433947.6;2.309295599;0.994886475;3566.675;7;Rand;2.0;10000;2.0;105
higgs;PELLCAPPDELTA20_CHEN;98996.255;476993369.9;2.159522219;0.970953897;4382.35;7;Rand;2.0;10000;2.0;140
higgs;PELLCAPPDELTA20_CHEN;92414.57;607521376.6;1.713752292;1.072560327;5016.41;7;Rand;2.0;10000;2.0;175
higgs;PELLCAPPDELTA20_CHEN;165733.98;1196404614.0;1.383792334;1.032310322;7572.4;7;Rand;2.0;10000;2.0;350
higgs;PELLCAPPDELTA20_CHEN;405467.765;3032685264.0;1.027741787;1.066839436;15782.2;7;Rand;2.0;10000;2.0;700
phones;CHEN;7135.775;16376666154.0;12.77619581;1.0;10000.0;3;Rand;0.0;10000;2.0;7
phones;CHEN;10499.46;15689677286.0;9.404855031;1.0;10000.0;3;Rand;0.0;10000;2.0;14
phones;CHEN;5474.69;15223319617.0;7.517653695;1.0;10000.0;3;Rand;0.0;10000;2.0;35
phones;CHEN;8696.76;15220877994.0;5.764995185;1.0;10000.0;3;Rand;0.0;10000;2.0;70
phones;CHEN;6689.29;15515089474.0;5.328525745;1.0;10000.0;3;Rand;0.0;10000;2.0;105
phones;CHEN;7025.89;15113446477.0;4.51837068;1.0;10000.0;3;Rand;0.0;10000;2.0;140
phones;CHEN;8245.745;15750579993.0;4.053793262;1.0;10000.0;3;Rand;0.0;10000;2.0;175
phones;CHEN;12660.71;15982672286.0;2.575317425;1.0;10000.0;3;Rand;0.0;10000;2.0;350
phones;CHEN;12765.16;16196313876.0;1.70757601;1.0;10000.0;3;Rand;0.0;10000;2.0;700
phones;PELLCAPP_CHEN;651332.08;8022645615.0;12.39573318;0.976160016;22229.355;3;Rand;;10000;2.0;7
phones;PELLCAPP_CHEN;798066.25;10079209793.0;9.691914254;1.035298923;26988.045;3;Rand;;10000;2.0;14
phones;PELLCAPP_CHEN;1289403.005;14733089889.0;7.533087005;1.007648236;49345.44;3;Rand;;10000;2.0;35
phones;PELLCAPP_CHEN;1517030.01;15068005206.0;5.799044444;1.007962231;54941.875;3;Rand;;10000;2.0;70
phones;PELLCAPP_CHEN;2156222.355;14940884704.0;5.279547877;0.996256338;61015.345;3;Rand;;10000;2.0;105
phones;PELLCAPP_CHEN;2257062.605;14893330644.0;4.541650272;1.007803246;67430.9;3;Rand;;10000;2.0;140
phones;PELLCAPP_CHEN;2400288.445;15124881495.0;4.044585518;0.999611981;75913.735;3;Rand;;10000;2.0;175
phones;PELLCAPP_CHEN;3925498.37;15408985237.0;2.61201387;1.016903048;97934.595;3;Rand;;10000;2.0;350
phones;PELLCAPP_CHEN;6476320.675;15899837506.0;1.712223077;1.002910519;122372.295;3;Rand;;10000;2.0;700
phones;PELLCAPPDELTA05_CHEN;76188.665;60880353.26;12.53758343;0.987733197;1676.445;3;Rand;0.5;10000;2.0;7
phones;PELLCAPPDELTA05_CHEN;110314.46;185348749.8;9.735858809;1.041456347;3153.2;3;Rand;0.5;10000;2.0;14
phones;PELLCAPPDELTA05_CHEN;229540.785;6907320803.0;6.945256409;0.933799968;12548.315;3;Rand;0.5;10000;2.0;35
phones;PELLCAPPDELTA05_CHEN;314870.095;9384624280.0;5.734361505;0.996815516;17280.865;3;Rand;0.5;10000;2.0;70
phones;PELLCAPPDELTA05_CHEN;550835.975;10572402220.0;5.674411826;1.07232633;22342.515;3;Rand;0.5;10000;2.0;105
phones;PELLCAPPDELTA05_CHEN;606116.885;11587344195.0;4.454992497;0.990112471;27577.965;3;Rand;0.5;10000;2.0;140
phones;PELLCAPPDELTA05_CHEN;785471.92;12593089532.0;3.897689411;0.965510759;34370.96;3;Rand;0.5;10000;2.0;175
phones;PELLCAPPDELTA05_CHEN;2010206.08;15092530279.0;2.500086268;0.974932447;55809.17;3;Rand;0.5;10000;2.0;350
phones;PELLCAPPDELTA05_CHEN;4095999.02;15421642715.0;1.673933739;0.981588808;80420.46;3;Rand;0.5;10000;2.0;700
phones;PELLCAPPDELTA10_CHEN;46568.11;7813060.67;12.70364547;1.001555633;797.68;3;Rand;1.0;10000;2.0;7
phones;PELLCAPPDELTA10_CHEN;70035.615;23193374.66;9.810553749;1.049474637;1688.605;3;Rand;1.0;10000;2.0;14
phones;PELLCAPPDELTA10_CHEN;108480.085;1878093680.0;7.335507487;0.983733815;6323.77;3;Rand;1.0;10000;2.0;35
phones;PELLCAPPDELTA10_CHEN;176401.12;4323419588.0;5.878471528;1.022136129;10613.58;3;Rand;1.0;10000;2.0;70
phones;PELLCAPPDELTA10_CHEN;330233.31;6452969675.0;5.292505444;0.999988396;15211.89;3;Rand;1.0;10000;2.0;105
phones;PELLCAPPDELTA10_CHEN;400087.285;8089140381.0;4.469117688;0.991662874;19761.9;3;Rand;1.0;10000;2.0;140
phones;PELLCAPPDELTA10_CHEN;499902.305;9311092237.0;4.115926043;1.020111188;25397.13;3;Rand;1.0;10000;2.0;175
phones;PELLCAPPDELTA10_CHEN;1575711.24;14761428980.0;2.560182911;0.9974583;44546.625;3;Rand;1.0;10000;2.0;350
phones;PELLCAPPDELTA10_CHEN;3659078.415;15162452197.0;1.702658972;0.998417233;68558.515;3;Rand;1.0;10000;2.0;700
phones;PELLCAPPDELTA15_CHEN;34850.315;2782741.325;13.14039834;1.035455627;559.685;3;Rand;1.5;10000;2.0;7
phones;PELLCAPPDELTA15_CHEN;60558.77;6771021.425;10.23490417;1.094773845;1209.53;3;Rand;1.5;10000;2.0;14
phones;PELLCAPPDELTA15_CHEN;75610.565;720769382.1;7.13640902;0.958523232;4176.645;3;Rand;1.5;10000;2.0;35
phones;PELLCAPPDELTA15_CHEN;139535.615;1867952708.0;5.865188805;1.019530854;7581.21;3;Rand;1.5;10000;2.0;70
phones;PELLCAPPDELTA15_CHEN;233463.32;3069418278.0;5.275033142;0.997116139;11577.98;3;Rand;1.5;10000;2.0;105
phones;PELLCAPPDELTA15_CHEN;310018.33;4273542700.0;4.626986822;1.027699887;15776.985;3;Rand;1.5;10000;2.0;140
phones;PELLCAPPDELTA15_CHEN;376253.365;5544663835.0;3.881868191;0.962351108;21108.81;3;Rand;1.5;10000;2.0;175
phones;PELLCAPPDELTA15_CHEN;1452888.795;14425892552.0;2.567863135;1.001149701;40582.16;3;Rand;1.5;10000;2.0;350
phones;PELLCAPPDELTA15_CHEN;3426218.66;15127676940.0;1.764180923;1.034029293;64504.045;3;Rand;1.5;10000;2.0;700
phones;PELLCAPPDELTA20_CHEN;30406.25;1825125.98;11.94209241;0.94099891;456.27;3;Rand;2.0;10000;2.0;7
phones;PELLCAPPDELTA20_CHEN;56311.62;3869364.95;12.09585991;1.293767149;1015.445;3;Rand;2.0;10000;2.0;14
phones;PELLCAPPDELTA20_CHEN;73522.555;324414053.4;7.551293903;1.014453766;3117.6;3;Rand;2.0;10000;2.0;35
phones;PELLCAPPDELTA20_CHEN;114263.635;967342304.7;5.73506411;0.998423302;6031.435;3;Rand;2.0;10000;2.0;70
phones;PELLCAPPDELTA20_CHEN;178125.995;1668821282.0;4.864848883;0.919640485;9597.165;3;Rand;2.0;10000;2.0;105
phones;PELLCAPPDELTA20_CHEN;262478.91;2404224909.0;4.262576949;0.946359649;13257.79;3;Rand;2.0;10000;2.0;140
phones;PELLCAPPDELTA20_CHEN;324872.24;3175664484.0;3.752742164;0.932552901;18188.37;3;Rand;2.0;10000;2.0;175
phones;PELLCAPPDELTA20_CHEN;1309697.345;13326559893.0;2.649337401;1.033446929;36237.47;3;Rand;2.0;10000;2.0;350
phones;PELLCAPPDELTA20_CHEN;3296382.08;15178856307.0;1.755304785;1.030003986;60209.7;3;Rand;2.0;10000;2.0;700
normalized;CHEN;6133.72;18989027304.0;1.960179741;1.0;10000.0;54;Rand;0.0;10000;2.0;7
normalized;CHEN;11075.12;20500798836.0;1.729321956;1.0;10000.0;54;Rand;0.0;10000;2.0;14
normalized;CHEN;6320.35;21260370552.0;1.588315782;1.0;10000.0;54;Rand;0.0;10000;2.0;35
normalized;CHEN;7924.28;21949348448.0;1.436621725;1.0;10000.0;54;Rand;0.0;10000;2.0;70
normalized;CHEN;7929.165;22933833229.0;1.048025975;1.0;10000.0;54;Rand;0.0;10000;2.0;105
normalized;CHEN;8931.305;23333774502.0;0.884897983;1.0;10000.0;54;Rand;0.0;10000;2.0;140
normalized;CHEN;10908.15;24568417102.0;0.823864149;1.0;10000.0;54;Rand;0.0;10000;2.0;175
normalized;CHEN;11644.535;23638565075.0;0.683451297;1.0;10000.0;54;Rand;0.0;10000;2.0;350
normalized;CHEN;13603.635;27367617052.0;0.618593532;1.0;10000.0;54;Rand;0.0;10000;2.0;700
normalized;PELLCAPP_CHEN;2890103.885;18589659489.0;1.958924164;0.999453105;51420.06;54;Rand;;10000;2.0;7
normalized;PELLCAPP_CHEN;4799705.275;19835049001.0;1.729554154;1.000144402;53564.47;54;Rand;;10000;2.0;14
normalized;PELLCAPP_CHEN;5399925.335;19708057846.0;1.587840347;0.999746074;56849.605;54;Rand;;10000;2.0;35
normalized;PELLCAPP_CHEN;4769503.075;20164384750.0;1.435410575;0.999184196;61004.42;54;Rand;;10000;2.0;70
normalized;PELLCAPP_CHEN;6430949.465;20854893086.0;1.048025975;1.0;65017.03;54;Rand;;10000;2.0;105
normalized;PELLCAPP_CHEN;6598759.53;21121520152.0;0.884897983;1.0;71056.625;54;Rand;;10000;2.0;140
normalized;PELLCAPP_CHEN;7181464.735;21960593090.0;0.823864149;1.0;84170.755;54;Rand;;10000;2.0;175
normalized;PELLCAPP_CHEN;9330999.665;22993453773.0;0.683451297;1.0;91035.74;54;Rand;;10000;2.0;350
normalized;PELLCAPP_CHEN;18280080.95;24778000378.0;0.618593532;1.0;101288.915;54;Rand;;10000;2.0;700
normalized;PELLCAPPDELTA05_CHEN;468144.77;6343853544.0;1.849413745;0.948610758;8751.695;54;Rand;0.5;10000;2.0;7
normalized;PELLCAPPDELTA05_CHEN;645508.15;11331147444.0;1.70184716;0.986414708;11259.02;54;Rand;0.5;10000;2.0;14
normalized;PELLCAPPDELTA05_CHEN;746906.035;16673429199.0;1.603296388;1.010009456;14808.33;54;Rand;0.5;10000;2.0;35
normalized;PELLCAPPDELTA05_CHEN;850027.39;18682969770.0;1.450748501;1.010257125;18349.885;54;Rand;0.5;10000;2.0;70
normalized;PELLCAPPDELTA05_CHEN;1495908.525;19593619736.0;1.014344229;0.96875829;22009.095;54;Rand;0.5;10000;2.0;105
normalized;PELLCAPPDELTA05_CHEN;2312372.545;20135296397.0;0.916341638;1.037591219;27791.145;54;Rand;0.5;10000;2.0;140
normalized;PELLCAPPDELTA05_CHEN;3596447.27;21045338972.0;0.828157454;1.005780458;39665.1;54;Rand;0.5;10000;2.0;175
normalized;PELLCAPPDELTA05_CHEN;6046638.275;22924867339.0;0.701268671;1.026591596;47234.545;54;Rand;0.5;10000;2.0;350
normalized;PELLCAPPDELTA05_CHEN;15171079.48;24552957534.0;0.614907783;0.994475312;56876.325;54;Rand;0.5;10000;2.0;700
normalized;PELLCAPPDELTA10_CHEN;103826.41;509277504.5;1.915865563;0.984837769;2559.995;54;Rand;1.0;10000;2.0;7
normalized;PELLCAPPDELTA10_CHEN;171917.3;1364146304.0;1.812808917;1.050607232;3937.67;54;Rand;1.0;10000;2.0;14
normalized;PELLCAPPDELTA10_CHEN;237570.41;4955608988.0;1.587845607;1.000280271;7576.49;54;Rand;1.0;10000;2.0;35
normalized;PELLCAPPDELTA10_CHEN;424365.11;10689271630.0;1.431131186;0.99655339;12052.03;54;Rand;1.0;10000;2.0;70
normalized;PELLCAPPDELTA10_CHEN;866620.63;14800134804.0;1.066862442;1.018859065;16020.43;54;Rand;1.0;10000;2.0;105
normalized;PELLCAPPDELTA10_CHEN;1346872.38;17790235187.0;0.930882508;1.054694994;21180.455;54;Rand;1.0;10000;2.0;140
normalized;PELLCAPPDELTA10_CHEN;2029976.435;19166943794.0;0.898906026;1.09145041;30282.215;54;Rand;1.0;10000;2.0;175
normalized;PELLCAPPDELTA10_CHEN;4655487.535;22506730836.0;0.660918762;0.96762231;38775.05;54;Rand;1.0;10000;2.0;350
normalized;PELLCAPPDELTA10_CHEN;13797074.85;23997116217.0;0.620925288;1.004948867;48687.49;54;Rand;1.0;10000;2.0;700
normalized;PELLCAPPDELTA15_CHEN;68028.32;113077817.3;1.841534851;0.944773194;1145.35;54;Rand;1.5;10000;2.0;7
normalized;PELLCAPPDELTA15_CHEN;103395.725;335993640.0;1.744256808;1.010968394;1847.025;54;Rand;1.5;10000;2.0;14
normalized;PELLCAPPDELTA15_CHEN;138668.33;1446102590.0;1.581689061;0.996338058;3797.07;54;Rand;1.5;10000;2.0;35
normalized;PELLCAPPDELTA15_CHEN;302444.06;4095577023.0;1.438197924;1.00148542;6853.645;54;Rand;1.5;10000;2.0;70
normalized;PELLCAPPDELTA15_CHEN;644656.305;6855972869.0;1.129715943;1.079469131;9877.465;54;Rand;1.5;10000;2.0;105
normalized;PELLCAPPDELTA15_CHEN;1040379.46;9752874432.0;0.992764398;1.122926874;14129.925;54;Rand;1.5;10000;2.0;140
normalized;PELLCAPPDELTA15_CHEN;1419344.945;12474846219.0;0.89716779;1.089475219;21951.385;54;Rand;1.5;10000;2.0;175
normalized;PELLCAPPDELTA15_CHEN;3937470.26;22013093412.0;0.659067972;0.964539815;28927.995;54;Rand;1.5;10000;2.0;350
normalized;PELLCAPPDELTA15_CHEN;13180175.28;23661882123.0;0.597871774;0.968110736;38485.385;54;Rand;1.5;10000;2.0;700
normalized;PELLCAPPDELTA20_CHEN;54781.63;43825738.5;1.960326071;1.007438288;768.305;54;Rand;2.0;10000;2.0;7
normalized;PELLCAPPDELTA20_CHEN;86934.31;136988044.9;1.753148969;1.015994167;1267.845;54;Rand;2.0;10000;2.0;14
normalized;PELLCAPPDELTA20_CHEN;119618.715;618410355.4;1.651481924;1.040434054;2699.745;54;Rand;2.0;10000;2.0;35
normalized;PELLCAPPDELTA20_CHEN;246593.165;1804007876.0;1.444037373;1.005542329;5051.07;54;Rand;2.0;10000;2.0;70
normalized;PELLCAPPDELTA20_CHEN;485486.27;3215417581.0;1.165896082;1.113437735;7556.825;54;Rand;2.0;10000;2.0;105
normalized;PELLCAPPDELTA20_CHEN;835665.695;4735066434.0;0.947749588;1.072941919;11387.01;54;Rand;2.0;10000;2.0;140
normalized;PELLCAPPDELTA20_CHEN;1174754.29;6302691130.0;0.932782689;1.132966079;18616.47;54;Rand;2.0;10000;2.0;175
normalized;PELLCAPPDELTA20_CHEN;3613235.825;21835326819.0;0.686283255;1.004676046;25634.725;54;Rand;2.0;10000;2.0;350
normalized;PELLCAPPDELTA20_CHEN;12834816.87;23954928939.0;0.580025275;0.938606932;35655.785;54;Rand;2.0;10000;2.0;700
blobs;CHEN;11170.185;15911172745.0;14.15535382;1.0;10000.0;5;Rand;0.0;10000;2.0;21
blobs;CHEN;10458.085;16150779580.0;16.63565845;1.0;10000.0;10;Rand;0.0;10000;2.0;21
blobs;CHEN;10553.76;17502872757.0;18.0588148;1.0;10000.0;15;Rand;0.0;10000;2.0;21
blobs;CHEN;8686.505;17468507191.0;20.44704064;1.0;10000.0;20;Rand;0.0;10000;2.0;21
blobs;CHEN;7554.085;16834427728.0;22.0250046;1.0;10000.0;25;Rand;0.0;10000;2.0;21
blobs;CHEN;8610.19;17011642359.0;23.16891742;1.0;10000.0;30;Rand;0.0;10000;2.0;21
blobs;CHEN;7888.765;17526117607.0;24.56256606;1.0;10000.0;35;Rand;0.0;10000;2.0;21
blobs;CHEN;8072.13;18151701079.0;25.54958795;1.0;10000.0;40;Rand;0.0;10000;2.0;21
blobs;CHEN;9018.31;18431779038.0;28.19001437;1.0;10000.0;45;Rand;0.0;10000;2.0;21
blobs;CHEN;7796.43;19037447816.0;27.51919913;1.0;10000.0;50;Rand;0.0;10000;2.0;21
blobs;PELLCAPP_CHEN;2419707.065;15645039558.0;14.15535382;1.0;65406.565;5;Rand;;10000;2.0;21
blobs;PELLCAPP_CHEN;3667501.6;15923715345.0;16.63565845;1.0;74988.845;10;Rand;;10000;2.0;21
blobs;PELLCAPP_CHEN;5581849.23;16265398308.0;18.0588148;1.0;81008.695;15;Rand;;10000;2.0;21
blobs;PELLCAPP_CHEN;3751813.36;16346523653.0;20.44704064;1.0;67249.145;20;Rand;;10000;2.0;21
blobs;PELLCAPP_CHEN;3672815.725;16563498906.0;22.0250046;1.0;65982.395;25;Rand;;10000;2.0;21
blobs;PELLCAPP_CHEN;2861474.345;16905560084.0;23.16891742;1.0;69989.63;30;Rand;;10000;2.0;21
blobs;PELLCAPP_CHEN;3024044.34;17190469205.0;24.56256606;1.0;72056.05;35;Rand;;10000;2.0;21
blobs;PELLCAPP_CHEN;3706514.425;17816518952.0;25.54958795;1.0;73546.785;40;Rand;;10000;2.0;21
blobs;PELLCAPP_CHEN;4368970.93;17898648049.0;28.19001437;1.0;75163.31;45;Rand;;10000;2.0;21
blobs;PELLCAPP_CHEN;5104783.215;18861968903.0;27.51919913;1.0;77277.07;50;Rand;;10000;2.0;21
blobs;PELLCAPPDELTA05_CHEN;527279.08;15417454903.0;12.13240217;0.86141072;19578.915;5;Rand;0.5;10000;2.0;21
blobs;PELLCAPPDELTA05_CHEN;1569289.19;15924598858.0;16.64770062;1.000745434;32509.21;10;Rand;0.5;10000;2.0;21
blobs;PELLCAPPDELTA05_CHEN;2363972.0;16256128366.0;17.96326697;0.994959667;36473.895;15;Rand;0.5;10000;2.0;21
blobs;PELLCAPPDELTA05_CHEN;1446356.9;16483167997.0;19.06497974;0.93305108;24896.145;20;Rand;0.5;10000;2.0;21
blobs;PELLCAPPDELTA05_CHEN;1703803.525;16564444930.0;22.02198982;0.999880969;22351.26;25;Rand;0.5;10000;2.0;21
blobs;PELLCAPPDELTA05_CHEN;1346351.075;16892322909.0;23.16891742;1.0;22511.055;30;Rand;0.5;10000;2.0;21
blobs;PELLCAPPDELTA05_CHEN;1451250.94;17168895744.0;24.56256606;1.0;23057.445;35;Rand;0.5;10000;2.0;21
blobs;PELLCAPPDELTA05_CHEN;1769770.53;17780736298.0;25.54958795;1.0;24580.8;40;Rand;0.5;10000;2.0;21
blobs;PELLCAPPDELTA05_CHEN;1925731.09;17876442552.0;28.19001437;1.0;26822.11;45;Rand;0.5;10000;2.0;21
blobs;PELLCAPPDELTA05_CHEN;2425375.71;18841554217.0;27.51919913;1.0;30120.72;50;Rand;0.5;10000;2.0;21
blobs;PELLCAPPDELTA10_CHEN;173783.19;11456170541.0;13.01576064;0.922815721;10959.575;5;Rand;1.0;10000;2.0;21
blobs;PELLCAPPDELTA10_CHEN;781321.815;15782714252.0;15.32102521;0.923278344;17312.53;10;Rand;1.0;10000;2.0;21
blobs;PELLCAPPDELTA10_CHEN;1590907.095;15040144197.0;17.85445674;0.989433129;23159.985;15;Rand;1.0;10000;2.0;21
blobs;PELLCAPPDELTA10_CHEN;401234.22;3975059587.0;20.05544438;0.981738692;11178.455;20;Rand;1.0;10000;2.0;21
blobs;PELLCAPPDELTA10_CHEN;251592.01;13869107725.0;21.62236161;0.982581232;12014.585;25;Rand;1.0;10000;2.0;21
blobs;PELLCAPPDELTA10_CHEN;311834.75;15737946027.0;22.44902238;0.969388116;13130.855;30;Rand;1.0;10000;2.0;21
blobs;PELLCAPPDELTA10_CHEN;534926.815;16958446212.0;22.68957121;0.924200545;14846.95;35;Rand;1.0;10000;2.0;21
blobs;PELLCAPPDELTA10_CHEN;1016672.085;17495978538.0;24.96040529;0.977007782;17384.135;40;Rand;1.0;10000;2.0;21
blobs;PELLCAPPDELTA10_CHEN;1583485.68;18072668617.0;26.7651809;0.951430665;19712.405;45;Rand;1.0;10000;2.0;21
blobs;PELLCAPPDELTA10_CHEN;2030652.525;18853219017.0;27.29076658;0.99220017;21000.585;50;Rand;1.0;10000;2.0;21
blobs;PELLCAPPDELTA15_CHEN;100886.58;2250802221.0;13.79114349;0.977462289;5639.98;5;Rand;1.5;10000;2.0;21
blobs;PELLCAPPDELTA15_CHEN;289843.015;14594264203.0;15.22740381;0.917600535;12559.665;10;Rand;1.5;10000;2.0;21
blobs;PELLCAPPDELTA15_CHEN;804033.09;14968381321.0;17.06225563;0.946384655;16470.895;15;Rand;1.5;10000;2.0;21
blobs;PELLCAPPDELTA15_CHEN;292270.28;40844499.22;20.42593501;1.000024576;5900.575;20;Rand;1.5;10000;2.0;21
blobs;PELLCAPPDELTA15_CHEN;119623.745;49368865.16;21.29898163;0.968352483;2399.26;25;Rand;1.5;10000;2.0;21
blobs;PELLCAPPDELTA15_CHEN;91213.425;94804589.15;22.27710495;0.961868305;2508.055;30;Rand;1.5;10000;2.0;21
blobs;PELLCAPPDELTA15_CHEN;88155.765;288306272.8;24.56284524;1.000478714;3054.445;35;Rand;1.5;10000;2.0;21
blobs;PELLCAPPDELTA15_CHEN;100600.575;1302985499.0;25.29261669;0.991293315;4577.8;40;Rand;1.5;10000;2.0;21
blobs;PELLCAPPDELTA15_CHEN;137158.23;4220103838.0;26.76165273;0.951930249;6819.11;45;Rand;1.5;10000;2.0;21
blobs;PELLCAPPDELTA15_CHEN;198418.48;11717199070.0;27.51884906;1.000951902;10117.72;50;Rand;1.5;10000;2.0;21
blobs;PELLCAPPDELTA20_CHEN;72470.86;323437560.5;13.54958378;0.960250021;2876.78;5;Rand;2.0;10000;2.0;21
blobs;PELLCAPPDELTA20_CHEN;123691.915;5892498210.0;16.30217175;0.982845926;8181.165;10;Rand;2.0;10000;2.0;21
blobs;PELLCAPPDELTA20_CHEN;254084.7;13879121913.0;17.53589431;0.97279783;12574.595;15;Rand;2.0;10000;2.0;21
blobs;PELLCAPPDELTA20_CHEN;145336.795;38723191.7;20.42593501;1.000024576;4882.21;20;Rand;2.0;10000;2.0;21
blobs;PELLCAPPDELTA20_CHEN;68451.47;38143956.93;21.29898163;0.968352483;2022.505;25;Rand;2.0;10000;2.0;21
blobs;PELLCAPPDELTA20_CHEN;67727.17;42796183.14;22.27980902;0.961981445;1862.115;30;Rand;2.0;10000;2.0;21
blobs;PELLCAPPDELTA20_CHEN;69345.995;45381403.16;25.07445898;1.021555855;1865.1;35;Rand;2.0;10000;2.0;21
blobs;PELLCAPPDELTA20_CHEN;67333.235;49816616.99;24.74893607;0.969721738;1871.625;40;Rand;2.0;10000;2.0;21
blobs;PELLCAPPDELTA20_CHEN;69331.905;49859271.66;26.40521969;0.939062507;1929.005;45;Rand;2.0;10000;2.0;21
blobs;PELLCAPPDELTA20_CHEN;81741.725;59991008.87;27.48293956;0.99969934;2124.535;50;Rand;2.0;10000;2.0;21
covtype;CHEN;9870.76;19866749295.0;1815.24551;1.0;10000.0;54;Rand;0.0;10000;2.0;14
covtype;CHEN;12688.46;19267935662.0;1857.294885;1.0;10000.0;54;Orig;0.0;10000;2.0;14
covtype;CAPP_CHEN;3787853.06;19125672272.0;1872.336237;1.034091275;44085.11;54;Rand;;10000;2.0;14
covtype;CAPP_CHEN;4648615.87;14723985546.0;1849.430051;0.99674162;50879.47;54;Orig;;10000;2.0;14
covtype;REALCAPP_CHEN;3871315.53;19118178672.0;1872.336237;1.034091275;44025.11;54;Rand;;10000;2.0;14
covtype;REALCAPP_CHEN;4824456.555;14717806372.0;1849.430051;0.99674162;50819.47;54;Orig;;10000;2.0;14
covtype;COHCAPP_CHEN;3947837.585;19119382513.0;1872.336237;1.034091275;44442.865;54;Rand;;10000;2.0;14
covtype;COHCAPP_CHEN;4969711.26;14717189875.0;1849.430051;0.99674162;51249.795;54;Orig;;10000;2.0;14
covtype;PELLCAPP_CHEN;3895869.105;19118642516.0;1872.336237;1.034091275;44455.875;54;Rand;;10000;2.0;14
covtype;PELLCAPP_CHEN;4960779.8;14721223404.0;1849.430051;0.99674162;51254.85;54;Orig;;10000;2.0;14
covtype;CAPPDELTA05_CHEN;446025.145;1368800867.0;1786.241817;0.987750721;5880.035;54;Rand;0.5;10000;2.0;14
covtype;CAPPDELTA05_CHEN;1095435.855;836472522.1;1939.395929;1.048455021;10445.8;54;Orig;0.5;10000;2.0;14
covtype;REALCAPPDELTA05_CHEN;406599.32;1368669145.0;1786.241817;0.987750721;5820.035;54;Rand;0.5;10000;2.0;14
covtype;REALCAPPDELTA05_CHEN;1012466.28;836383491.1;1939.395929;1.048455021;10385.8;54;Orig;0.5;10000;2.0;14
covtype;COHCAPPDELTA05_CHEN;390636.96;1368779791.0;1786.241817;0.987750721;5738.765;54;Rand;0.5;10000;2.0;14
covtype;COHCAPPDELTA05_CHEN;1066380.255;836530745.5;1939.395929;1.048455021;10432.795;54;Orig;0.5;10000;2.0;14
covtype;PELLCAPPDELTA05_CHEN;393114.165;1369606475.0;1786.241817;0.987750721;5751.845;54;Rand;0.5;10000;2.0;14
covtype;PELLCAPPDELTA05_CHEN;1057402.54;836613474.0;1939.395929;1.048455021;10437.815;54;Orig;0.5;10000;2.0;14
covtype;CAPPDELTA10_CHEN;173396.68;63433099.19;1836.448492;1.015566244;2690.075;54;Rand;1.0;10000;2.0;14
covtype;CAPPDELTA10_CHEN;297155.75;143552332.2;1849.777233;0.998200556;4916.095;54;Orig;1.0;10000;2.0;14
covtype;REALCAPPDELTA10_CHEN;161516.395;63318880.73;1836.448492;1.015566244;2630.075;54;Rand;1.0;10000;2.0;14
covtype;REALCAPPDELTA10_CHEN;284896.42;143576769.4;1849.777233;0.998200556;4856.095;54;Orig;1.0;10000;2.0;14
covtype;COHCAPPDELTA10_CHEN;164184.04;63255710.2;1836.448492;1.015566244;2517.535;54;Rand;1.0;10000;2.0;14
covtype;COHCAPPDELTA10_CHEN;286641.7;144914225.4;1764.705088;0.954271178;4868.94;54;Orig;1.0;10000;2.0;14
covtype;PELLCAPPDELTA10_CHEN;163040.045;63300425.64;1836.448492;1.015566244;2530.545;54;Rand;1.0;10000;2.0;14
covtype;PELLCAPPDELTA10_CHEN;292916.225;143625712.7;1849.777233;0.998200556;4877.04;54;Orig;1.0;10000;2.0;14
covtype;CAPPDELTA15_CHEN;102014.45;11683830.6;1793.084166;0.992080754;1978.015;54;Rand;1.5;10000;2.0;14
covtype;CAPPDELTA15_CHEN;140470.6;45806890.47;2186.378559;1.182167286;2870.12;54;Orig;1.5;10000;2.0;14
covtype;REALCAPPDELTA15_CHEN;95335.575;11639182.85;1793.084166;0.992080754;1918.015;54;Rand;1.5;10000;2.0;14
covtype;REALCAPPDELTA15_CHEN;128078.26;45818286.4;2186.378559;1.182167286;2810.12;54;Orig;1.5;10000;2.0;14
covtype;COHCAPPDELTA15_CHEN;95773.0;11640698.27;1793.084166;0.992080754;1805.405;54;Rand;1.5;10000;2.0;14
covtype;COHCAPPDELTA15_CHEN;138153.735;45875492.44;2186.378559;1.182167286;2827.045;54;Orig;1.5;10000;2.0;14
covtype;PELLCAPPDELTA15_CHEN;98566.84;11647661.29;1793.084166;0.992080754;1818.485;54;Rand;1.5;10000;2.0;14
covtype;PELLCAPPDELTA15_CHEN;145612.56;45898062.81;2186.378559;1.182167286;2832.065;54;Orig;1.5;10000;2.0;14
covtype;CAPPDELTA20_CHEN;79253.41;5913270.61;1881.691523;1.041977894;1634.75;54;Rand;2.0;10000;2.0;14
covtype;CAPPDELTA20_CHEN;97526.025;15567091.03;2027.544451;1.09712758;1834.01;54;Orig;2.0;10000;2.0;14
covtype;REALCAPPDELTA20_CHEN;70882.72;5878193.29;1881.691523;1.041977894;1574.75;54;Rand;2.0;10000;2.0;14
covtype;REALCAPPDELTA20_CHEN;92912.065;15540932.82;2027.544451;1.09712758;1774.01;54;Orig;2.0;10000;2.0;14
covtype;COHCAPPDELTA20_CHEN;71176.71;5890440.825;1881.691523;1.041977894;1430.87;54;Rand;2.0;10000;2.0;14
covtype;COHCAPPDELTA20_CHEN;104411.225;15558411.81;2027.544451;1.09712758;1760.875;54;Orig;2.0;10000;2.0;14
covtype;PELLCAPPDELTA20_CHEN;76476.015;5899688.95;1881.691523;1.041977894;1475.22;54;Rand;2.0;10000;2.0;14
covtype;PELLCAPPDELTA20_CHEN;108588.405;15542274.01;2027.544451;1.09712758;1795.955;54;Orig;2.0;10000;2.0;14
covtype;CAPPVAL_CHEN;49758.555;1970183.635;2178.984339;1.204635256;648.35;54;Rand;;10000;2.0;14
covtype;CAPPVAL_CHEN;50092.425;1248374.27;5027.741164;2.709724296;584.75;54;Orig;;10000;2.0;14
covtype;REALCAPPVAL_CHEN;42539.495;1957255.685;2178.984339;1.204635256;618.35;54;Rand;;10000;2.0;14
covtype;REALCAPPVAL_CHEN;43109.795;1232708.86;5027.741164;2.709724296;554.75;54;Orig;;10000;2.0;14
covtype;COHCAPPVAL_CHEN;47182.19;1958405.46;2178.984339;1.204635256;569.54;54;Rand;;10000;2.0;14
covtype;COHCAPPVAL_CHEN;57079.63;1224997.04;5014.919645;2.702925677;576.73;54;Orig;;10000;2.0;14
covtype;PELLCAPPVAL_CHEN;52537.135;1940635.72;2178.984339;1.204635256;609.925;54;Rand;;10000;2.0;14
covtype;PELLCAPPVAL_CHEN;62758.77;1247823.38;5027.741164;2.709724296;608.52;54;Orig;;10000;2.0;14
covtype;CAPPDELTA25_CHEN;55815.3;3264235.6;2096.87325;1.155145813;1293.99;54;Rand;2.5;10000;2.0;14
covtype;CAPPDELTA30_CHEN;35131.205;2442560.345;2124.655601;1.170450823;1109.285;54;Rand;3.0;10000;2.0;14
covtype;CAPPDELTA35_CHEN;35369.335;2323254.41;2116.147897;1.165764017;1049.505;54;Rand;3.5;10000;2.0;14
covtype;CAPPDELTA40_CHEN;33678.98;1857097.83;2178.984339;1.200379964;887.895;54;Rand;4.0;10000;2.0;14
higgs;CHEN;5344.615;15857026663.0;6.912918993;1.0;10000.0;7;Rand;0.0;10000;2.0;4
higgs;CAPP_CHEN;1063754.645;6540144963.0;7.111590402;1.040550854;31487.24;7;Rand;;10000;2.0;4
higgs;REALCAPP_CHEN;980010.12;6533651843.0;7.111590402;1.040550854;31467.24;7;Rand;;10000;2.0;4
higgs;COHCAPP_CHEN;929881.29;6531513883.0;7.111590402;1.040550854;31703.31;7;Rand;;10000;2.0;4
higgs;PELLCAPP_CHEN;828837.615;6533492336.0;7.111590402;1.040550854;31702.505;7;Rand;;10000;2.0;4
higgs;CAPPDELTA05_CHEN;70208.895;1721540.665;6.165686795;0.903658059;1556.49;7;Rand;0.5;10000;2.0;4
higgs;REALCAPPDELTA05_CHEN;48272.12;1680577.195;6.165686795;0.903658059;1536.49;7;Rand;0.5;10000;2.0;4
higgs;COHCAPPDELTA05_CHEN;54879.315;1672311.405;6.165686795;0.903658059;1554.07;7;Rand;0.5;10000;2.0;4
higgs;PELLCAPPDELTA05_CHEN;55599.88;1662079.19;6.165686795;0.903658059;1553.265;7;Rand;0.5;10000;2.0;4
higgs;CAPPDELTA10_CHEN;30413.965;441153.14;7.125476812;1.04565827;615.42;7;Rand;1.0;10000;2.0;4
higgs;REALCAPPDELTA10_CHEN;25984.12;429108.605;7.125476812;1.04565827;595.42;7;Rand;1.0;10000;2.0;4
higgs;COHCAPPDELTA10_CHEN;33648.695;359014.08;7.083974375;1.039071059;600.02;7;Rand;1.0;10000;2.0;4
higgs;PELLCAPPDELTA10_CHEN;35262.44;438950.975;7.125476812;1.04565827;600.23;7;Rand;1.0;10000;2.0;4
higgs;CAPPDELTA15_CHEN;25081.665;259290.04;7.291946412;1.068987199;410.355;7;Rand;1.5;10000;2.0;4
higgs;REALCAPPDELTA15_CHEN;20852.455;244347.065;7.291946412;1.068987199;390.355;7;Rand;1.5;10000;2.0;4
higgs;COHCAPPDELTA15_CHEN;28047.6;244294.105;7.005886657;1.027261407;395.97;7;Rand;1.5;10000;2.0;4
higgs;PELLCAPPDELTA15_CHEN;29132.76;252224.86;7.291946412;1.068987199;395.165;7;Rand;1.5;10000;2.0;4
higgs;CAPPDELTA20_CHEN;22547.095;228750.13;8.845994847;1.298893761;304.555;7;Rand;2.0;10000;2.0;4
higgs;REALCAPPDELTA20_CHEN;18963.52;219474.02;8.845994847;1.298893761;284.555;7;Rand;2.0;10000;2.0;4
higgs;COHCAPPDELTA20_CHEN;25107.365;181074.11;8.939426783;1.312865233;278.205;7;Rand;2.0;10000;2.0;4
higgs;PELLCAPPDELTA20_CHEN;26475.09;230482.78;8.845994847;1.298893761;289.365;7;Rand;2.0;10000;2.0;4
higgs;CAPPVAL_CHEN;19485.46;83322.925;13.58251613;1.992943365;126.595;7;Rand;;10000;2.0;4
higgs;REALCAPPVAL_CHEN;11785.64;68869.735;13.58251613;1.992943365;116.595;7;Rand;;10000;2.0;4
higgs;COHCAPPVAL_CHEN;19875.56;79374.51;13.84169594;2.030346118;128.34;7;Rand;;10000;2.0;4
higgs;PELLCAPPVAL_CHEN;21211.575;72670.205;13.58251613;1.992943365;136.465;7;Rand;;10000;2.0;4
higgs;CAPPDELTA25_CHEN;17003.145;141550.66;9.697597632;1.402822403;263.225;7;Rand;2.5;10000;2.0;4
higgs;CAPPDELTA30_CHEN;14496.415;133404.87;11.08369934;1.603331292;241.195;7;Rand;3.0;10000;2.0;4
higgs;CAPPDELTA35_CHEN;14285.285;64693.845;13.58251613;1.964801864;223.97;7;Rand;3.5;10000;2.0;4
higgs;CAPPDELTA40_CHEN;13289.935;59918.965;13.58251613;1.964801864;207.225;7;Rand;4.0;10000;2.0;4
phones;CHEN;10499.46;15689677286.0;9.404855031;1.0;10000.0;3;Rand;0.0;10000;2.0;14
phones;CHEN;10255.305;15228459595.0;1.403338329;1.0;10000.0;3;Orig;0.0;10000;2.0;14
phones;CAPP_CHEN;865827.03;10079990999.0;9.691914254;1.035298923;26848.18;3;Rand;;10000;2.0;14
phones;CAPP_CHEN;1821390.89;7431743532.0;1.412940298;1.006762808;38100.75;3;Orig;;10000;2.0;14
phones;REALCAPP_CHEN;769322.145;10073649982.0;9.691914254;1.035298923;26668.18;3;Rand;;10000;2.0;14
phones;REALCAPP_CHEN;1814461.145;7411523847.0;1.412940298;1.006762808;37918.605;3;Orig;;10000;2.0;14
phones;COHCAPP_CHEN;786331.46;10074382868.0;9.691914254;1.035298923;26956.0;3;Rand;;10000;2.0;14
phones;COHCAPP_CHEN;1755284.64;7409401228.0;1.412940298;1.006762808;37995.905;3;Orig;;10000;2.0;14
phones;PELLCAPP_CHEN;798066.25;10079209793.0;9.691914254;1.035298923;26988.045;3;Rand;;10000;2.0;14
phones;PELLCAPP_CHEN;1671852.54;7411415397.0;1.412940298;1.006762808;37999.89;3;Orig;;10000;2.0;14
phones;CAPPDELTA05_CHEN;111548.045;185551880.9;9.735858809;1.041456347;3465.815;3;Rand;0.5;10000;2.0;14
phones;CAPPDELTA05_CHEN;278717.76;34198885.92;1.441790889;1.028520715;5455.51;3;Orig;0.5;10000;2.0;14
phones;REALCAPPDELTA05_CHEN;100161.585;185469820.7;9.735858809;1.041456347;3285.815;3;Rand;0.5;10000;2.0;14
phones;REALCAPPDELTA05_CHEN;235858.91;34160411.81;1.441790889;1.028520715;5273.365;3;Orig;0.5;10000;2.0;14
phones;COHCAPPDELTA05_CHEN;110674.025;185548975.9;9.735858809;1.041456347;3121.125;3;Rand;0.5;10000;2.0;14
phones;COHCAPPDELTA05_CHEN;239282.13;33788452.78;1.424203494;1.015155864;5334.425;3;Orig;0.5;10000;2.0;14
phones;PELLCAPPDELTA05_CHEN;110314.46;185348749.8;9.735858809;1.041456347;3153.2;3;Rand;0.5;10000;2.0;14
phones;PELLCAPPDELTA05_CHEN;241083.275;34239238.24;1.441790889;1.028520715;5338.66;3;Orig;0.5;10000;2.0;14
phones;CAPPDELTA10_CHEN;78815.98;23287516.77;9.810553749;1.049474637;2032.48;3;Rand;1.0;10000;2.0;14
phones;CAPPDELTA10_CHEN;121059.93;6782646.185;1.413484366;1.009666138;2483.25;3;Orig;1.0;10000;2.0;14
phones;REALCAPPDELTA10_CHEN;59446.2;23202305.94;9.810553749;1.049474637;1852.48;3;Rand;1.0;10000;2.0;14
phones;REALCAPPDELTA10_CHEN;95757.215;6764103.765;1.413484366;1.009666138;2301.105;3;Orig;1.0;10000;2.0;14
phones;COHCAPPDELTA10_CHEN;65989.875;23187806.19;9.810553749;1.049474637;1656.56;3;Rand;1.0;10000;2.0;14
phones;COHCAPPDELTA10_CHEN;104790.685;6772661.625;1.413484366;1.009666138;2357.5;3;Orig;1.0;10000;2.0;14
phones;PELLCAPPDELTA10_CHEN;70035.615;23193374.66;9.810553749;1.049474637;1688.605;3;Rand;1.0;10000;2.0;14
phones;PELLCAPPDELTA10_CHEN;111528.4;6774101.31;1.413484366;1.009666138;2358.405;3;Orig;1.0;10000;2.0;14
phones;CAPPDELTA15_CHEN;61463.135;6791327.405;10.23490417;1.094773845;1553.405;3;Rand;1.5;10000;2.0;14
phones;CAPPDELTA15_CHEN;79384.605;2759596.23;1.266121416;0.90064184;1514.395;3;Orig;1.5;10000;2.0;14
phones;REALCAPPDELTA15_CHEN;50197.95;6776677.855;10.23490417;1.094773845;1373.405;3;Rand;1.5;10000;2.0;14
phones;REALCAPPDELTA15_CHEN;62137.295;2743042.72;1.266121416;0.90064184;1332.25;3;Orig;1.5;10000;2.0;14
phones;COHCAPPDELTA15_CHEN;55733.115;6769056.755;10.23490417;1.094773845;1177.455;3;Rand;1.5;10000;2.0;14
phones;COHCAPPDELTA15_CHEN;75395.01;2728754.85;1.266677811;0.901459508;1388.665;3;Orig;1.5;10000;2.0;14
phones;PELLCAPPDELTA15_CHEN;60558.77;6771021.425;10.23490417;1.094773845;1209.53;3;Rand;1.5;10000;2.0;14
phones;PELLCAPPDELTA15_CHEN;77333.44;2773734.75;1.266121416;0.90064184;1389.55;3;Orig;1.5;10000;2.0;14
phones;CAPPDELTA20_CHEN;60686.455;3890234.915;12.09585991;1.293767149;1359.32;3;Rand;2.0;10000;2.0;14
phones;CAPPDELTA20_CHEN;65915.495;1576594.8;1.146746654;0.8191327;1095.955;3;Orig;2.0;10000;2.0;14
phones;REALCAPPDELTA20_CHEN;49222.15;3872483.315;12.09585991;1.293767149;1179.32;3;Rand;2.0;10000;2.0;14
phones;REALCAPPDELTA20_CHEN;51333.13;1569821.075;1.146746654;0.8191327;913.81;3;Orig;2.0;10000;2.0;14
phones;COHCAPPDELTA20_CHEN;54063.975;3878028.03;12.09585991;1.293767149;952.14;3;Rand;2.0;10000;2.0;14
phones;COHCAPPDELTA20_CHEN;63709.51;1571078.095;1.146746654;0.8191327;962.45;3;Orig;2.0;10000;2.0;14
phones;PELLCAPPDELTA20_CHEN;56311.62;3869364.95;12.09585991;1.293767149;1015.445;3;Rand;2.0;10000;2.0;14
phones;PELLCAPPDELTA20_CHEN;64461.88;1559291.91;1.146746654;0.8191327;971.11;3;Orig;2.0;10000;2.0;14
phones;CAPPVAL_CHEN;47930.06;1435427.86;13.54969898;1.448277944;666.305;3;Rand;;10000;2.0;14
phones;CAPPVAL_CHEN;38618.305;477351.605;1.141656636;0.815496849;364.23;3;Orig;;10000;2.0;14
phones;REALCAPPVAL_CHEN;35965.13;1426048.95;13.54969898;1.448277944;576.305;3;Rand;;10000;2.0;14
phones;REALCAPPVAL_CHEN;26465.395;447207.0;1.141656636;0.815496849;272.115;3;Orig;;10000;2.0;14
phones;COHCAPPVAL_CHEN;40966.365;1445093.855;13.54969898;1.448277944;478.34;3;Rand;;10000;2.0;14
phones;COHCAPPVAL_CHEN;39046.545;450754.565;1.118365978;0.798860097;314.465;3;Orig;;10000;2.0;14
phones;PELLCAPPVAL_CHEN;49100.255;1423540.675;13.54969898;1.448277944;535.87;3;Rand;;10000;2.0;14
phones;PELLCAPPVAL_CHEN;43213.36;451526.26;1.141656636;0.815496849;319.92;3;Orig;;10000;2.0;14
phones;CAPPDELTA25_CHEN;52161.3;4154937.545;13.06916351;1.389618816;1214.125;3;Rand;2.5;10000;2.0;14
phones;CAPPDELTA30_CHEN;40027.975;1702179.535;13.5365152;1.439311415;1110.845;3;Rand;3.0;10000;2.0;14
phones;CAPPDELTA35_CHEN;41029.025;1433765.725;14.30756312;1.521295445;1044.265;3;Rand;3.5;10000;2.0;14
phones;CAPPDELTA40_CHEN;40741.58;1545183.73;13.54969898;1.44071322;1029.65;3;Rand;4.0;10000;2.0;14
normalized;CHEN;11075.12;20500798836.0;1.729321956;1.0;10000.0;54;Rand;0.0;10000;2.0;14
normalized;CHEN;11540.375;20366815325.0;1.766669819;1.0;10000.0;54;Orig;0.0;10000;2.0;14
normalized;CAPP_CHEN;4196816.955;19883386937.0;1.729554154;1.000144402;39454.675;54;Rand;;10000;2.0;14
normalized;CAPP_CHEN;3752635.82;18849458991.0;1.766715901;1.000081887;35906.935;54;Orig;;10000;2.0;14
normalized;REALCAPP_CHEN;4159763.87;19835360905.0;1.729554154;1.000144402;39334.675;54;Rand;;10000;2.0;14
normalized;REALCAPP_CHEN;3861101.04;18829879645.0;1.766715901;1.000081887;35786.935;54;Orig;;10000;2.0;14
normalized;COHCAPP_CHEN;4698942.775;19834904518.0;1.729554154;1.000144402;53529.825;54;Rand;;10000;2.0;14
normalized;COHCAPP_CHEN;4441707.665;18833028204.0;1.766715901;1.000081887;44065.43;54;Orig;;10000;2.0;14
normalized;PELLCAPP_CHEN;4799705.275;19835049001.0;1.729554154;1.000144402;53564.47;54;Rand;;10000;2.0;14
normalized;PELLCAPP_CHEN;4282104.39;18832135854.0;1.766715901;1.000081887;44091.02;54;Orig;;10000;2.0;14
normalized;CAPPDELTA05_CHEN;672071.025;11332653047.0;1.70184716;0.986414708;11370.565;54;Rand;0.5;10000;2.0;14
normalized;CAPPDELTA05_CHEN;568607.97;2385425589.0;1.838336785;1.040981333;6648.215;54;Orig;0.5;10000;2.0;14
normalized;REALCAPPDELTA05_CHEN;645613.29;11331790554.0;1.70184716;0.986414708;11250.565;54;Rand;0.5;10000;2.0;14
normalized;REALCAPPDELTA05_CHEN;462245.02;2385276080.0;1.838336785;1.040981333;6528.215;54;Orig;0.5;10000;2.0;14
normalized;COHCAPPDELTA05_CHEN;642395.24;11330874961.0;1.70184716;0.986414708;11224.375;54;Rand;0.5;10000;2.0;14
normalized;COHCAPPDELTA05_CHEN;480504.3;2386118421.0;1.838336785;1.040981333;6590.055;54;Orig;0.5;10000;2.0;14
normalized;PELLCAPPDELTA05_CHEN;645508.15;11331147444.0;1.70184716;0.986414708;11259.02;54;Rand;0.5;10000;2.0;14
normalized;PELLCAPPDELTA05_CHEN;482477.805;2386786116.0;1.838336785;1.040981333;6610.035;54;Orig;0.5;10000;2.0;14
normalized;CAPPDELTA10_CHEN;190898.605;1363275764.0;1.812808917;1.050607232;4110.485;54;Rand;1.0;10000;2.0;14
normalized;CAPPDELTA10_CHEN;162457.04;520686293.0;1.813262793;1.026791891;2962.23;54;Orig;1.0;10000;2.0;14
normalized;REALCAPPDELTA10_CHEN;167868.62;1363714943.0;1.812808917;1.050607232;3990.485;54;Rand;1.0;10000;2.0;14
normalized;REALCAPPDELTA10_CHEN;147906.535;520442153.6;1.813262793;1.026791891;2842.23;54;Orig;1.0;10000;2.0;14
normalized;COHCAPPDELTA10_CHEN;171422.565;1364080333.0;1.812808917;1.050607232;3903.095;54;Rand;1.0;10000;2.0;14
normalized;COHCAPPDELTA10_CHEN;155979.95;518735962.5;1.813262793;1.026791891;2853.745;54;Orig;1.0;10000;2.0;14
normalized;PELLCAPPDELTA10_CHEN;171917.3;1364146304.0;1.812808917;1.050607232;3937.67;54;Rand;1.0;10000;2.0;14
normalized;PELLCAPPDELTA10_CHEN;164361.84;520498556.9;1.813262793;1.026791891;2876.05;54;Orig;1.0;10000;2.0;14
normalized;CAPPDELTA15_CHEN;105682.565;336104163.5;1.744256808;1.010968394;2019.84;54;Rand;1.5;10000;2.0;14
normalized;CAPPDELTA15_CHEN;99693.74;160815385.9;1.812814577;1.02653895;1633.565;54;Orig;1.5;10000;2.0;14
normalized;REALCAPPDELTA15_CHEN;96045.4;335856947.6;1.744256808;1.010968394;1899.84;54;Rand;1.5;10000;2.0;14
normalized;REALCAPPDELTA15_CHEN;93040.78;160764639.8;1.812814577;1.02653895;1513.565;54;Orig;1.5;10000;2.0;14
normalized;COHCAPPDELTA15_CHEN;96747.98;335919183.7;1.744256808;1.010968394;1812.38;54;Rand;1.5;10000;2.0;14
normalized;COHCAPPDELTA15_CHEN;102707.22;160485884.6;1.812814577;1.02653895;1527.415;54;Orig;1.5;10000;2.0;14
normalized;PELLCAPPDELTA15_CHEN;103395.725;335993640.0;1.744256808;1.010968394;1847.025;54;Rand;1.5;10000;2.0;14
normalized;PELLCAPPDELTA15_CHEN;105946.065;160613138.2;1.812814577;1.02653895;1547.395;54;Orig;1.5;10000;2.0;14
normalized;CAPPDELTA20_CHEN;88692.21;137048926.2;1.753148969;1.015994167;1440.66;54;Rand;2.0;10000;2.0;14
normalized;CAPPDELTA20_CHEN;84093.305;64242304.76;1.784115698;1.01019959;1207.26;54;Orig;2.0;10000;2.0;14
normalized;REALCAPPDELTA20_CHEN;82271.83;137024835.7;1.753148969;1.015994167;1320.66;54;Rand;2.0;10000;2.0;14
normalized;REALCAPPDELTA20_CHEN;72647.965;64197487.87;1.784115698;1.01019959;1087.26;54;Orig;2.0;10000;2.0;14
normalized;COHCAPPDELTA20_CHEN;81680.725;137021548.4;1.753148969;1.015994167;1201.93;54;Rand;2.0;10000;2.0;14
normalized;COHCAPPDELTA20_CHEN;84291.545;64042236.82;1.77542642;1.005212167;1071.04;54;Orig;2.0;10000;2.0;14
normalized;PELLCAPPDELTA20_CHEN;86934.31;136988044.9;1.753148969;1.015994167;1267.845;54;Rand;2.0;10000;2.0;14
normalized;PELLCAPPDELTA20_CHEN;91022.705;64213898.34;1.784115698;1.01019959;1121.08;54;Orig;2.0;10000;2.0;14
normalized;CAPPVAL_CHEN;47295.845;2057243.02;1.796414978;1.041177299;331.27;54;Rand;;10000;2.0;14
normalized;CAPPVAL_CHEN;46369.325;679381.77;2.366128386;1.339862874;313.245;54;Orig;;10000;2.0;14
normalized;REALCAPPVAL_CHEN;37872.43;2056395.52;1.796414978;1.041177299;271.27;54;Rand;;10000;2.0;14
normalized;REALCAPPVAL_CHEN;33060.87;666263.91;2.366128386;1.339862874;253.245;54;Orig;;10000;2.0;14
normalized;COHCAPPVAL_CHEN;42640.655;2035316.99;1.796414978;1.041177299;238.195;54;Rand;;10000;2.0;14
normalized;COHCAPPVAL_CHEN;44678.96;643740.015;2.363772175;1.338479408;271.75;54;Orig;;10000;2.0;14
normalized;PELLCAPPVAL_CHEN;46962.405;2044509.33;1.796414978;1.041177299;298.11;54;Rand;;10000;2.0;14
normalized;PELLCAPPVAL_CHEN;52199.9;655512.3;2.366128386;1.339862874;316.8;54;Orig;;10000;2.0;14
normalized;CAPPDELTA25_CHEN;67224.785;68853843.64;1.832965833;1.059933245;1175.82;54;Rand;2.5;10000;2.0;14
normalized;CAPPDELTA30_CHEN;44459.53;53473168.98;1.72930384;0.999989524;1075.575;54;Rand;3.0;10000;2.0;14
normalized;CAPPDELTA35_CHEN;40271.14;4653505.09;1.799389902;1.040517583;624.345;54;Rand;3.5;10000;2.0;14
normalized;CAPPDELTA40_CHEN;37207.12;1879081.38;1.796414978;1.0387973;558.13;54;Rand;4.0;10000;2.0;14
covtype;CHEN;4368.405;46136699.81;1659.914621;1.0;500.0;54;Rand;0.0;500;2.0;14
covtype;CHEN;4623.375;180571632.2;1723.64291;1.0;1000.0;54;Rand;0.0;1000;2.0;14
covtype;CHEN;5328.24;4778666159.0;1772.5824;1.0;5000.0;54;Rand;0.0;5000;2.0;14
covtype;CHEN;9870.76;19866749295.0;1815.24551;1.0;10000.0;54;Rand;0.0;10000;2.0;14
covtype;CHEN;11195.08;92794133140.0;1822.930567;1.0;20000.0;54;Rand;0.0;20000;2.0;14
covtype;CHEN;11859.755;432491000000.0;1830.100037;1.0;30000.0;54;Rand;0.0;30000;2.0;14
covtype;PELLCAPP_CHEN;162126.52;46812225.47;1659.914621;1.0;4255.61;54;Rand;;500;2.0;14
covtype;PELLCAPP_CHEN;404052.53;184597261.9;1723.64291;1.0;7511.845;54;Rand;;1000;2.0;14
covtype;PELLCAPP_CHEN;1125744.33;4627246706.0;1827.312788;1.035217023;24549.335;54;Rand;;5000;2.0;14
covtype;PELLCAPP_CHEN;3895869.105;19118642516.0;1872.336237;1.034091275;44455.875;54;Rand;;10000;2.0;14
covtype;PELLCAPP_CHEN;8068749.35;92786012356.0;1876.030858;1.031721535;76466.055;54;Rand;;20000;2.0;14
covtype;PELLCAPP_CHEN;12551695.85;361212000000.0;1871.103327;1.02557754;106406.16;54;Rand;;30000;2.0;14
covtype;PELLCAPPDELTA05_CHEN;99887.96;139727076.9;1738.30871;1.012980824;3168.36;54;Rand;0.5;1000;2.0;14
covtype;PELLCAPPDELTA05_CHEN;173529.445;938134300.2;1819.409388;1.031467875;4217.55;54;Rand;0.5;5000;2.0;14
covtype;PELLCAPPDELTA05_CHEN;393114.165;1369606475.0;1786.241817;0.987750721;5751.845;54;Rand;0.5;10000;2.0;14
covtype;PELLCAPPDELTA05_CHEN;417608.925;1877239275.0;1845.788924;1.016650536;5551.435;54;Rand;0.5;20000;2.0;14
covtype;PELLCAPPDELTA05_CHEN;410097.01;2110282734.0;1752.16507;0.96145459;5659.1;54;Rand;0.5;30000;2.0;14
covtype;PELLCAPPDELTA05_CHEN;330189.02;2111985551.0;1865.500345;1.0;5589.175;54;Rand;0.5;40000;2.0;14
covtype;PELLCAPPDELTA05_CHEN;176513.27;2334494899.0;1881.616941;1.0;5121.84;54;Rand;0.5;50000;2.0;14
covtype;PELLCAPPDELTA05_CHEN;335851.375;2357255754.0;1786.825983;1.0;6744.785;54;Rand;0.5;60000;2.0;14
covtype;PELLCAPPDELTA05_CHEN;345203.34;2424361823.0;1851.983761;1.0;6391.675;54;Rand;0.5;70000;2.0;14
covtype;PELLCAPPDELTA05_CHEN;496966.01;2479702717.0;1874.672533;1.0;7271.16;54;Rand;0.5;80000;2.0;14
covtype;PELLCAPPDELTA05_CHEN;361115.405;2592125220.0;1922.513584;1.0;6115.24;54;Rand;0.5;90000;2.0;14
covtype;PELLCAPPDELTA05_CHEN;248260.67;2683350186.0;1911.580119;1.0;5703.795;54;Rand;0.5;100000;2.0;14
covtype;PELLCAPPDELTA05_CHEN;368157.04;3001160867.0;1936.003476;1.0;6288.855;54;Rand;0.5;200000;2.0;14
covtype;PELLCAPPDELTA05_CHEN;645496.7;3179125145.0;1914.377905;1.0;7697.975;54;Rand;0.5;500000;2.0;14
covtype;PELLCAPPDELTA10_CHEN;51049.485;41825040.47;1651.506849;1.001373359;1395.865;54;Rand;1.0;500;2.0;14
covtype;PELLCAPPDELTA10_CHEN;91711.765;28744471.61;1663.67254;0.969870236;1900.61;54;Rand;1.0;1000;2.0;14
covtype;PELLCAPPDELTA10_CHEN;85860.135;56533020.34;1769.852398;1.002871721;1859.415;54;Rand;1.0;5000;2.0;14
covtype;PELLCAPPDELTA10_CHEN;163040.045;63300425.64;1836.448492;1.015566244;2530.545;54;Rand;1.0;10000;2.0;14
covtype;PELLCAPPDELTA10_CHEN;149785.015;75002854.0;1873.37124;1.031358796;2151.455;54;Rand;1.0;20000;2.0;14
covtype;PELLCAPPDELTA10_CHEN;174570.75;76644441.82;1887.254871;1.034899562;2068.255;54;Rand;1.0;30000;2.0;14
covtype;PELLCAPPDELTA10_CHEN;147827.38;73033333.78;2169.314907;1.172428135;1975.39;54;Rand;1.0;40000;2.0;14
covtype;PELLCAPPDELTA10_CHEN;88570.635;75774545.29;1869.042611;0.998602934;1590.665;54;Rand;1.0;50000;2.0;14
covtype;PELLCAPPDELTA10_CHEN;109841.6;74858223.14;1840.627324;1.032627919;2641.165;54;Rand;1.0;60000;2.0;14
covtype;PELLCAPPDELTA10_CHEN;133425.155;76756276.0;1846.321495;0.999615699;2380.1;54;Rand;1.0;70000;2.0;14
covtype;PELLCAPPDELTA10_CHEN;210208.605;77201433.34;1813.43717;0.969364219;2920.305;54;Rand;1.0;80000;2.0;14
covtype;PELLCAPPDELTA10_CHEN;193974.01;80331351.29;1927.96712;1.008508939;2108.95;54;Rand;1.0;90000;2.0;14
covtype;PELLCAPPDELTA10_CHEN;162373.27;81551158.74;1970.18593;1.036260862;1798.85;54;Rand;1.0;100000;2.0;14
covtype;PELLCAPPDELTA10_CHEN;158770.405;78842559.67;1787.507979;0.928468188;1985.665;54;Rand;1.0;200000;2.0;14
covtype;PELLCAPPDELTA10_CHEN;247314.31;76978649.74;1999.93578;1.049278951;2821.17;54;Rand;1.0;500000;2.0;14
covtype;PELLCAPPDELTA15_CHEN;50127.605;39994156.06;1658.382248;1.005473726;1120.495;54;Rand;1.5;500;2.0;14
covtype;PELLCAPPDELTA15_CHEN;51864.455;9992509.95;1733.238462;1.009858377;1463.525;54;Rand;1.5;1000;2.0;14
covtype;PELLCAPPDELTA15_CHEN;51714.435;10480733.25;1874.969966;1.062369786;1280.535;54;Rand;1.5;5000;2.0;14
covtype;PELLCAPPDELTA15_CHEN;98566.84;11647661.29;1793.084166;0.992080754;1818.485;54;Rand;1.5;10000;2.0;14
covtype;PELLCAPPDELTA15_CHEN;88994.43;13059372.19;2201.24956;1.21162427;1496.94;54;Rand;1.5;20000;2.0;14
covtype;PELLCAPPDELTA15_CHEN;97647.995;13574298.72;1954.077016;1.071488264;1430.08;54;Rand;1.5;30000;2.0;14
covtype;PELLCAPPDELTA15_CHEN;119015.475;12714263.39;2014.856953;1.088402462;1316.825;54;Rand;1.5;40000;2.0;14
covtype;PELLCAPPDELTA15_CHEN;62915.21;13914423.82;2118.457079;1.131062062;1044.115;54;Rand;1.5;50000;2.0;14
covtype;PELLCAPPDELTA15_CHEN;76033.02;13185051.01;1950.879613;1.095434495;1887.275;54;Rand;1.5;60000;2.0;14
covtype;PELLCAPPDELTA15_CHEN;82393.7;13895186.72;2007.341228;1.08785609;1651.205;54;Rand;1.5;70000;2.0;14
covtype;PELLCAPPDELTA15_CHEN;92244.42;13077647.4;1938.378619;1.037620898;2038.955;54;Rand;1.5;80000;2.0;14
covtype;PELLCAPPDELTA15_CHEN;91320.015;14358940.09;2047.94409;1.069890994;1452.0;54;Rand;1.5;90000;2.0;14
covtype;PELLCAPPDELTA15_CHEN;88832.665;13900279.04;1924.236179;1.013555447;1202.98;54;Rand;1.5;100000;2.0;14
covtype;PELLCAPPDELTA15_CHEN;107580.74;14507670.4;2332.55125;1.214049478;1385.595;54;Rand;1.5;200000;2.0;14
covtype;PELLCAPPDELTA15_CHEN;133945.565;14664354.25;1920.698682;1.008690143;1973.42;54;Rand;1.5;500000;2.0;14
covtype;PELLCAPPDELTA20_CHEN;38172.79;36240497.89;1656.107717;1.002833965;951.335;54;Rand;2.0;500;2.0;14
covtype;PELLCAPPDELTA20_CHEN;37244.37;5621008.445;1787.929905;1.042426131;1177.575;54;Rand;2.0;1000;2.0;14
covtype;PELLCAPPDELTA20_CHEN;41639.585;6109635.135;2131.177113;1.208018425;1070.31;54;Rand;2.0;5000;2.0;14
covtype;PELLCAPPDELTA20_CHEN;76476.015;5899688.95;1881.691523;1.041977894;1475.22;54;Rand;2.0;10000;2.0;14
covtype;PELLCAPPDELTA20_CHEN;74220.84;6739703.835;2232.796671;1.22904747;1153.645;54;Rand;2.0;20000;2.0;14
covtype;PELLCAPPDELTA20_CHEN;80479.63;7105228.1;1795.512065;0.984234717;1215.64;54;Rand;2.0;30000;2.0;14
covtype;PELLCAPPDELTA20_CHEN;96689.38;6211920.29;1885.804718;1.017616176;1094.46;54;Rand;2.0;40000;2.0;14
covtype;PELLCAPPDELTA20_CHEN;55159.855;6176068.235;2150.955961;1.147512858;866.28;54;Rand;2.0;50000;2.0;14
covtype;PELLCAPPDELTA20_CHEN;62512.17;7011707.99;2004.54376;1.125629828;1506.585;54;Rand;2.0;60000;2.0;14
covtype;PELLCAPPDELTA20_CHEN;70509.49;7076465.56;1863.736064;1.009487055;1340.51;54;Rand;2.0;70000;2.0;14
covtype;PELLCAPPDELTA20_CHEN;70563.135;6753476.15;1911.762351;1.021868094;1520.595;54;Rand;2.0;80000;2.0;14
covtype;PELLCAPPDELTA20_CHEN;75816.12;6813698.74;1970.174007;1.030642704;1181.18;54;Rand;2.0;90000;2.0;14
covtype;PELLCAPPDELTA20_CHEN;70628.965;6024455.83;2017.11759;1.064010398;978.435;54;Rand;2.0;100000;2.0;14
covtype;PELLCAPPDELTA20_CHEN;88028.38;7088169.02;1924.721329;0.99784114;1122.52;54;Rand;2.0;200000;2.0;14
covtype;PELLCAPPDELTA20_CHEN;110155.505;6273300.765;2027.6246;1.063153073;1543.7;54;Rand;2.0;500000;2.0;14
covtype;PELLCAPPDELTA25_CHEN;42917.65;26288010.33;1561.325119;0.940605679;822.32;54;Rand;2.5;500;2.0;14
covtype;PELLCAPPDELTA25_CHEN;43641.165;3737584.085;1724.841929;1.000695631;958.01;54;Rand;2.5;1000;2.0;14
covtype;PELLCAPPDELTA25_CHEN;24837.095;3498826.47;2490.583283;1.405059242;912.015;54;Rand;2.5;5000;2.0;14
covtype;PELLCAPPDELTA25_CHEN;70905.31;3532922.99;2096.87325;1.155145813;1134.46;54;Rand;2.5;10000;2.0;14
covtype;PELLCAPPDELTA25_CHEN;51667.46;4133902.23;2264.961723;1.242483814;972.305;54;Rand;2.5;20000;2.0;14
covtype;PELLCAPPDELTA25_CHEN;56715.77;3461517.205;1899.972676;1.038179683;1001.195;54;Rand;2.5;30000;2.0;14
covtype;PELLCAPPDELTA25_CHEN;73954.315;3604798.37;1903.808218;1.020534905;920.615;54;Rand;2.5;40000;2.0;14
covtype;PELLCAPPDELTA25_CHEN;61972.045;3482916.61;1975.615249;1.049956134;761.405;54;Rand;2.5;50000;2.0;14
covtype;PELLCAPPDELTA25_CHEN;72397.895;3643472.415;1944.654508;1.088328985;1187.32;54;Rand;2.5;60000;2.0;14
covtype;PELLCAPPDELTA25_CHEN;76113.42;3455293.845;1964.246543;1.060617584;1086.56;54;Rand;2.5;70000;2.0;14
covtype;PELLCAPPDELTA25_CHEN;68505.545;3889465.56;2061.153284;1.099473774;1193.67;54;Rand;2.5;80000;2.0;14
covtype;PELLCAPPDELTA25_CHEN;72525.185;4561181.66;2128.029622;1.106899655;963.425;54;Rand;2.5;90000;2.0;14
covtype;PELLCAPPDELTA25_CHEN;72529.445;4444704.45;2414.288781;1.262980692;847.45;54;Rand;2.5;100000;2.0;14
covtype;PELLCAPPDELTA25_CHEN;80758.51;3713792.41;1980.539254;1.023003976;927.625;54;Rand;2.5;200000;2.0;14
covtype;PELLCAPPDELTA25_CHEN;96912.75;3700312.63;1901.610395;0.993330727;1182.97;54;Rand;2.5;500000;2.0;14
covtype;PELLCAPPDELTA30_CHEN;30207.41;17309336.02;1573.436981;0.947902357;684.71;54;Rand;3.0;500;2.0;14
covtype;PELLCAPPDELTA30_CHEN;27650.1;3009735.71;1882.13322;1.09195078;820.135;54;Rand;3.0;1000;2.0;14
covtype;PELLCAPPDELTA30_CHEN;27008.27;2733532.78;2321.081807;1.30943521;782.955;54;Rand;3.0;5000;2.0;14
covtype;PELLCAPPDELTA30_CHEN;36553.37;2674020.9;2124.655601;1.170450823;918.485;54;Rand;3.0;10000;2.0;14
covtype;PELLCAPPDELTA30_CHEN;40317.29;2775537.94;2205.289317;1.209749486;780.655;54;Rand;3.0;20000;2.0;14
covtype;PELLCAPPDELTA30_CHEN;52488.165;3090315.435;2045.020806;1.117436623;869.275;54;Rand;3.0;30000;2.0;14
covtype;PELLCAPPDELTA30_CHEN;54603.58;3048500.665;2340.310467;1.254521594;785.825;54;Rand;3.0;40000;2.0;14
covtype;PELLCAPPDELTA30_CHEN;56083.52;3088710.235;2087.39376;1.109361696;673.82;54;Rand;3.0;50000;2.0;14
covtype;PELLCAPPDELTA30_CHEN;62418.745;2980452.175;2495.865729;1.39681522;979.625;54;Rand;3.0;60000;2.0;14
covtype;PELLCAPPDELTA30_CHEN;63206.285;3150766.435;2013.507725;1.087216728;872.09;54;Rand;3.0;70000;2.0;14
covtype;PELLCAPPDELTA30_CHEN;57939.58;3356544.885;2128.098186;1.135183958;988.805;54;Rand;3.0;80000;2.0;14
covtype;PELLCAPPDELTA30_CHEN;62382.89;3099098.915;2134.827605;1.110435641;790.52;54;Rand;3.0;90000;2.0;14
covtype;PELLCAPPDELTA30_CHEN;60275.37;2722998.045;2260.782225;1.182677201;739.655;54;Rand;3.0;100000;2.0;14
covtype;PELLCAPPDELTA30_CHEN;76090.585;3292056.9;2467.790909;1.274683098;864.875;54;Rand;3.0;200000;2.0;14
covtype;PELLCAPPDELTA30_CHEN;87774.87;2952440.765;2164.355198;1.130578865;992.93;54;Rand;3.0;500000;2.0;14
covtype;PELLCAPPDELTA35_CHEN;29352.16;12292421.33;1602.084011;0.965160491;612.49;54;Rand;3.5;500;2.0;14
covtype;PELLCAPPDELTA35_CHEN;27476.65;2400961.675;1958.026956;1.135981789;696.32;54;Rand;3.5;1000;2.0;14
covtype;PELLCAPPDELTA35_CHEN;26781.555;2446282.09;2089.403657;1.17873429;723.555;54;Rand;3.5;5000;2.0;14
covtype;PELLCAPPDELTA35_CHEN;37052.765;2552615.94;2116.147897;1.165764017;858.72;54;Rand;3.5;10000;2.0;14
covtype;PELLCAPPDELTA35_CHEN;36498.875;3085583.87;2208.726721;1.211635134;704.865;54;Rand;3.5;20000;2.0;14
covtype;PELLCAPPDELTA35_CHEN;48373.43;3187160.81;2032.365462;1.110521513;771.635;54;Rand;3.5;30000;2.0;14
covtype;PELLCAPPDELTA35_CHEN;52773.475;3320926.38;2321.194362;1.244274421;705.34;54;Rand;3.5;40000;2.0;14
covtype;PELLCAPPDELTA35_CHEN;52510.27;2887848.96;2582.091922;1.372272893;643.0;54;Rand;3.5;50000;2.0;14
covtype;PELLCAPPDELTA35_CHEN;58859.48;2803340.48;2418.064943;1.353273887;828.51;54;Rand;3.5;60000;2.0;14
covtype;PELLCAPPDELTA35_CHEN;60507.685;3151971.995;2080.746989;1.123523345;774.505;54;Rand;3.5;70000;2.0;14
covtype;PELLCAPPDELTA35_CHEN;56794.17;3188903.315;2191.826596;1.169178381;877.31;54;Rand;3.5;80000;2.0;14
covtype;PELLCAPPDELTA35_CHEN;60496.785;2903549.08;1929.917219;1.003851018;713.415;54;Rand;3.5;90000;2.0;14
covtype;PELLCAPPDELTA35_CHEN;62045.99;2577965.525;2447.991586;1.280611554;705.68;54;Rand;3.5;100000;2.0;14
covtype;PELLCAPPDELTA35_CHEN;71733.39;3115814.07;2315.164288;1.195847175;728.825;54;Rand;3.5;200000;2.0;14
covtype;PELLCAPPDELTA35_CHEN;81890.08;2897212.12;2138.269099;1.116952454;821.575;54;Rand;3.5;500000;2.0;14
covtype;PELLCAPPDELTA40_CHEN;29131.07;10852387.37;1696.466107;1.0220201;570.405;54;Rand;4.0;500;2.0;14
covtype;PELLCAPPDELTA40_CHEN;26476.315;2277965.29;2103.265962;1.220244605;644.625;54;Rand;4.0;1000;2.0;14
covtype;PELLCAPPDELTA40_CHEN;25624.63;1664801.22;2427.315299;1.369366693;609.065;54;Rand;4.0;5000;2.0;14
covtype;PELLCAPPDELTA40_CHEN;33803.535;2061307.805;2178.984339;1.200379964;697.11;54;Rand;4.0;10000;2.0;14
covtype;PELLCAPPDELTA40_CHEN;33799.145;1926669.545;2046.877755;1.122850092;628.55;54;Rand;4.0;20000;2.0;14
covtype;PELLCAPPDELTA40_CHEN;46521.945;2294206.925;2039.193079;1.114252247;665.295;54;Rand;4.0;30000;2.0;14
covtype;PELLCAPPDELTA40_CHEN;50216.605;1976276.295;2487.854533;1.333612475;626.19;54;Rand;4.0;40000;2.0;14
covtype;PELLCAPPDELTA40_CHEN;49179.255;2213249.06;2267.185274;1.204913298;568.38;54;Rand;4.0;50000;2.0;14
covtype;PELLCAPPDELTA40_CHEN;55467.71;2248550.515;2334.641488;1.306585818;716.6;54;Rand;4.0;60000;2.0;14
covtype;PELLCAPPDELTA40_CHEN;56384.125;2026136.72;1932.416946;1.043430827;648.005;54;Rand;4.0;70000;2.0;14
covtype;PELLCAPPDELTA40_CHEN;56109.35;2004988.945;2075.985286;1.107385556;700.9;54;Rand;4.0;80000;2.0;14
covtype;PELLCAPPDELTA40_CHEN;56016.23;2485790.68;2180.134649;1.134002208;660.87;54;Rand;4.0;90000;2.0;14
covtype;PELLCAPPDELTA40_CHEN;58797.005;1893583.745;2147.168807;1.123242906;625.125;54;Rand;4.0;100000;2.0;14
covtype;PELLCAPPDELTA40_CHEN;67144.095;2487850.15;2550.961906;1.317643246;643.865;54;Rand;4.0;200000;2.0;14
covtype;PELLCAPPDELTA40_CHEN;76995.1;1884381.3;2252.663297;1.17670774;685.28;54;Rand;4.0;500000;2.0;14
covtype;CAPPDELTA05_CHEN;192206.045;45411038.86;1641.32105;0.988798477;2200.36;54;Rand;0.5;500;2.0;14
covtype;CAPPDELTA05_CHEN;195461.45;142774733.6;1738.30871;1.008508607;3300.825;54;Rand;0.5;1000;2.0;14
covtype;CAPPDELTA05_CHEN;285851.81;921048252.4;1819.409388;1.026417383;4345.135;54;Rand;0.5;5000;2.0;14
covtype;CAPPDELTA05_CHEN;491198.535;1375421491.0;1786.241817;0.984022165;5880.035;54;Rand;0.5;10000;2.0;14
covtype;CAPPDELTA05_CHEN;179876.485;1749699729.0;1845.788924;1.012539346;5679.22;54;Rand;0.5;20000;2.0;14
covtype;CAPPDELTA05_CHEN;183642.65;1979618082.0;1752.16507;0.957414914;5784.14;54;Rand;0.5;30000;2.0;14
covtype;CAPPDELTA05_CHEN;269053.635;2112809537.0;1865.500345;1.0;5710.72;54;Rand;0.5;40000;2.0;14
covtype;CAPPDELTA05_CHEN;192684.89;2226313923.0;1881.616941;1.0;5242.14;54;Rand;0.5;50000;2.0;14
covtype;CAPPDELTA05_CHEN;271825.15;2281822490.0;1786.825983;1.0;6862.5;54;Rand;0.5;60000;2.0;14
covtype;CAPPDELTA05_CHEN;329828.52;2328825665.0;1851.983761;1.0;6523.24;54;Rand;0.5;70000;2.0;14
covtype;CAPPDELTA05_CHEN;364643.45;2397904336.0;1874.672533;1.0;7398.62;54;Rand;0.5;80000;2.0;14
covtype;CAPPDELTA05_CHEN;312851.685;2476738975.0;1922.513584;1.0;6234.19;54;Rand;0.5;90000;2.0;14
covtype;CAPPDELTA05_CHEN;293204.885;2551806222.0;1911.580119;1.0;5823.255;54;Rand;0.5;100000;2.0;14
covtype;CAPPDELTA05_CHEN;399029.765;2894312793.0;1936.003476;1.0;6420.21;54;Rand;0.5;200000;2.0;14
covtype;CAPPDELTA05_CHEN;607906.68;3228855528.0;1914.377905;1.0;7820.925;54;Rand;0.5;500000;2.0;14
higgs;CHEN;4061.175;32356183.16;3.058984284;1.0;500.0;7;Rand;0.0;500;2.0;4
higgs;CHEN;4410.07;128129268.8;3.412556591;1.0;1000.0;7;Rand;0.0;1000;2.0;4
higgs;CHEN;3955.505;3600422723.0;4.891808142;1.0;5000.0;7;Rand;0.0;5000;2.0;4
higgs;CHEN;5344.615;15857026663.0;6.912918993;1.0;10000.0;7;Rand;0.0;10000;2.0;4
higgs;CHEN;5073.58;66665671038.0;6.581226682;1.0;20000.0;7;Rand;0.0;20000;2.0;4
higgs;CHEN;5143.455;164618000000.0;6.634092443;1.0;30000.0;7;Rand;0.0;30000;2.0;4
higgs;PELLCAPP_CHEN;79163.955;32263047.02;3.058984284;1.0;2893.935;7;Rand;;500;2.0;4
higgs;PELLCAPP_CHEN;99397.62;124767723.2;3.412556591;1.0;4600.165;7;Rand;;1000;2.0;4
higgs;PELLCAPP_CHEN;343611.575;3542515829.0;4.815169781;0.989691852;17644.0;7;Rand;;5000;2.0;4
higgs;PELLCAPP_CHEN;828837.615;6533492336.0;7.111590402;1.040550854;31702.505;7;Rand;;10000;2.0;4
higgs;PELLCAPP_CHEN;2328755.735;20528347973.0;6.747493917;1.026886609;59182.62;7;Rand;;20000;2.0;4
higgs;PELLCAPP_CHEN;3768750.125;39672210697.0;6.551465038;0.991144869;85470.39;7;Rand;;30000;2.0;4
higgs;PELLCAPP_CHEN;2936794.695;65370772548.0;6.838961482;1.0;110037.04;7;Rand;;40000;2.0;4
higgs;PELLCAPPDELTA05_CHEN;27809.93;2515468.855;3.346831659;1.101585208;771.21;7;Rand;0.5;500;2.0;4
higgs;PELLCAPPDELTA05_CHEN;40399.315;5342692.645;3.767056823;1.110976917;773.115;7;Rand;0.5;1000;2.0;4
higgs;PELLCAPPDELTA05_CHEN;59491.98;27082402.25;5.321353643;1.098133369;1096.14;7;Rand;0.5;5000;2.0;4
higgs;PELLCAPPDELTA05_CHEN;55599.88;1662079.19;6.165686795;0.903658059;1553.265;7;Rand;0.5;10000;2.0;4
higgs;PELLCAPPDELTA05_CHEN;105905.46;2170253.64;6.138485663;0.934249221;1961.265;7;Rand;0.5;20000;2.0;4
higgs;PELLCAPPDELTA05_CHEN;153733.09;2282993.87;7.005522802;1.059870273;2676.845;7;Rand;0.5;30000;2.0;4
higgs;PELLCAPPDELTA05_CHEN;186579.8;3030324.285;6.573552229;0.961580358;2888.315;7;Rand;0.5;40000;2.0;4
higgs;PELLCAPPDELTA05_CHEN;97924.655;3165535.105;9.424873683;1.0;3243.775;7;Rand;0.5;50000;2.0;4
higgs;PELLCAPPDELTA05_CHEN;85651.305;3093676.92;6.590621366;1.0;1902.96;7;Rand;0.5;60000;2.0;4
higgs;PELLCAPPDELTA05_CHEN;108300.055;4287153.585;7.958619358;1.0;1876.085;7;Rand;0.5;70000;2.0;4
higgs;PELLCAPPDELTA05_CHEN;95235.88;4353359.7;7.146697386;1.0;2526.005;7;Rand;0.5;80000;2.0;4
higgs;PELLCAPPDELTA05_CHEN;136006.945;4245653.21;6.51038968;1.0;2868.295;7;Rand;0.5;90000;2.0;4
higgs;PELLCAPPDELTA05_CHEN;122651.995;4940250.115;6.965401399;1.0;2976.63;7;Rand;0.5;100000;2.0;4
higgs;PELLCAPPDELTA05_CHEN;128405.305;7294048.17;8.623536581;1.0;3025.74;7;Rand;0.5;200000;2.0;4
higgs;PELLCAPPDELTA05_CHEN;100552.16;13901504.05;9.82985354;1.0;1511.04;7;Rand;0.5;500000;2.0;4
higgs;PELLCAPPDELTA10_CHEN;21936.22;543305.38;2.88920231;0.952632835;417.47;7;Rand;1.0;500;2.0;4
higgs;PELLCAPPDELTA10_CHEN;30106.77;823825.035;3.242376746;0.959288105;409.84;7;Rand;1.0;1000;2.0;4
higgs;PELLCAPPDELTA10_CHEN;28607.325;2542049.85;4.44519635;0.918799145;461.345;7;Rand;1.0;5000;2.0;4
higgs;PELLCAPPDELTA10_CHEN;35262.44;438950.975;7.125476812;1.04565827;600.23;7;Rand;1.0;10000;2.0;4
higgs;PELLCAPPDELTA10_CHEN;38576.825;480828.57;7.225964413;1.099708518;672.095;7;Rand;1.0;20000;2.0;4
higgs;PELLCAPPDELTA10_CHEN;42274.24;458716.965;7.719225939;1.167848976;892.28;7;Rand;1.0;30000;2.0;4
higgs;PELLCAPPDELTA10_CHEN;62223.875;820462.595;8.029994184;1.174318291;878.51;7;Rand;1.0;40000;2.0;4
higgs;PELLCAPPDELTA10_CHEN;26189.82;690884.31;7.292808235;0.77508846;1003.915;7;Rand;1.0;50000;2.0;4
higgs;PELLCAPPDELTA10_CHEN;29131.27;755134.335;9.484854072;1.44273873;695.245;7;Rand;1.0;60000;2.0;4
higgs;PELLCAPPDELTA10_CHEN;38970.37;860316.7;9.142122906;1.15569208;640.015;7;Rand;1.0;70000;2.0;4
higgs;PELLCAPPDELTA10_CHEN;29759.06;713624.125;9.460307751;1.326484381;827.985;7;Rand;1.0;80000;2.0;4
higgs;PELLCAPPDELTA10_CHEN;39697.965;751641.93;8.806009748;1.354124171;893.87;7;Rand;1.0;90000;2.0;4
higgs;PELLCAPPDELTA10_CHEN;36613.87;864239.5;8.616321987;1.237504847;890.22;7;Rand;1.0;100000;2.0;4
higgs;PELLCAPPDELTA10_CHEN;55455.655;1088650.47;8.854475356;1.02971921;884.705;7;Rand;1.0;200000;2.0;4
higgs;PELLCAPPDELTA10_CHEN;62129.39;1561320.935;9.706986686;0.997285231;563.875;7;Rand;1.0;500000;2.0;4
higgs;PELLCAPPDELTA15_CHEN;24913.52;296200.23;3.277814652;1.08175236;270.705;7;Rand;1.5;500;2.0;4
higgs;PELLCAPPDELTA15_CHEN;24377.295;357057.33;3.74458482;1.105798605;300.25;7;Rand;1.5;1000;2.0;4
higgs;PELLCAPPDELTA15_CHEN;23779.175;975573.72;4.735908829;0.978602559;329.595;7;Rand;1.5;5000;2.0;4
higgs;PELLCAPPDELTA15_CHEN;29132.76;252224.86;7.291946412;1.068987199;395.165;7;Rand;1.5;10000;2.0;4
higgs;PELLCAPPDELTA15_CHEN;30545.85;274516.4;7.060052273;1.074446188;419.95;7;Rand;1.5;20000;2.0;4
higgs;PELLCAPPDELTA15_CHEN;31949.885;504365.13;8.409064892;1.272048621;494.045;7;Rand;1.5;30000;2.0;4
higgs;PELLCAPPDELTA15_CHEN;49354.445;628273.17;8.611534614;1.257524659;498.185;7;Rand;1.5;40000;2.0;4
higgs;PELLCAPPDELTA15_CHEN;22443.745;506438.925;7.382001515;0.784937023;563.975;7;Rand;1.5;50000;2.0;4
higgs;PELLCAPPDELTA15_CHEN;25884.635;482254.255;8.681586523;1.318714976;428.545;7;Rand;1.5;60000;2.0;4
higgs;PELLCAPPDELTA15_CHEN;33596.01;527550.095;9.062796581;1.146355475;447.425;7;Rand;1.5;70000;2.0;4
higgs;PELLCAPPDELTA15_CHEN;26478.155;565071.89;9.419049707;1.320925637;523.145;7;Rand;1.5;80000;2.0;4
higgs;PELLCAPPDELTA15_CHEN;33294.69;542569.115;9.718172435;1.494496647;537.04;7;Rand;1.5;90000;2.0;4
higgs;PELLCAPPDELTA15_CHEN;34678.23;545884.83;9.496478904;1.364112733;506.17;7;Rand;1.5;100000;2.0;4
higgs;PELLCAPPDELTA15_CHEN;46450.735;720599.355;8.820066302;1.02633001;495.94;7;Rand;1.5;200000;2.0;4
higgs;PELLCAPPDELTA15_CHEN;53423.315;985731.285;8.87356364;0.911660255;380.005;7;Rand;1.5;500000;2.0;4
higgs;PELLCAPPDELTA20_CHEN;19115.73;245464.605;2.93102482;0.964949956;235.535;7;Rand;2.0;500;2.0;4
higgs;PELLCAPPDELTA20_CHEN;20426.54;247822.415;3.451925364;1.02216538;241.245;7;Rand;2.0;1000;2.0;4
higgs;PELLCAPPDELTA20_CHEN;21951.665;376261.465;4.631209789;0.957752975;263.45;7;Rand;2.0;5000;2.0;4
higgs;PELLCAPPDELTA20_CHEN;26475.09;230482.78;8.845994847;1.298893761;289.365;7;Rand;2.0;10000;2.0;4
higgs;PELLCAPPDELTA20_CHEN;25750.495;202498.525;11.09475228;1.69366855;305.485;7;Rand;2.0;20000;2.0;4
higgs;PELLCAPPDELTA20_CHEN;29358.28;257539.95;9.034757951;1.366748951;372.195;7;Rand;2.0;30000;2.0;4
higgs;PELLCAPPDELTA20_CHEN;45974.08;436401.145;10.16082848;1.480757104;346.5;7;Rand;2.0;40000;2.0;4
higgs;PELLCAPPDELTA20_CHEN;21064.72;267166.015;11.66746981;1.231239098;400.12;7;Rand;2.0;50000;2.0;4
higgs;PELLCAPPDELTA20_CHEN;23526.945;425418.185;11.3486906;1.725805574;321.485;7;Rand;2.0;60000;2.0;4
higgs;PELLCAPPDELTA20_CHEN;32659.24;347984.915;10.59606196;1.344470041;318.93;7;Rand;2.0;70000;2.0;4
higgs;PELLCAPPDELTA20_CHEN;24177.58;386668.78;11.05471441;1.546232135;362.3;7;Rand;2.0;80000;2.0;4
higgs;PELLCAPPDELTA20_CHEN;30550.905;399200.555;13.15811211;2.026282915;361.76;7;Rand;2.0;90000;2.0;4
higgs;PELLCAPPDELTA20_CHEN;31733.815;438401.205;11.92191217;1.713808691;353.3;7;Rand;2.0;100000;2.0;4
higgs;PELLCAPPDELTA20_CHEN;43592.705;504214.655;14.46156632;1.690985734;345.775;7;Rand;2.0;200000;2.0;4
higgs;PELLCAPPDELTA20_CHEN;48385.995;530327.075;11.91741024;1.215419834;289.355;7;Rand;2.0;500000;2.0;4
higgs;PELLCAPPDELTA25_CHEN;19963.435;312677.795;3.273561302;1.070146493;205.93;7;Rand;2.5;500;2.0;4
higgs;PELLCAPPDELTA25_CHEN;15352.505;322266.11;3.828218672;1.121803718;208.675;7;Rand;2.5;1000;2.0;4
higgs;PELLCAPPDELTA25_CHEN;22618.68;364393.76;4.723015182;0.965494771;210.13;7;Rand;2.5;5000;2.0;4
higgs;PELLCAPPDELTA25_CHEN;30904.27;239710.445;9.697597632;1.402822403;248.035;7;Rand;2.5;10000;2.0;4
higgs;PELLCAPPDELTA25_CHEN;30906.735;229376.365;9.675867482;1.47022249;260.66;7;Rand;2.5;20000;2.0;4
higgs;PELLCAPPDELTA25_CHEN;19086.205;238226.19;9.786032205;1.475112427;294.895;7;Rand;2.5;30000;2.0;4
higgs;PELLCAPPDELTA25_CHEN;26143.95;219583.81;9.741270007;1.424378545;276.85;7;Rand;2.5;40000;2.0;4
higgs;PELLCAPPDELTA25_CHEN;22770.725;356142.765;6.744776594;0.715635755;318.91;7;Rand;2.5;50000;2.0;4
higgs;PELLCAPPDELTA25_CHEN;29886.0;349710.19;9.014258448;1.3677403;285.335;7;Rand;2.5;60000;2.0;4
higgs;PELLCAPPDELTA25_CHEN;28237.29;385884.09;8.198262347;1.030111126;275.39;7;Rand;2.5;70000;2.0;4
higgs;PELLCAPPDELTA25_CHEN;28607.755;303287.205;8.094030295;1.132555341;302.315;7;Rand;2.5;80000;2.0;4
higgs;PELLCAPPDELTA25_CHEN;35921.9;413426.42;7.857932251;1.206983397;298.95;7;Rand;2.5;90000;2.0;4
higgs;PELLCAPPDELTA25_CHEN;35730.515;385684.07;8.489982094;1.218879087;301.39;7;Rand;2.5;100000;2.0;4
higgs;PELLCAPPDELTA25_CHEN;42777.86;481743.55;9.641884533;1.118089364;266.08;7;Rand;2.5;200000;2.0;4
higgs;PELLCAPPDELTA25_CHEN;46428.115;545620.61;9.602478196;0.976868898;260.965;7;Rand;2.5;500000;2.0;4
higgs;PELLCAPPDELTA30_CHEN;17198.835;230896.685;4.284900037;1.400759088;175.885;7;Rand;3.0;500;2.0;4
higgs;PELLCAPPDELTA30_CHEN;14928.72;279911.775;5.561822791;1.629811153;182.975;7;Rand;3.0;1000;2.0;4
higgs;PELLCAPPDELTA30_CHEN;16604.745;391530.86;5.542560385;1.133028979;185.5;7;Rand;3.0;5000;2.0;4
higgs;PELLCAPPDELTA30_CHEN;19517.025;241700.56;11.08369934;1.603331292;214.04;7;Rand;3.0;10000;2.0;4
higgs;PELLCAPPDELTA30_CHEN;20973.935;229130.15;11.12067604;1.689757332;232.19;7;Rand;3.0;20000;2.0;4
higgs;PELLCAPPDELTA30_CHEN;16670.515;254152.77;9.325875714;1.405750039;252.015;7;Rand;3.0;30000;2.0;4
higgs;PELLCAPPDELTA30_CHEN;18820.72;250574.67;11.41975631;1.669808543;242.69;7;Rand;3.0;40000;2.0;4
higgs;PELLCAPPDELTA30_CHEN;18616.585;269487.58;15.88949444;1.685910599;274.51;7;Rand;3.0;50000;2.0;4
higgs;PELLCAPPDELTA30_CHEN;19193.55;318889.625;13.10493372;1.988421575;238.415;7;Rand;3.0;60000;2.0;4
higgs;PELLCAPPDELTA30_CHEN;20074.885;345821.24;16.26604848;2.043827924;244.19;7;Rand;3.0;70000;2.0;4
higgs;PELLCAPPDELTA30_CHEN;20659.015;319533.08;14.48193873;2.02638197;262.785;7;Rand;3.0;80000;2.0;4
higgs;PELLCAPPDELTA30_CHEN;29356.715;296444.425;15.70796857;2.412753973;253.995;7;Rand;3.0;90000;2.0;4
higgs;PELLCAPPDELTA30_CHEN;30349.955;358298.06;17.09500031;2.454273534;252.175;7;Rand;3.0;100000;2.0;4
higgs;PELLCAPPDELTA30_CHEN;38795.13;436756.505;15.60308033;1.80935979;236.0;7;Rand;3.0;200000;2.0;4
higgs;PELLCAPPDELTA30_CHEN;44198.84;388012.715;18.44081417;1.876000908;223.46;7;Rand;3.0;500000;2.0;4
higgs;PELLCAPPDELTA35_CHEN;16013.885;199293.045;3.816155447;1.247523718;160.67;7;Rand;3.5;500;2.0;4
higgs;PELLCAPPDELTA35_CHEN;14475.685;271827.16;4.423183861;1.2961496;175.765;7;Rand;3.5;1000;2.0;4
higgs;PELLCAPPDELTA35_CHEN;16278.425;366364.4;7.298966027;1.492079373;178.3;7;Rand;3.5;5000;2.0;4
higgs;PELLCAPPDELTA35_CHEN;19056.185;165852.425;13.58251613;1.964801864;196.79;7;Rand;3.5;10000;2.0;4
higgs;PELLCAPPDELTA35_CHEN;20342.64;229528.54;11.74392519;1.784458393;213.94;7;Rand;3.5;20000;2.0;4
higgs;PELLCAPPDELTA35_CHEN;16616.755;249878.845;11.33122653;1.70802964;226.965;7;Rand;3.5;30000;2.0;4
higgs;PELLCAPPDELTA35_CHEN;18314.885;250621.775;9.710905119;1.41993856;211.825;7;Rand;3.5;40000;2.0;4
higgs;PELLCAPPDELTA35_CHEN;17952.775;211807.88;13.14751962;1.39498099;240.49;7;Rand;3.5;50000;2.0;4
higgs;PELLCAPPDELTA35_CHEN;17979.645;245067.81;12.68164011;1.924194914;211.785;7;Rand;3.5;60000;2.0;4
higgs;PELLCAPPDELTA35_CHEN;18918.405;265340.775;13.35855896;1.678502056;211.62;7;Rand;3.5;70000;2.0;4
higgs;PELLCAPPDELTA35_CHEN;20048.705;262223.735;12.96869619;1.814641854;229.585;7;Rand;3.5;80000;2.0;4
higgs;PELLCAPPDELTA35_CHEN;27485.695;275875.03;12.91799115;1.984211666;227.28;7;Rand;3.5;90000;2.0;4
higgs;PELLCAPPDELTA35_CHEN;29410.835;293913.09;13.14554722;1.887263413;216.6;7;Rand;3.5;100000;2.0;4
higgs;PELLCAPPDELTA35_CHEN;38705.82;471859.2;15.03836863;1.743874858;220.06;7;Rand;3.5;200000;2.0;4
higgs;PELLCAPPDELTA35_CHEN;42960.835;468975.73;15.57581576;1.584541997;223.2;7;Rand;3.5;500000;2.0;4
higgs;PELLCAPPDELTA40_CHEN;15690.435;173334.765;4.897723317;1.601094632;147.36;7;Rand;4.0;500;2.0;4
higgs;PELLCAPPDELTA40_CHEN;14397.485;268829.235;5.455373646;1.598617781;165.24;7;Rand;4.0;1000;2.0;4
higgs;PELLCAPPDELTA40_CHEN;15665.2;294676.74;6.758013617;1.381496048;171.01;7;Rand;4.0;5000;2.0;4
higgs;PELLCAPPDELTA40_CHEN;17942.375;161327.635;13.58251613;1.964801864;180.055;7;Rand;4.0;10000;2.0;4
higgs;PELLCAPPDELTA40_CHEN;19730.64;200792.255;15.20394658;2.310199498;203.815;7;Rand;4.0;20000;2.0;4
higgs;PELLCAPPDELTA40_CHEN;16202.405;240896.205;15.43538695;2.326676495;203.53;7;Rand;4.0;30000;2.0;4
higgs;PELLCAPPDELTA40_CHEN;18284.225;235335.815;13.73583697;2.008468246;202.24;7;Rand;4.0;40000;2.0;4
higgs;PELLCAPPDELTA40_CHEN;16949.185;210993.095;16.40797797;1.740922852;210.68;7;Rand;4.0;50000;2.0;4
higgs;PELLCAPPDELTA40_CHEN;18008.92;226538.905;13.26683956;2.012987671;200.575;7;Rand;4.0;60000;2.0;4
higgs;PELLCAPPDELTA40_CHEN;19176.93;248426.005;16.42291605;2.063538323;203.32;7;Rand;4.0;70000;2.0;4
higgs;PELLCAPPDELTA40_CHEN;19640.565;240392.45;17.7030938;2.477101358;210.58;7;Rand;4.0;80000;2.0;4
higgs;PELLCAPPDELTA40_CHEN;26899.77;226990.645;18.09458077;2.779339127;208.03;7;Rand;4.0;90000;2.0;4
higgs;PELLCAPPDELTA40_CHEN;28370.545;278443.85;17.329494;2.487939029;206.655;7;Rand;4.0;100000;2.0;4
higgs;PELLCAPPDELTA40_CHEN;38075.625;354761.83;16.45403539;1.908037989;211.825;7;Rand;4.0;200000;2.0;4
higgs;PELLCAPPDELTA40_CHEN;41332.03;330657.615;19.62217696;1.996182027;199.23;7;Rand;4.0;500000;2.0;4
higgs;CAPPDELTA05_CHEN;42217.25;2529056.82;3.346831659;1.094099004;783.575;7;Rand;0.5;500;2.0;4
higgs;CAPPDELTA05_CHEN;39897.095;5369785.955;3.767056823;1.103881129;777.39;7;Rand;0.5;1000;2.0;4
higgs;CAPPDELTA05_CHEN;54444.345;26487959.94;5.321353643;1.087809147;1101.4;7;Rand;0.5;5000;2.0;4
higgs;CAPPDELTA05_CHEN;77976.695;1654278.765;6.165686795;0.891907861;1556.49;7;Rand;0.5;10000;2.0;4
higgs;CAPPDELTA05_CHEN;111466.57;2081981.725;6.138485663;0.932726672;1956.17;7;Rand;0.5;20000;2.0;4
higgs;CAPPDELTA05_CHEN;76980.785;2133197.85;7.005522802;1.055988119;2670.375;7;Rand;0.5;30000;2.0;4
higgs;CAPPDELTA05_CHEN;93097.415;2522437.155;6.573552229;0.961191585;2882.395;7;Rand;0.5;40000;2.0;4
higgs;CAPPDELTA05_CHEN;108351.685;2968451.8;9.424873683;1.0;3237.935;7;Rand;0.5;50000;2.0;4
higgs;CAPPDELTA05_CHEN;66943.015;2854959.8;6.590621366;1.0;1897.64;7;Rand;0.5;60000;2.0;4
higgs;CAPPDELTA05_CHEN;59022.795;4099812.46;7.958619358;1.0;1866.265;7;Rand;0.5;70000;2.0;4
higgs;CAPPDELTA05_CHEN;52691.68;4168779.54;7.146697386;1.0;2514.095;7;Rand;0.5;80000;2.0;4
higgs;CAPPDELTA05_CHEN;97109.28;4101732.54;6.51038968;1.0;2855.73;7;Rand;0.5;90000;2.0;4
higgs;CAPPDELTA05_CHEN;143140.3;4855473.855;6.965401399;1.0;2964.565;7;Rand;0.5;100000;2.0;4
higgs;CAPPDELTA05_CHEN;105135.355;6911812.765;8.623536581;1.0;3014.885;7;Rand;0.5;200000;2.0;4
higgs;CAPPDELTA05_CHEN;79926.725;13342915.77;9.82985354;1.0;1501.2;7;Rand;0.5;500000;2.0;4
phones;CHEN;5428.855;34917161.57;7.087654259;1.0;500.0;3;Rand;0.0;500;2.0;14
phones;CHEN;4655.145;131097540.3;7.692362906;1.0;1000.0;3;Rand;0.0;1000;2.0;14
phones;CHEN;6156.16;3885652530.0;9.815175695;1.0;5000.0;3;Rand;0.0;5000;2.0;14
phones;CHEN;10499.46;15689677286.0;9.404855031;1.0;10000.0;3;Rand;0.0;10000;2.0;14
phones;CHEN;5340.165;71361962424.0;10.49098539;1.0;20000.0;3;Rand;0.0;20000;2.0;14
phones;CHEN;5191.395;160358000000.0;10.7276921;1.0;30000.0;3;Rand;0.0;30000;2.0;14
phones;PELLCAPP_CHEN;82855.215;34422598.22;6.890336989;0.977394529;3644.835;3;Rand;;500;2.0;14
phones;PELLCAPP_CHEN;116134.315;134488182.4;7.448667643;0.98025484;6405.68;3;Rand;;1000;2.0;14
phones;PELLCAPP_CHEN;527189.345;2704690546.0;10.00511233;1.032508178;19317.24;3;Rand;;5000;2.0;14
phones;PELLCAPP_CHEN;798066.25;10079209793.0;9.691914254;1.035298923;26988.045;3;Rand;;10000;2.0;14
phones;PELLCAPP_CHEN;1960042.29;37664416193.0;10.29053391;0.98330403;48758.735;3;Rand;;20000;2.0;14
phones;PELLCAPP_CHEN;2342108.95;82136012936.0;10.3661068;0.971025347;59665.545;3;Rand;;30000;2.0;14
phones;PELLCAPP_CHEN;2047346.26;142627000000.0;10.65148078;1.0;74907.81;3;Rand;;40000;2.0;14
phones;PELLCAPPDELTA05_CHEN;79527.03;26544677.54;7.015995559;1.001913015;1519.965;3;Rand;0.5;500;2.0;14
phones;PELLCAPPDELTA05_CHEN;132569.965;85932575.02;8.001746224;1.053579964;2229.35;3;Rand;0.5;1000;2.0;14
phones;PELLCAPPDELTA05_CHEN;104486.94;112555448.8;9.574157887;0.988287456;4066.51;3;Rand;0.5;5000;2.0;14
phones;PELLCAPPDELTA05_CHEN;110314.46;185348749.8;9.735858809;1.041456347;3153.2;3;Rand;0.5;10000;2.0;14
phones;PELLCAPPDELTA05_CHEN;170137.205;294969659.5;10.21813241;0.976429967;5677.315;3;Rand;0.5;20000;2.0;14
phones;PELLCAPPDELTA05_CHEN;180237.495;388947675.2;10.38338485;0.973337219;4577.14;3;Rand;0.5;30000;2.0;14
phones;PELLCAPPDELTA05_CHEN;221522.235;466042161.8;10.58528592;0.995145716;5648.1;3;Rand;0.5;40000;2.0;14
phones;PELLCAPPDELTA05_CHEN;104009.02;551726660.6;11.40856431;1.0;5805.05;3;Rand;0.5;50000;2.0;14
phones;PELLCAPPDELTA05_CHEN;199479.64;627414621.7;11.64286044;1.0;5187.065;3;Rand;0.5;60000;2.0;14
phones;PELLCAPPDELTA05_CHEN;153830.055;693240570.1;13.24773373;1.0;4664.335;3;Rand;0.5;70000;2.0;14
phones;PELLCAPPDELTA05_CHEN;177207.01;731475015.6;14.87502579;1.0;5814.795;3;Rand;0.5;80000;2.0;14
phones;PELLCAPPDELTA05_CHEN;96766.125;803941395.8;15.10920112;1.0;5552.01;3;Rand;0.5;90000;2.0;14
phones;PELLCAPPDELTA05_CHEN;123238.855;882774330.0;14.21754639;1.0;6316.335;3;Rand;0.5;100000;2.0;14
phones;PELLCAPPDELTA05_CHEN;165764.79;1264288491.0;14.85982343;1.0;6649.435;3;Rand;0.5;200000;2.0;14
phones;PELLCAPPDELTA05_CHEN;249412.25;2182195176.0;16.97706016;1.0;7963.84;3;Rand;0.5;500000;2.0;14
phones;PELLCAPPDELTA10_CHEN;38492.46;20593776.8;6.950819261;0.993216219;1032.685;3;Rand;1.0;500;2.0;14
phones;PELLCAPPDELTA10_CHEN;50168.845;53094728.7;8.194104383;1.078722157;1393.935;3;Rand;1.0;1000;2.0;14
phones;PELLCAPPDELTA10_CHEN;71029.115;18571646.44;9.701542395;1.002644342;2240.27;3;Rand;1.0;5000;2.0;14
phones;PELLCAPPDELTA10_CHEN;70035.615;23193374.66;9.810553749;1.049474637;1688.605;3;Rand;1.0;10000;2.0;14
phones;PELLCAPPDELTA10_CHEN;67662.275;31105582.2;10.36727995;0.990436262;2751.71;3;Rand;1.0;20000;2.0;14
phones;PELLCAPPDELTA10_CHEN;65500.185;40950972.43;9.916381092;0.929331399;2211.705;3;Rand;1.0;30000;2.0;14
phones;PELLCAPPDELTA10_CHEN;73751.415;44513860.91;11.40874999;1.073906586;2633.755;3;Rand;1.0;40000;2.0;14
phones;PELLCAPPDELTA10_CHEN;86616.32;49175823.91;11.56307158;1.014095082;2747.38;3;Rand;1.0;50000;2.0;14
phones;PELLCAPPDELTA10_CHEN;85576.235;51015251.12;11.10129871;0.95558821;2360.905;3;Rand;1.0;60000;2.0;14
phones;PELLCAPPDELTA10_CHEN;60311.595;56437866.68;15.2032873;1.159761129;2070.4;3;Rand;1.0;70000;2.0;14
phones;PELLCAPPDELTA10_CHEN;66597.82;59506602.57;14.09008134;0.950380191;2595.715;3;Rand;1.0;80000;2.0;14
phones;PELLCAPPDELTA10_CHEN;69245.65;62301900.45;14.25545537;0.945495427;2457.41;3;Rand;1.0;90000;2.0;14
phones;PELLCAPPDELTA10_CHEN;61943.445;65228119.66;15.07362349;1.063783247;2762.33;3;Rand;1.0;100000;2.0;14
phones;PELLCAPPDELTA10_CHEN;76706.335;88573317.28;14.84691757;1.011179452;2775.935;3;Rand;1.0;200000;2.0;14
phones;PELLCAPPDELTA10_CHEN;150097.205;135471015.4;17.29987806;1.022420361;3058.19;3;Rand;1.0;500000;2.0;14
phones;PELLCAPPDELTA15_CHEN;35555.86;14646721.47;6.909091289;0.987460959;856.765;3;Rand;1.5;500;2.0;14
phones;PELLCAPPDELTA15_CHEN;34851.365;29014788.73;8.593187624;1.13690235;1074.13;3;Rand;1.5;1000;2.0;14
phones;PELLCAPPDELTA15_CHEN;46432.45;5967998.625;11.09034624;1.145800638;1531.015;3;Rand;1.5;5000;2.0;14
phones;PELLCAPPDELTA15_CHEN;60558.77;6771021.425;10.23490417;1.094773845;1209.53;3;Rand;1.5;10000;2.0;14
phones;PELLCAPPDELTA15_CHEN;46480.535;9316830.945;10.4162522;0.995267451;1773.975;3;Rand;1.5;20000;2.0;14
phones;PELLCAPPDELTA15_CHEN;49446.295;11174642.31;10.25780855;0.961563912;1500.62;3;Rand;1.5;30000;2.0;14
phones;PELLCAPPDELTA15_CHEN;60134.505;12347757.03;11.10689256;1.045714269;1751.625;3;Rand;1.5;40000;2.0;14
phones;PELLCAPPDELTA15_CHEN;59958.8;14916777.91;12.08681955;1.061537703;1710.13;3;Rand;1.5;50000;2.0;14
phones;PELLCAPPDELTA15_CHEN;63421.335;15475177.11;12.08599361;1.043581535;1556.765;3;Rand;1.5;60000;2.0;14
phones;PELLCAPPDELTA15_CHEN;40068.585;15181809.52;15.10941917;1.163067121;1354.42;3;Rand;1.5;70000;2.0;14
phones;PELLCAPPDELTA15_CHEN;54773.05;16011003.91;13.86080613;0.936116986;1662.09;3;Rand;1.5;80000;2.0;14
phones;PELLCAPPDELTA15_CHEN;46329.475;17643590.51;14.80654013;0.984017594;1613.08;3;Rand;1.5;90000;2.0;14
phones;PELLCAPPDELTA15_CHEN;51040.2;18313936.92;14.14607276;0.996955612;1807.965;3;Rand;1.5;100000;2.0;14
phones;PELLCAPPDELTA15_CHEN;62219.205;23177562.67;15.83646592;1.077114066;1793.225;3;Rand;1.5;200000;2.0;14
phones;PELLCAPPDELTA15_CHEN;84788.2;35729864.31;15.09985477;0.892529436;1929.82;3;Rand;1.5;500000;2.0;14
phones;PELLCAPPDELTA20_CHEN;43679.54;9338240.29;7.411411804;1.061237589;705.525;3;Rand;2.0;500;2.0;14
phones;PELLCAPPDELTA20_CHEN;42591.955;16437557.53;8.008180926;1.055817959;846.885;3;Rand;2.0;1000;2.0;14
phones;PELLCAPPDELTA20_CHEN;40179.975;3565000.75;9.557840452;0.98857455;1184.635;3;Rand;2.0;5000;2.0;14
phones;PELLCAPPDELTA20_CHEN;56311.62;3869364.95;12.09585991;1.293767149;1015.445;3;Rand;2.0;10000;2.0;14
phones;PELLCAPPDELTA20_CHEN;39688.15;4274297.135;12.43513004;1.187525323;1348.145;3;Rand;2.0;20000;2.0;14
phones;PELLCAPPDELTA20_CHEN;40459.84;4346453.525;11.29573017;1.059040759;1113.495;3;Rand;2.0;30000;2.0;14
phones;PELLCAPPDELTA20_CHEN;45674.86;5097738.145;11.75051532;1.10586453;1279.955;3;Rand;2.0;40000;2.0;14
phones;PELLCAPPDELTA20_CHEN;44570.095;5888647.56;12.53113211;1.100153712;1373.015;3;Rand;2.0;50000;2.0;14
phones;PELLCAPPDELTA20_CHEN;40057.02;5921687.045;11.84415516;1.021997881;1161.795;3;Rand;2.0;60000;2.0;14
phones;PELLCAPPDELTA20_CHEN;32740.325;6284255.015;13.8058887;1.054748701;1067.385;3;Rand;2.0;70000;2.0;14
phones;PELLCAPPDELTA20_CHEN;34413.545;6561163.85;13.39863085;0.90375733;1257.82;3;Rand;2.0;80000;2.0;14
phones;PELLCAPPDELTA20_CHEN;32657.795;7187857.01;14.25757697;0.946370839;1202.66;3;Rand;2.0;90000;2.0;14
phones;PELLCAPPDELTA20_CHEN;36554.59;7340151.69;16.43690524;1.158981186;1331.745;3;Rand;2.0;100000;2.0;14
phones;PELLCAPPDELTA20_CHEN;53888.14;8920336.995;15.21878047;1.038841178;1294.365;3;Rand;2.0;200000;2.0;14
phones;PELLCAPPDELTA20_CHEN;72509.88;13130640.2;16.97801141;1.002075638;1361.52;3;Rand;2.0;500000;2.0;14
phones;PELLCAPPDELTA25_CHEN;41444.13;8227719.69;7.227594291;1.019744196;635.82;3;Rand;2.5;500;2.0;14
phones;PELLCAPPDELTA25_CHEN;24428.975;12116192.14;7.480183787;0.972416913;766.545;3;Rand;2.5;1000;2.0;14
phones;PELLCAPPDELTA25_CHEN;42491.0;2155133.605;12.26459697;1.249554501;958.055;3;Rand;2.5;5000;2.0;14
phones;PELLCAPPDELTA25_CHEN;51744.79;3076827.34;13.06916351;1.389618816;870.28;3;Rand;2.5;10000;2.0;14
phones;PELLCAPPDELTA25_CHEN;52137.895;2756398.465;14.18146894;1.351776637;1028.37;3;Rand;2.5;20000;2.0;14
phones;PELLCAPPDELTA25_CHEN;29206.955;3014863.015;12.60676825;1.175161268;968.68;3;Rand;2.5;30000;2.0;14
phones;PELLCAPPDELTA25_CHEN;54128.02;3527458.2;12.596637;1.182618386;1033.735;3;Rand;2.5;40000;2.0;14
phones;PELLCAPPDELTA25_CHEN;45580.21;3901929.41;14.06109743;1.232503675;1070.905;3;Rand;2.5;50000;2.0;14
phones;PELLCAPPDELTA25_CHEN;39944.875;3664182.35;14.45414244;1.241459736;966.305;3;Rand;2.5;60000;2.0;14
phones;PELLCAPPDELTA25_CHEN;37671.265;4003632.735;15.95456202;1.204323875;889.84;3;Rand;2.5;70000;2.0;14
phones;PELLCAPPDELTA25_CHEN;52385.41;4496876.535;16.16784875;1.086912318;1004.69;3;Rand;2.5;80000;2.0;14
phones;PELLCAPPDELTA25_CHEN;44247.81;4328832.635;14.69556951;0.972623859;989.58;3;Rand;2.5;90000;2.0;14
phones;PELLCAPPDELTA25_CHEN;38677.7;4762629.83;15.63521831;1.099712839;1085.17;3;Rand;2.5;100000;2.0;14
phones;PELLCAPPDELTA25_CHEN;53824.51;6783022.055;16.3971275;1.103453723;1066.72;3;Rand;2.5;200000;2.0;14
phones;PELLCAPPDELTA25_CHEN;68699.97;7076198.75;18.33493306;1.079982806;1117.835;3;Rand;2.5;500000;2.0;14
phones;PELLCAPPDELTA30_CHEN;29031.5;5957967.925;7.288090202;1.028279588;534.89;3;Rand;3.0;500;2.0;14
phones;PELLCAPPDELTA30_CHEN;25539.29;7315262.405;7.762314025;1.00909358;609.39;3;Rand;3.0;1000;2.0;14
phones;PELLCAPPDELTA30_CHEN;24177.065;1355795.9;11.80352301;1.202578881;806.375;3;Rand;3.0;5000;2.0;14
phones;PELLCAPPDELTA30_CHEN;34753.835;1830466.26;13.5365152;1.439311415;735.74;3;Rand;3.0;10000;2.0;14
phones;PELLCAPPDELTA30_CHEN;33441.13;2155360.885;13.23936152;1.261975023;844.99;3;Rand;3.0;20000;2.0;14
phones;PELLCAPPDELTA30_CHEN;22410.33;2086502.815;13.32386143;1.242006324;791.96;3;Rand;3.0;30000;2.0;14
phones;PELLCAPPDELTA30_CHEN;30962.64;2032151.4;14.46708327;1.358222727;889.44;3;Rand;3.0;40000;2.0;14
phones;PELLCAPPDELTA30_CHEN;25496.54;2139359.995;14.54919842;1.27528741;910.74;3;Rand;3.0;50000;2.0;14
phones;PELLCAPPDELTA30_CHEN;29290.735;2912538.95;14.59791998;1.253808723;851.03;3;Rand;3.0;60000;2.0;14
phones;PELLCAPPDELTA30_CHEN;27813.045;3199058.64;19.73073315;1.489366676;758.925;3;Rand;3.0;70000;2.0;14
phones;PELLCAPPDELTA30_CHEN;26373.955;3622462.165;18.25183691;1.227012119;819.715;3;Rand;3.0;80000;2.0;14
phones;PELLCAPPDELTA30_CHEN;32572.84;3781870.005;21.65397661;1.433164893;842.49;3;Rand;3.0;90000;2.0;14
phones;PELLCAPPDELTA30_CHEN;37103.235;3321484.23;17.13810775;1.205419506;927.15;3;Rand;3.0;100000;2.0;14
phones;PELLCAPPDELTA30_CHEN;45347.44;4150446.775;17.9599063;1.208621784;864.09;3;Rand;3.0;200000;2.0;14
phones;PELLCAPPDELTA30_CHEN;61691.125;4769516.115;20.15587029;1.187241496;917.875;3;Rand;3.0;500000;2.0;14
phones;PELLCAPPDELTA35_CHEN;25821.96;4863878.545;7.757391613;1.094493514;499.56;3;Rand;3.5;500;2.0;14
phones;PELLCAPPDELTA35_CHEN;27274.32;6859373.505;7.92135814;1.029769167;586.44;3;Rand;3.5;1000;2.0;14
phones;PELLCAPPDELTA35_CHEN;23337.27;1488302.82;11.05624743;1.126444169;712.13;3;Rand;3.5;5000;2.0;14
phones;PELLCAPPDELTA35_CHEN;34194.6;1522847.03;14.30756312;1.521295445;669.16;3;Rand;3.5;10000;2.0;14
phones;PELLCAPPDELTA35_CHEN;33076.595;1651111.355;16.95770763;1.616407516;758.09;3;Rand;3.5;20000;2.0;14
phones;PELLCAPPDELTA35_CHEN;22034.325;1693328.85;13.17479053;1.228110427;707.88;3;Rand;3.5;30000;2.0;14
phones;PELLCAPPDELTA35_CHEN;30054.36;1477644.455;13.59983395;1.276802186;723.8;3;Rand;3.5;40000;2.0;14
phones;PELLCAPPDELTA35_CHEN;25672.99;1694434.83;13.62916515;1.194643321;731.73;3;Rand;3.5;50000;2.0;14
phones;PELLCAPPDELTA35_CHEN;26657.775;1470030.565;13.98349821;1.201036316;744.545;3;Rand;3.5;60000;2.0;14
phones;PELLCAPPDELTA35_CHEN;25360.33;2023271.765;16.80580363;1.268579515;681.215;3;Rand;3.5;70000;2.0;14
phones;PELLCAPPDELTA35_CHEN;25274.0;1854892.84;16.78852858;1.12863862;676.765;3;Rand;3.5;80000;2.0;14
phones;PELLCAPPDELTA35_CHEN;31359.355;1895457.41;19.99512283;1.323373927;709.2;3;Rand;3.5;90000;2.0;14
phones;PELLCAPPDELTA35_CHEN;33201.595;1937707.035;15.03615679;1.057577473;749.7;3;Rand;3.5;100000;2.0;14
phones;PELLCAPPDELTA35_CHEN;43966.615;3361257.31;18.25588303;1.2285397;792.725;3;Rand;3.5;200000;2.0;14
phones;PELLCAPPDELTA35_CHEN;56222.09;3905986.66;19.90970084;1.172741373;849.09;3;Rand;3.5;500000;2.0;14
phones;PELLCAPPDELTA40_CHEN;26042.56;3989522.51;7.602352577;1.072618993;472.47;3;Rand;4.0;500;2.0;14
phones;PELLCAPPDELTA40_CHEN;25521.81;4731575.42;8.635086575;1.122553197;538.625;3;Rand;4.0;1000;2.0;14
phones;PELLCAPPDELTA40_CHEN;22237.005;1522813.22;13.74628163;1.400513048;651.29;3;Rand;4.0;5000;2.0;14
phones;PELLCAPPDELTA40_CHEN;30527.67;1645962.31;13.54969898;1.44071322;654.545;3;Rand;4.0;10000;2.0;14
phones;PELLCAPPDELTA40_CHEN;29855.48;1576079.82;14.1680775;1.350500166;686.1;3;Rand;4.0;20000;2.0;14
phones;PELLCAPPDELTA40_CHEN;21616.345;1610916.07;15.49642864;1.444525858;704.935;3;Rand;4.0;30000;2.0;14
phones;PELLCAPPDELTA40_CHEN;28181.025;1458891.25;16.71770541;1.56951937;680.05;3;Rand;4.0;40000;2.0;14
phones;PELLCAPPDELTA40_CHEN;24501.555;1617625.115;15.84570891;1.388931025;677.75;3;Rand;4.0;50000;2.0;14
phones;PELLCAPPDELTA40_CHEN;25263.065;1791827.7;17.39998358;1.494476694;662.7;3;Rand;4.0;60000;2.0;14
phones;PELLCAPPDELTA40_CHEN;23991.915;2282277.38;21.20529121;1.600673114;651.295;3;Rand;4.0;70000;2.0;14
phones;PELLCAPPDELTA40_CHEN;24851.555;1794693.375;16.60089019;1.116024296;662.405;3;Rand;4.0;80000;2.0;14
phones;PELLCAPPDELTA40_CHEN;29018.8;2072770.86;16.15028837;1.068904189;691.33;3;Rand;4.0;90000;2.0;14
phones;PELLCAPPDELTA40_CHEN;30027.3;2200731.61;25.38733061;1.785633745;702.82;3;Rand;4.0;100000;2.0;14
phones;PELLCAPPDELTA40_CHEN;42736.62;2643908.82;18.78153405;1.263913675;715.29;3;Rand;4.0;200000;2.0;14
phones;PELLCAPPDELTA40_CHEN;54229.7;2951700.94;21.16374346;1.246608263;705.48;3;Rand;4.0;500000;2.0;14
phones;CAPPDELTA05_CHEN;112994.545;29412552.49;7.015995559;0.989889645;1876.315;3;Rand;0.5;500;2.0;14
phones;CAPPDELTA05_CHEN;108055.52;86606059.08;8.001746224;1.040219543;2563.045;3;Rand;0.5;1000;2.0;14
phones;CAPPDELTA05_CHEN;166582.085;112428866.8;9.574157887;0.975444371;4386.53;3;Rand;0.5;5000;2.0;14
phones;CAPPDELTA05_CHEN;154282.915;190125187.6;9.735858809;1.03519499;3465.815;3;Rand;0.5;10000;2.0;14
phones;CAPPDELTA05_CHEN;171791.265;296271843.8;10.21813241;0.973991673;5996.745;3;Rand;0.5;20000;2.0;14
phones;CAPPDELTA05_CHEN;227891.115;391908582.7;10.38338485;0.967904816;4904.035;3;Rand;0.5;30000;2.0;14
phones;CAPPDELTA05_CHEN;215377.955;478061893.9;10.58528592;0.993785385;5971.82;3;Rand;0.5;40000;2.0;14
phones;CAPPDELTA05_CHEN;205448.75;540516941.3;11.40856431;1.0;6130.385;3;Rand;0.5;50000;2.0;14
phones;CAPPDELTA05_CHEN;263753.845;613971607.4;11.64286044;1.0;5505.25;3;Rand;0.5;60000;2.0;14
phones;CAPPDELTA05_CHEN;244256.905;678512941.1;13.24773373;1.0;4985.745;3;Rand;0.5;70000;2.0;14
phones;CAPPDELTA05_CHEN;146928.325;726090887.3;14.87502579;1.0;6138.365;3;Rand;0.5;80000;2.0;14
phones;CAPPDELTA05_CHEN;258538.23;804511301.8;15.10920112;1.0;5885.81;3;Rand;0.5;90000;2.0;14
phones;CAPPDELTA05_CHEN;145722.23;861269647.3;14.21754639;1.0;6649.835;3;Rand;0.5;100000;2.0;14
phones;CAPPDELTA05_CHEN;153507.145;1246857838.0;14.85982343;1.0;6967.875;3;Rand;0.5;200000;2.0;14
phones;CAPPDELTA05_CHEN;388326.355;2170731695.0;16.97706016;1.0;8275.495;3;Rand;0.5;500000;2.0;14
normalized;CHEN;3738.865;42555717.76;1.765671896;1.0;500.0;54;Rand;0.0;500;2.0;14
normalized;CHEN;5391.205;172726369.3;1.722146043;1.0;1000.0;54;Rand;0.0;1000;2.0;14
normalized;CHEN;5419.4;5083105640.0;1.721094224;1.0;5000.0;54;Rand;0.0;5000;2.0;14
normalized;CHEN;11075.12;20500798836.0;1.729321956;1.0;10000.0;54;Rand;0.0;10000;2.0;14
normalized;CHEN;7460.27;144000000000.0;1.747379165;1.0;20000.0;54;Rand;0.0;20000;2.0;14
normalized;CHEN;11393.48;316000000000.0;1.755176895;1.0;30000.0;54;Rand;0.0;30000;2.0;14
normalized;PELLCAPP_CHEN;139719.275;42560940.23;1.765671896;1.0;3809.85;54;Rand;;500;2.0;14
normalized;PELLCAPP_CHEN;417344.64;177862783.1;1.722146043;1.0;6862.66;54;Rand;;1000;2.0;14
normalized;PELLCAPP_CHEN;1146197.21;4750344511.0;1.722030519;1.000566045;28706.4;54;Rand;;5000;2.0;14
normalized;PELLCAPP_CHEN;4799705.275;19835049001.0;1.729554154;1.000144402;53564.47;54;Rand;;10000;2.0;14
normalized;PELLCAPP_CHEN;13123781.15;133000000000.0;1.748985262;1.000976149;99965.99;54;Rand;;20000;2.0;14
normalized;PELLCAPP_CHEN;16413056.2;291000000000.0;1.755140448;1.000027262;142918.06;54;Rand;;30000;2.0;14
normalized;PELLCAPPDELTA05_CHEN;59222.78;41892888.65;1.687311164;0.959572011;1579.225;54;Rand;0.5;500;2.0;14
normalized;PELLCAPPDELTA05_CHEN;164551.31;159891715.7;1.631726512;0.951831201;2436.99;54;Rand;0.5;1000;2.0;14
normalized;PELLCAPPDELTA05_CHEN;209269.785;3563297051.0;1.691901777;0.985788641;7173.475;54;Rand;0.5;5000;2.0;14
normalized;PELLCAPPDELTA05_CHEN;645508.15;11331147444.0;1.70184716;0.986414708;11259.02;54;Rand;0.5;10000;2.0;14
normalized;PELLCAPPDELTA05_CHEN;842340.545;31790719516.0;1.746450698;1.001636772;16816.11;54;Rand;0.5;20000;2.0;14
normalized;PELLCAPPDELTA05_CHEN;985409.115;48336255709.0;1.769696705;1.009583462;20453.715;54;Rand;0.5;30000;2.0;14
normalized;PELLCAPPDELTA05_CHEN;711726.655;60556010499.0;1.75434344;1.0;23173.455;54;Rand;0.5;40000;2.0;14
normalized;PELLCAPPDELTA05_CHEN;868298.3;83867864720.0;1.727169687;1.0;25332.62;54;Rand;0.5;50000;2.0;14
normalized;PELLCAPPDELTA05_CHEN;960731.815;101000000000.0;1.749600755;1.0;27159.37;54;Rand;0.5;60000;2.0;14
normalized;PELLCAPPDELTA05_CHEN;1008268.83;142000000000.0;1.778578401;1.0;28645.98;54;Rand;0.5;70000;2.0;14
normalized;PELLCAPPDELTA05_CHEN;981732.51;191000000000.0;1.745146051;1.0;30027.28;54;Rand;0.5;80000;2.0;14
normalized;PELLCAPPDELTA05_CHEN;1100931.375;163000000000.0;1.761030102;1.0;31234.105;54;Rand;0.5;90000;2.0;14
normalized;PELLCAPPDELTA05_CHEN;1113447.105;227000000000.0;1.781444616;1.0;32358.905;54;Rand;0.5;100000;2.0;14
normalized;PELLCAPPDELTA10_CHEN;40878.765;35118032.41;1.608713085;0.914676357;1139.395;54;Rand;1.0;500;2.0;14
normalized;PELLCAPPDELTA10_CHEN;50842.385;106253843.9;1.645109486;0.959731039;1611.975;54;Rand;1.0;1000;2.0;14
normalized;PELLCAPPDELTA10_CHEN;85797.375;749437763.3;1.724245862;1.005147769;3133.65;54;Rand;1.0;5000;2.0;14
normalized;PELLCAPPDELTA10_CHEN;171917.3;1364146304.0;1.812808917;1.050607232;3937.67;54;Rand;1.0;10000;2.0;14
normalized;PELLCAPPDELTA10_CHEN;198966.84;2369967927.0;1.7824655;1.021629564;4904.81;54;Rand;1.0;20000;2.0;14
normalized;PELLCAPPDELTA10_CHEN;259596.335;2983819506.0;1.784987914;1.018380242;5412.66;54;Rand;1.0;30000;2.0;14
normalized;PELLCAPPDELTA10_CHEN;229545.04;3255353260.0;1.731612379;0.987645932;5774.765;54;Rand;1.0;40000;2.0;14
normalized;PELLCAPPDELTA10_CHEN;241054.85;3825448703.0;1.768634214;1.025092078;6059.24;54;Rand;1.0;50000;2.0;14
normalized;PELLCAPPDELTA10_CHEN;243164.28;4223441135.0;1.734704393;0.992143395;6292.64;54;Rand;1.0;60000;2.0;14
normalized;PELLCAPPDELTA10_CHEN;255596.38;4665380357.0;1.751780304;0.985196004;6528.075;54;Rand;1.0;70000;2.0;14
normalized;PELLCAPPDELTA10_CHEN;270885.935;4941359877.0;1.736079466;0.995270271;6681.94;54;Rand;1.0;80000;2.0;14
normalized;PELLCAPPDELTA10_CHEN;266061.255;5092290791.0;1.732923124;0.984282131;6812.125;54;Rand;1.0;90000;2.0;14
normalized;PELLCAPPDELTA10_CHEN;284287.485;5376136193.0;1.790133486;1.005235618;6957.25;54;Rand;1.0;100000;2.0;14
normalized;PELLCAPPDELTA10_CHEN;282749.485;6748963956.0;1.838999029;1.0;7776.705;54;Rand;1.0;200000;2.0;14
normalized;PELLCAPPDELTA10_CHEN;354063.09;9236396583.0;1.841197531;1.0;8854.995;54;Rand;1.0;500000;2.0;14
normalized;PELLCAPPDELTA15_CHEN;37546.445;25715868.29;1.61261838;0.91658569;787.275;54;Rand;1.5;500;2.0;14
normalized;PELLCAPPDELTA15_CHEN;50992.48;55734240.69;1.655488421;0.966042949;992.165;54;Rand;1.5;1000;2.0;14
normalized;PELLCAPPDELTA15_CHEN;70020.5;216433233.7;1.807112493;1.052808021;1557.235;54;Rand;1.5;5000;2.0;14
normalized;PELLCAPPDELTA15_CHEN;103395.725;335993640.0;1.744256808;1.010968394;1847.025;54;Rand;1.5;10000;2.0;14
normalized;PELLCAPPDELTA15_CHEN;112376.645;504631135.8;1.842312981;1.055724098;2179.145;54;Rand;1.5;20000;2.0;14
normalized;PELLCAPPDELTA15_CHEN;126050.2;583198078.8;1.724715236;0.984126438;2334.115;54;Rand;1.5;30000;2.0;14
normalized;PELLCAPPDELTA15_CHEN;105738.48;606275963.2;1.798246633;1.025555802;2442.135;54;Rand;1.5;40000;2.0;14
normalized;PELLCAPPDELTA15_CHEN;105246.545;689627756.7;1.740207524;1.009264572;2518.415;54;Rand;1.5;50000;2.0;14
normalized;PELLCAPPDELTA15_CHEN;104715.695;737990921.5;1.792274091;1.025427775;2585.365;54;Rand;1.5;60000;2.0;14
normalized;PELLCAPPDELTA15_CHEN;108278.385;779388212.4;1.796766663;1.01064292;2625.075;54;Rand;1.5;70000;2.0;14
normalized;PELLCAPPDELTA15_CHEN;114320.925;836254590.0;1.793620679;1.028296701;2711.885;54;Rand;1.5;80000;2.0;14
normalized;PELLCAPPDELTA15_CHEN;120461.27;870466942.0;1.79445488;1.019423983;2769.26;54;Rand;1.5;90000;2.0;14
normalized;PELLCAPPDELTA15_CHEN;125160.735;897583459.9;1.802346242;1.01218099;2813.4;54;Rand;1.5;100000;2.0;14
normalized;PELLCAPPDELTA15_CHEN;133228.745;1087151169.0;1.771720916;0.964212748;3099.645;54;Rand;1.5;200000;2.0;14
normalized;PELLCAPPDELTA15_CHEN;167922.42;1318241743.0;1.801587594;0.978989218;3361.325;54;Rand;1.5;500000;2.0;14
normalized;PELLCAPPDELTA20_CHEN;33695.84;18141488.41;1.613963682;0.917613603;686.29;54;Rand;2.0;500;2.0;14
normalized;PELLCAPPDELTA20_CHEN;47091.105;33214066.83;1.690216788;0.986493653;818.335;54;Rand;2.0;1000;2.0;14
normalized;PELLCAPPDELTA20_CHEN;57859.255;104080046.4;1.830799623;1.067313343;1162.625;54;Rand;2.0;5000;2.0;14
normalized;PELLCAPPDELTA20_CHEN;86934.31;136988044.9;1.753148969;1.015994167;1267.845;54;Rand;2.0;10000;2.0;14
normalized;PELLCAPPDELTA20_CHEN;85019.32;185893416.7;1.738725263;0.996794709;1432.17;54;Rand;2.0;20000;2.0;14
normalized;PELLCAPPDELTA20_CHEN;101855.45;220827082.8;1.729498356;0.986501174;1534.275;54;Rand;2.0;30000;2.0;14
normalized;PELLCAPPDELTA20_CHEN;92912.26;220343548.8;1.735248663;0.989831773;1594.88;54;Rand;2.0;40000;2.0;14
normalized;PELLCAPPDELTA20_CHEN;82911.36;250295241.9;1.789249652;1.037969901;1615.955;54;Rand;2.0;50000;2.0;14
normalized;PELLCAPPDELTA20_CHEN;80548.985;264314738.9;1.804736222;1.032482975;1656.055;54;Rand;2.0;60000;2.0;14
normalized;PELLCAPPDELTA20_CHEN;81587.615;286576655.3;1.838280204;1.034098203;1698.515;54;Rand;2.0;70000;2.0;14
normalized;PELLCAPPDELTA20_CHEN;84243.895;283976352.5;1.765151931;1.012067924;1694.075;54;Rand;2.0;80000;2.0;14
normalized;PELLCAPPDELTA20_CHEN;85971.405;288548566.5;1.764889258;1.002488002;1714.905;54;Rand;2.0;90000;2.0;14
normalized;PELLCAPPDELTA20_CHEN;91324.04;301549143.5;1.810348168;1.016413253;1746.695;54;Rand;2.0;100000;2.0;14
normalized;PELLCAPPDELTA20_CHEN;97615.73;322769718.1;1.766836198;0.961341272;1825.14;54;Rand;2.0;200000;2.0;14
normalized;PELLCAPPDELTA20_CHEN;121203.595;365220388.3;1.796335617;0.97628886;1920.885;54;Rand;2.0;500000;2.0;14
normalized;PELLCAPPDELTA25_CHEN;51704.74;14117737.07;1.629259993;0.922742213;635.89;54;Rand;2.5;500;2.0;14
normalized;PELLCAPPDELTA25_CHEN;48569.175;22189563.61;1.685895235;0.978950213;721.115;54;Rand;2.5;1000;2.0;14
normalized;PELLCAPPDELTA25_CHEN;66328.925;54077337.12;1.866449199;1.084454978;948.42;54;Rand;2.5;5000;2.0;14
normalized;PELLCAPPDELTA25_CHEN;61266.06;68784068.34;1.832965833;1.059933245;1003.005;54;Rand;2.5;10000;2.0;14
normalized;PELLCAPPDELTA25_CHEN;58088.47;92739216.77;1.921530774;1.099664465;1117.475;54;Rand;2.5;20000;2.0;14
normalized;PELLCAPPDELTA25_CHEN;72164.475;108569971.6;1.749662338;0.996858119;1162.69;54;Rand;2.5;30000;2.0;14
normalized;PELLCAPPDELTA25_CHEN;72882.205;115654127.0;1.87716525;1.070010129;1199.0;54;Rand;2.5;40000;2.0;14
normalized;PELLCAPPDELTA25_CHEN;72210.535;122058470.5;1.947191993;1.127388934;1208.165;54;Rand;2.5;50000;2.0;14
normalized;PELLCAPPDELTA25_CHEN;75555.505;125950970.1;1.772030189;1.012819744;1242.56;54;Rand;2.5;60000;2.0;14
normalized;PELLCAPPDELTA25_CHEN;84727.72;140017064.5;1.863070953;1.047505666;1276.84;54;Rand;2.5;70000;2.0;14
normalized;PELLCAPPDELTA25_CHEN;70518.07;133675124.6;1.794777233;1.028439558;1274.81;54;Rand;2.5;80000;2.0;14
normalized;PELLCAPPDELTA25_CHEN;76786.25;139746162.3;1.799039018;1.021583343;1291.96;54;Rand;2.5;90000;2.0;14
normalized;PELLCAPPDELTA25_CHEN;81996.475;141854837.0;1.821422169;1.022441086;1300.53;54;Rand;2.5;100000;2.0;14
normalized;PELLCAPPDELTA25_CHEN;87254.95;162753050.9;1.801972012;0.979865668;1354.045;54;Rand;2.5;200000;2.0;14
normalized;PELLCAPPDELTA25_CHEN;102803.98;174353124.1;1.82948972;0.993641198;1387.53;54;Rand;2.5;500000;2.0;14
normalized;PELLCAPPDELTA30_CHEN;31872.995;13155469.34;1.652080309;0.93566665;563.15;54;Rand;3.0;500;2.0;14
normalized;PELLCAPPDELTA30_CHEN;29800.835;21685996.43;1.654182939;0.960535807;659.595;54;Rand;3.0;1000;2.0;14
normalized;PELLCAPPDELTA30_CHEN;36136.48;42866430.59;1.746429838;1.014720643;819.14;54;Rand;3.0;5000;2.0;14
normalized;PELLCAPPDELTA30_CHEN;36867.135;54216626.29;1.72930384;0.999989524;871.42;54;Rand;3.0;10000;2.0;14
normalized;PELLCAPPDELTA30_CHEN;48293.435;63907347.49;1.765691891;1.01048011;936.505;54;Rand;3.0;20000;2.0;14
normalized;PELLCAPPDELTA30_CHEN;56020.665;65397445.47;1.854783085;1.056749944;929.805;54;Rand;3.0;30000;2.0;14
normalized;PELLCAPPDELTA30_CHEN;55589.595;67791931.05;1.753893882;0.999743745;953.285;54;Rand;3.0;40000;2.0;14
normalized;PELLCAPPDELTA30_CHEN;55783.885;70902682.2;1.80107796;1.042791552;956.69;54;Rand;3.0;50000;2.0;14
normalized;PELLCAPPDELTA30_CHEN;55101.22;72177666.67;1.882874086;1.076173568;985.455;54;Rand;3.0;60000;2.0;14
normalized;PELLCAPPDELTA30_CHEN;63289.375;75297640.97;1.819393262;1.022948024;984.475;54;Rand;3.0;70000;2.0;14
normalized;PELLCAPPDELTA30_CHEN;58386.91;74925230.69;1.767273027;1.012679154;992.065;54;Rand;3.0;80000;2.0;14
normalized;PELLCAPPDELTA30_CHEN;62133.3;77006722.56;1.823612305;1.03553727;1004.65;54;Rand;3.0;90000;2.0;14
normalized;PELLCAPPDELTA30_CHEN;62064.92;76219120.42;1.758287531;0.987000951;1001.775;54;Rand;3.0;100000;2.0;14
normalized;PELLCAPPDELTA30_CHEN;75188.775;89233385.48;1.782872877;0.969480054;1049.38;54;Rand;3.0;200000;2.0;14
normalized;PELLCAPPDELTA30_CHEN;89374.065;99848963.12;1.837944292;0.998233086;1089.885;54;Rand;3.0;500000;2.0;14
normalized;PELLCAPPDELTA35_CHEN;30386.595;2761546.9;1.678881951;0.950845938;379.785;54;Rand;3.5;500;2.0;14
normalized;PELLCAPPDELTA35_CHEN;27678.995;3428674.21;1.691744401;0.982346652;404.12;54;Rand;3.5;1000;2.0;14
normalized;PELLCAPPDELTA35_CHEN;33702.495;3905975.5;1.723044553;1.001133192;416.125;54;Rand;3.5;5000;2.0;14
normalized;PELLCAPPDELTA35_CHEN;31657.515;4941788.41;1.799389902;1.040517583;420.19;54;Rand;3.5;10000;2.0;14
normalized;PELLCAPPDELTA35_CHEN;41512.165;5210262.81;1.880199887;1.076011392;439.805;54;Rand;3.5;20000;2.0;14
normalized;PELLCAPPDELTA35_CHEN;46939.375;5720029.615;1.842969212;1.050019071;444.645;54;Rand;3.5;30000;2.0;14
normalized;PELLCAPPDELTA35_CHEN;49120.97;6566482.99;1.734591132;0.988740911;466.15;54;Rand;3.5;40000;2.0;14
normalized;PELLCAPPDELTA35_CHEN;46652.755;6850498.225;1.730486822;1.001920561;468.14;54;Rand;3.5;50000;2.0;14
normalized;PELLCAPPDELTA35_CHEN;49211.65;6372882.425;1.809943359;1.034489356;467.175;54;Rand;3.5;60000;2.0;14
normalized;PELLCAPPDELTA35_CHEN;52804.92;6872023.55;1.863172472;1.047562745;465.255;54;Rand;3.5;70000;2.0;14
normalized;PELLCAPPDELTA35_CHEN;50053.565;7660744.45;1.81841368;1.041983666;473.21;54;Rand;3.5;80000;2.0;14
normalized;PELLCAPPDELTA35_CHEN;49871.65;6628742.57;1.826014275;1.036901228;468.735;54;Rand;3.5;90000;2.0;14
normalized;PELLCAPPDELTA35_CHEN;53130.81;7224651.39;1.865422389;1.047140266;473.995;54;Rand;3.5;100000;2.0;14
normalized;PELLCAPPDELTA35_CHEN;62437.33;6914577.0;1.830982367;0.995640747;468.35;54;Rand;3.5;200000;2.0;14
normalized;PELLCAPPDELTA35_CHEN;72334.51;7304962.4;1.88593026;1.024295454;473.54;54;Rand;3.5;500000;2.0;14
normalized;PELLCAPPDELTA40_CHEN;26956.015;2033824.28;1.724118665;0.976466052;357.24;54;Rand;4.0;500;2.0;14
normalized;PELLCAPPDELTA40_CHEN;25709.175;2146727.14;1.627231384;0.944885824;361.26;54;Rand;4.0;1000;2.0;14
normalized;PELLCAPPDELTA40_CHEN;30590.335;2214765.71;1.774756173;1.031178972;365.54;54;Rand;4.0;5000;2.0;14
normalized;PELLCAPPDELTA40_CHEN;27864.62;2095579.995;1.796414978;1.0387973;353.975;54;Rand;4.0;10000;2.0;14
normalized;PELLCAPPDELTA40_CHEN;31985.835;2099117.795;1.905729337;1.090621529;369.75;54;Rand;4.0;20000;2.0;14
normalized;PELLCAPPDELTA40_CHEN;43257.11;2281453.725;1.809887035;1.031170727;360.74;54;Rand;4.0;30000;2.0;14
normalized;PELLCAPPDELTA40_CHEN;47312.86;2057604.87;1.761370866;1.00400573;361.395;54;Rand;4.0;40000;2.0;14
normalized;PELLCAPPDELTA40_CHEN;44818.77;2206210.395;1.81255179;1.049434693;357.04;54;Rand;4.0;50000;2.0;14
normalized;PELLCAPPDELTA40_CHEN;48795.095;2176379.265;1.819934934;1.040200131;367.57;54;Rand;4.0;60000;2.0;14
normalized;PELLCAPPDELTA40_CHEN;50459.625;2190807.485;1.866836099;1.049622607;357.43;54;Rand;4.0;70000;2.0;14
normalized;PELLCAPPDELTA40_CHEN;47664.285;2371231.935;1.859165512;1.065335197;363.6;54;Rand;4.0;80000;2.0;14
normalized;PELLCAPPDELTA40_CHEN;47640.18;2164341.255;1.864327541;1.058657395;364.185;54;Rand;4.0;90000;2.0;14
normalized;PELLCAPPDELTA40_CHEN;47680.235;2226199.7;1.933155554;1.085161748;365.865;54;Rand;4.0;100000;2.0;14
normalized;PELLCAPPDELTA40_CHEN;59444.305;2453461.32;1.873563426;1.018795223;362.955;54;Rand;4.0;200000;2.0;14
normalized;PELLCAPPDELTA40_CHEN;68584.625;2955955.79;1.906931193;1.03570158;377.345;54;Rand;4.0;500000;2.0;14
normalized;CAPPDELTA05_CHEN;130410.665;41802202.31;1.687311164;0.955619879;1695.83;54;Rand;0.5;500;2.0;14
normalized;CAPPDELTA05_CHEN;130990.065;164035621.3;1.631726512;0.947496014;2558.2;54;Rand;0.5;1000;2.0;14
normalized;CAPPDELTA05_CHEN;317004.915;3600512117.0;1.691901777;0.983038438;7276.405;54;Rand;0.5;5000;2.0;14
normalized;CAPPDELTA05_CHEN;384663.575;10756252046.0;1.70184716;0.984112388;11370.565;54;Rand;0.5;10000;2.0;14
normalized;CAPPDELTA05_CHEN;520698.28;28914321114.0;1.746450698;0.999468652;16915.81;54;Rand;0.5;20000;2.0;14
normalized;CAPPDELTA05_CHEN;838810.4;45381775208.0;1.769696705;1.008272562;20560.585;54;Rand;0.5;30000;2.0;14
normalized;CAPPDELTA05_CHEN;1147363.58;62312088422.0;1.75434344;1.0;23278.06;54;Rand;0.5;40000;2.0;14
normalized;CAPPDELTA05_CHEN;1046121.42;84462734686.0;1.727169687;1.0;25442.58;54;Rand;0.5;50000;2.0;14
normalized;CAPPDELTA05_CHEN;1105861.225;115694000000.0;1.749600755;1.0;27260.15;54;Rand;0.5;60000;2.0;14
normalized;CAPPDELTA05_CHEN;1257762.14;101240000000.0;1.778578401;1.0;28753.145;54;Rand;0.5;70000;2.0;14
normalized;CAPPDELTA05_CHEN;1236334.585;143827000000.0;1.745146051;1.0;30131.445;54;Rand;0.5;80000;2.0;14
normalized;CAPPDELTA05_CHEN;1272460.375;190950000000.0;1.761030102;1.0;31333.72;54;Rand;0.5;90000;2.0;14
normalized;CAPPDELTA05_CHEN;1408131.275;143303000000.0;1.781444616;1.0;32464.875;54;Rand;0.5;100000;2.0;14
