6.282307;-0.612908;7.66135;stand;
-9.20842;0.50997925;13.712357;walk;
-2.5183868;2.8201294;10.082291;stairsdown;
3.8395843999999997;-0.48144529999999996;9.040878;sit;
-1.9919509999999998;-1.225816;7.814577000000001;stairsdown;
-3.4859576;1.0534488000000002;4.5298295;stairsdown;
5.1297455;0.47070313;8.383896;null;
-2.145178;1.379043;8.733939;bike;
-1.685518;-0.2873042;6.493075;walk;
-0.63687134;-0.05580139;10.325287;null;
0.0;4.137129;5.975853;bike;
0.306454;-0.9193620000000001;9.806528;walk;
-4.750037;1.072589;15.935607999999998;walk;
-1.9294128000000001;1.7223358;9.881348;stand;
-2.7742767;-0.46359253;7.914963;stairsdown;
0.33518824;-0.34476504;5.487509999999999;stairsdown;
-5.544971;2.1452047999999997;8.714894000000001;stairsdown;
-5.958191;-0.9353485;7.9758606;null;
-2.4184113;0.18862915;9.584793;bike;
-2.9278107;-1.114624;9.322952;stand;
-3.830675;-0.766135;8.580712;walk;
-1.2188721000000002;0.031082152999999998;10.2907715;stand;
-0.92057055;0.46926352;6.900089299999999;stairsdown;
1.685497;0.153227;9.959755;sit;
-1.3120226000000001;-1.292869;10.448297;bike;
-1.1367493;-2.0196075;12.315277;walk;
-2.9885101;-1.2205504999999999;9.336044000000001;bike;
-5.078476;0.5064087;7.232986500000001;null;
-3.1124623;0.545878;7.422025;null;
-1.9579773;0.9308624;12.392638999999999;null;
1.3782806;1.1610107;12.562636999999999;null;
-7.2434235000000005;-0.026794434;4.3479767;stairsdown;
-3.9839019999999996;0.153227;9.19362;null;
-0.60573304;2.9759927000000004;6.6750345;stairsdown;
-2.825158;-0.2873042;11.128249;walk;
-4.5441947;-0.33758244;5.685032;stairsup;
3.9839019999999996;-0.306454;5.056491;stairsup;
-3.2752678;-0.79487497;9.576807;bike;
-0.038307227;0.92895025;8.111555000000001;null;
1.1013328000000002;0.7565677;9.595961;sit;
-0.766135;-3.6774480000000005;9.346847;bike;
-2.352951;-0.93966675;9.478867;bike;
-5.056491;-2.298405;5.516172;stairsdown;
-9.042983999999999;-1.531189;12.874466;stairsup;
4.5440062999999995;1.6366425;9.085114;sit;
-1.2771912;-2.5956572999999996;11.616638;walk;
0.23094177;1.9989013999999998;9.527664;null;
-12.4328;1.3569489;9.219604499999999;stairsup;
-0.035827637;1.9829865000000002;10.682343;stairsdown;
-4.808754;1.1480197;7.9092455;stairsup;
-0.766135;-0.9193620000000001;9.806528;stand;
-5.9184665999999995;2.1068976000000004;9.381680000000001;stairsup;
-3.830675;-0.612908;6.282307;stairsup;
2.681506;0.6584055;9.048885;stand;
0.44041443;-1.5264282;10.879715;bike;
-3.524221;-0.766135;9.19362;stairsup;
-2.1847090000000002;0.18076223;9.15423;stand;
3.9647980000000005;0.6512229;8.504205;sit;
1.7625427;-0.065322876;10.871582;walk;
-0.6117096;-0.755188;10.182266;bike;
3.780075;-0.5254821999999999;9.068253;sit;
7.958648700000001;-0.2938385;6.5119324;sit;
-1.9079895;1.2736359;11.154846000000001;stairsdown;
-4.750037;0.153227;8.274258;null;
-2.147049;-0.30529785;10.84877;bike;
-1.3790601;0.02873042;5.631162000000001;walk;
-4.3478703;2.0207062;9.356541;null;
-5.8801594;2.0685901999999996;7.795521000000001;stairsup;
-2.3233642999999997;0.10130310000000001;9.927764999999999;stand;
4.783615;0.5554548;8.167819;sit;
3.8881836000000005;0.16280572;8.983044999999999;sit;
1.5423584;0.5523834;10.180083999999999;sit;
-0.82951355;-1.7442322000000001;9.675247;sit;
-3.5553896000000003;0.31124622;8.754398;stand;
0.7278373;2.3080103;5.21936;stairsdown;
-2.5127146000000002;0.4213795;9.180567;stand;
1.5520477;0.058898926;9.749039;sit;
-4.5681367;-1.3503298000000001;7.776367;stairsup;
-1.53227;-0.612908;5.056491;walk;
-1.3479356000000002;0.01316811;9.349358;stand;
-2.604859;0.766135;8.274258;bike;
4.1036377;-0.0796051;9.5112;sit;
-4.984619;-0.023666382000000003;9.770660000000001;bike;
-4.669052;-0.45407104;7.737625;walk;
-2.9135284;1.6692200000000001;8.179184;null;
-2.1164744;3.0071173;9.509769;bike;
2.7688942;0.700304;9.0476885;stand;
1.0485992;-3.2843322999999995;8.927811;bike;
-2.6981048999999997;-0.9170531999999999;10.860672000000001;bike;
3.8990936;-0.06964111;9.064682000000001;sit;
2.3006743999999997;-1.6585387999999999;11.585495;bike;
-2.7030334;-0.015335083000000001;9.139861999999999;stairsup;
-10.001251;3.3290862999999997;9.246979;walk;
-1.7717092;-0.6895300999999999;9.327810000000001;bike;
-0.6605072;-1.6168823;7.923294;null;
-6.356735;-4.431671;10.666672;walk;
-10.214294;0.27268982;7.5152589999999995;stairsdown;
-4.7953795999999995;4.915603599999999;12.806824;stairsup;
-0.36391866;1.091756;6.2057709999999995;stairsdown;
-2.0686646;-1.8720245;10.670441;bike;
-2.451632;-1.8387240000000002;9.346847;stand;
1.7293854;0.32312012;9.688339;sit;
4.405945;1.5878448;9.094635;sit;
-1.225816;-1.072589;8.427485;bike;
1.6554259999999998;0.0025177002;10.106292999999999;sit;
-7.211288499999999;3.1843262;5.285843;walk;
-0.9022826999999999;0.2834015;9.9444275;stairsup;
6.1698580000000005;-0.7326256999999999;7.152677499999999;stand;
-1.4077905000000002;-1.3599066;4.3957543;null;
-2.3505707;-1.2586365;8.588608;stairsup;
-1.9198914;1.7889862;9.811127;stand;
-6.553116;-1.9846496999999999;5.8595123;walk;
-2.6124115000000003;-0.6468811;9.390792999999999;stand;
-1.9009962;1.7082629;9.038112;stand;
-2.451632;-1.685497;9.040393;bike;
-4.829895;-1.1174469;8.947052000000001;null;
0.23553467;1.36409;7.761627000000001;null;
-2.7756347999999997;0.241745;3.3388977;stairsdown;
-2.27928;1.0151415000000001;6.1578870000000006;walk;
1.7238252;-0.047884032;9.308656;sit;
-3.217767;-1.8387240000000002;7.814577000000001;walk;
1.6270294;-1.7049560000000001;9.932327;bike;
-2.4959552000000005;2.2218192;8.01459;null;
-3.2369606;1.1683705;12.306197000000001;stairsdown;
-3.2396392999999994;2.548767;12.422195;walk;
1.1492168;0.08619126;10.266336;bike;
4.903264;0.766135;8.887166;sit;
-2.833786;1.5144958;7.19252;stairsdown;
-4.2197804;0.22505496;9.605537;stairsup;
-2.392395;2.2138824;10.966797;walk;
3.9839019999999996;1.379043;9.040393;sit;
-3.0071173;1.685518;7.776367;stairsup;
-11.303026;-0.7194576;13.364434;stairsdown;
-1.379043;0.45968100000000006;9.19362;bike;
1.0462662;-1.4305356000000002;10.8948145;bike;
-2.8256226000000004;0.64997864;11.102478;walk;
-1.6247253000000001;-0.36524963;10.791839999999999;stairsdown;
-3.4572272000000006;1.2162545;9.720459;walk;
-6.5459747;0.6718445;9.208694;stairsdown;
0.59376204;-1.6950948000000001;8.829816000000001;null;
-5.430049400000001;6.828263300000001;13.905523;stairsup;
-1.9919509999999998;-1.225816;11.951706;stairsup;
4.1012673;1.6998832;8.4108305;sit;
-6.895214999999999;0.306454;13.024295;stairsdown;
0.15817260000000002;1.2331696;10.332428;null;
-7.6304016;-1.9624786;7.703308;walk;
-0.766135;2.758086;7.354896000000001;bike;
1.1145009;-0.8750806999999999;10.887632;bike;
-3.217767;0.0;8.887166;null;
1.4913483;-1.2086487;13.004196;walk;
7.795521000000001;0.009576807;5.5545480000000005;sit;
-5.669398999999999;-4.137129;8.427485;walk;
-4.549011;-0.6294708000000001;7.633087;null;
-6.744903599999999;0.050125122;8.154388;walk;
-4.3478703;-2.2218192;10.084377;walk;
-4.099121;0.2500763;11.578552;walk;
0.13912964;0.8689728000000001;7.231994599999999;stairsdown;
5.209718;0.9193620000000001;8.121031;bike;
-1.6472107;-2.183512;16.031574;stairsdown;
-2.5474305;-0.095768064;9.394848;stand;
-7.205505400000001;-1.5304413000000001;11.88681;stairsup;
-7.016208;0.91697925;15.88074;walk;
-4.435943599999999;0.8404083000000001;9.073212;stand;
-4.9703627;1.9345150000000002;8.006210000000001;stand;
-2.545761;2.4142761000000004;6.509353599999999;walk;
-1.340753;-1.2737153;10.141838;bike;
-7.418548599999999;-5.1497955;11.717804;walk;
-5.353435;-3.2848446000000004;9.3661175;walk;
-3.8967896;0.37742615;12.984161;walk;
-5.7283173;-0.7539978;8.98732;stairsup;
0.14286804;1.1788635;7.2924957;bike;
-4.9224787;-2.7593174;9.783905;walk;
-2.9910582999999997;-2.400467;9.38147;null;
-2.4636335;-1.0426749;5.621585400000001;walk;
3.7717437999999994;-0.49810790000000005;8.938522;sit;
-0.67733765;-0.14268494;15.685882999999999;bike;
4.095282;0.9540894;11.317391;null;
-0.21068975;-1.4269443000000002;7.4986396;stairsdown;
-5.889736;-0.40222588;8.791509;bike;
-5.935577400000001;0.54048157;6.859466599999999;stairsup;
7.936035;-0.28788757;6.5714417;sit;
1.7972259999999998;0.30407715;9.669296000000001;sit;
-4.903264;-0.306454;9.346847;walk;
-0.766135;-0.9193620000000001;9.959755;stand;
4.8362875;-1.1994951;5.98311;stairsdown;
-2.8921957000000003;-0.2873042;9.069236;stand;
-2.6873932000000003;-0.49810790000000005;9.545517;walk;
-8.7053175;-0.58418524;10.151415;walk;
-2.8538885;-0.7182605;10.333375;bike;
1.6304321000000002;0.32624817;10.166992;sit;
-1.3367003999999998;0.29649353;9.250549000000001;bike;
-8.738836000000001;0.8583213;13.201628;walk;
2.451632;0.9193620000000001;3.06454;walk;
-5.8986816;0.46549988;7.5390625;stairsup;
-2.398346;0.35600279999999995;9.354095;stairsdown;
-1.484405;0.6703765;9.346964;stand;
-1.4748282;0.4309563;5.774814599999999;walk;
-4.903264;-1.225816;10.266209;null;
-1.7782593;1.7032928;9.953949;stand;
4.003662;0.3643341;9.535003999999999;sit;
-0.51071167;-1.406662;11.336945;null;
-0.7565677;-0.34476504;9.461885;stand;
-3.110077;-0.20219421;12.004639;stairsdown;
-4.5905;0.694458;8.454117;null;
4.7429137;0.5590460999999999;8.197746;sit;
-3.06454;0.306454;6.588761;walk;
-17.900345;-2.3738403;8.254166;stairsdown;
2.72939;-1.5107412;5.2564697;stairsup;
-2.6479871;0.30765492;8.856152999999999;walk;
-1.685497;-0.45968100000000006;10.879116999999999;walk;
5.8226260000000005;-1.072589;7.508122999999999;stairsdown;
-6.8708954;1.6097107;8.213699;walk;
1.2723541;0.17434692;9.841873;sit;
-3.8359222;-0.31362915;10.0620575;bike;
-2.1662597999999997;1.7675629000000002;9.837311;stand;
-4.137129;0.0;10.572663;walk;
-4.280833;2.2218192;8.6574335;walk;
-3.4574432;0.18743896;5.702408;stairsdown;
-1.4269443000000002;0.641646;9.3182335;null;
1.6185303;-2.4683075;11.515472;walk;
4.290409599999999;1.6663644;8.686164;sit;
-5.046977;2.1068976000000004;7.776367;stand;
-4.481003;1.1764832;5.907119799999999;stairsup;
-3.8594532;2.1164744;8.762777999999999;walk;
-3.0166939999999998;-4.156333999999999;11.674128;null;
7.814577000000001;-0.9193620000000001;6.895214999999999;sit;
-2.528277;2.1260512;8.992621;bike;
-0.45968100000000006;1.379043;6.588761;stairsdown;
-7.0983887;-0.9627228000000001;12.07724;null;
-4.5394063;0.641646;9.56723;null;
-4.376600700000001;1.3694833999999998;8.379706;stand;
-2.0627136000000004;-2.5599517999999994;8.80304;stairsup;
-2.633622;0.93852705;11.769896000000001;walk;
0.26664734;0.49331665;9.914474499999999;null;
-5.0086699999999995;-0.51714754;7.249642999999999;stairsup;
1.8854338;0.62728083;9.175778;sit;
-0.69026184;0.123168945;9.697861;null;
-6.378153299999999;0.20111294;7.374141000000001;stand;
-4.867813;1.6513672;12.376968;stairsdown;
0.153227;2.758086;13.943657;walk;
3.8498763999999994;0.23942018;8.7053175;sit;
-7.28795;0.30645782;0.8619126;stairsdown;
3.7848358;-0.5302429;9.048019;sit;
-1.3390808;-0.16529846;9.924194;stand;
1.5610195;0.8523358;9.509769;sit;
-2.758086;0.306454;9.653300999999999;stand;
-2.5761611;-0.18195933;10.026916499999999;null;
7.917160000000001;-0.6552124;5.8726044;sit;
-2.1518097000000003;-0.65878296;11.109421000000001;stairsup;
3.524221;0.766135;7.048442;walk;
4.6915894;1.5723724;8.961333999999999;sit;
-3.2800562000000006;-0.5554548;5.171476;stairsup;
-1.225816;-0.612908;6.12908;walk;
-2.9599457;-0.30053709999999995;9.294388;stand;
-7.086836999999999;1.2354081000000001;7.8625584;stairsup;
-3.7180939;1.419281;8.202988000000001;stairsup;
-1.8899689;0.112457275;11.414108;stairsdown;
-6.7520447;-4.1476593;8.079407000000002;stairsdown;
5.273758;0.24932861;8.170853;sit;
-3.6200330000000003;-0.8523358;5.3725886;walk;
-1.6759412;1.532289;9.490616000000001;stand;
-0.55355835;-0.6473236;9.033936;null;
-2.7401638;-0.39743748;9.471461999999999;stairsdown;
-4.9512089999999995;0.038307227;8.820239;stairsup;
-1.1867371000000002;1.5092926000000002;9.229125999999999;stairsdown;
0.306454;-0.766135;7.354896000000001;bike;
-0.3107605;-0.83299255;6.454803500000001;walk;
-3.064578;0.4309563;7.785944000000001;stairsup;
4.0892963;1.6950948000000001;8.392874;sit;
-4.085861;-0.45526123;8.882584;stairsdown;
1.5175323;-0.8468323;15.167953500000001;walk;
-3.276703;-0.24980164;8.35791;stairsdown;
-4.448868;-1.4514465;10.263199;walk;
-1.7913512999999999;0.6952056999999999;7.322448700000001;walk;
-1.685497;2.451632;5.975853;stairsdown;
-1.4556746;-1.4652513999999999;8.274361;bike;
-6.1195793;0.8714894;7.431602000000001;stand;
-3.370994;-0.9193620000000001;7.66135;null;
-2.85878;-0.50286865;9.319382000000001;stand;
-6.3589997;-2.7964275;11.300632;stairsup;
-0.7616729999999999;1.8203735;9.613358;stand;
-1.5116577;0.022750853999999997;5.4943237;stairsup;
-4.65477;2.4856873;8.167282;null;
-1.3747863999999999;1.4950104;10.120575;stand;
-1.1923125;-0.025139118;9.397242;stand;
-2.751831;1.7259064;8.219849;stairsup;
-1.3982137;0.90021986;9.940725;bike;
-2.298405;-0.306454;8.274258;walk;
-3.524221;-0.45968100000000006;9.19362;stairsup;
-2.199585;-0.22480774;9.978943;stand;
-1.8542633000000002;-0.74209595;9.638351;stand;
-1.0630256;0.79487497;9.414000999999999;null;
-1.9530487;1.0050964;11.536697;bike;
-6.32341;1.322876;6.305832;null;
-7.335833999999999;0.12449849;5.3247046;stairsup;
6.003461;-0.51475334;7.157466;stairsdown;
-3.1411927000000004;-0.02873042;9.002198;stand;
8.973467999999999;0.6895300999999999;3.8019924;sit;
-1.8948975;1.8235016;9.889679;stand;
0.5283203000000001;0.27268982;5.903747599999999;walk;
-2.9837493999999998;-0.2850647;9.265823;stand;
-6.83638;-0.29934692;5.921402;stairsdown;
-0.8331822;0.7086836999999999;7.2113357;bike;
-5.675949;0.50997925;7.8923492;stand;
-5.8068695;0.33026123;7.8935394;stand;
-4.903264;-1.379043;9.040393;bike;
-1.2367249;0.4393157999999999;9.903961;bike;
3.9360676;0.0;8.935161;sit;
5.171476;0.8714894;7.795521000000001;sit;
-1.072589;1.685497;9.653300999999999;stand;
-0.52482605;-0.59451294;9.670486;stand;
-0.153227;0.306454;10.112982;sit;
-1.1496735;0.5064087;10.126327499999999;walk;
-1.4247742;-1.3435822;9.892059;bike;
4.228160400000001;0.16879122;7.5309615;bike;
1.4173675;0.19153613;11.942278;walk;
-2.1930888;2.0781669999999997;9.346964;stand;
-1.7804718000000002;-0.36004640000000004;8.207747999999999;stairsup;
-1.6947784;-1.2967224;9.631210000000001;bike;
-5.3821654;1.4939818;7.987056699999999;stand;
-1.685497;1.379043;9.653300999999999;stand;
-1.0247183000000002;-0.5363011999999999;3.6200330000000003;null;
8.164227499999999;-2.529474;9.927557;stairsdown;
-3.217767;-0.612908;9.19362;stand;
-1.3024458;-1.2641385;11.473015;walk;
-0.60235596;0.4297943;8.193665;walk;
-2.0650939999999998;-0.24623108;10.015839;stand;
-2.145178;0.45968100000000006;4.903264;walk;
-3.3516845999999996;0.7844696;10.007507;null;
-1.225816;0.306454;10.112982;null;
-1.7010802999999999;1.3862427;7.442375999999999;stairsdown;
-10.017339999999999;0.2777274;8.887277000000001;stairsup;
0.36391866;-2.3750482;8.1402855;walk;
-0.7649474;-1.352724;6.411672;walk;
-3.2848446000000004;-0.4309563;9.730036;null;
-2.135628;0.62249243;3.8786068;walk;
-2.604859;0.45968100000000006;7.814577000000001;stairsup;
-0.766135;-0.9193620000000001;9.959755;stand;
-4.650009;0.842041;8.671921000000001;stand;
-10.076065;-0.5671387;9.064682000000001;stairsup;
12.770672;-0.33877954;10.747571;walk;
-2.6048915;0.30645782;5.2863975;walk;
-0.9193620000000001;-2.145178;4.290356;walk;
-6.5361705;-0.2825158;11.405977;stairsdown;
-3.217767;-0.612908;9.19362;stand;
-3.7924154000000003;-3.2369606;7.881711999999999;null;
-3.830675;-0.9193620000000001;5.516172;walk;
2.0015526;-0.50757074;7.28795;bike;
-10.244049;-5.3152313;11.139374;stairsup;
-2.5529022;-2.4071655;8.342239;stairsup;
-1.3984222;-0.0541687;9.639542;stand;
-3.5052185;-2.0529327;10.328857000000001;stairsup;
0.48190308;-0.53782654;10.2146;sit;
-2.6768494;2.2591095;11.752319;walk;
-4.5942383;0.60713196;8.891113;walk;
5.318817;0.45835876;8.74115;null;
-1.5490485;2.0266917;7.5273699999999995;bike;
-6.029602;0.9415741;8.012756;stand;
-6.3069153;-4.6284943;11.803497;stairsup;
-7.201669;-4.290356;10.266209;walk;
-3.7026215;2.0488892;8.019699000000001;stairsup;
-0.396286;-0.8789673000000001;8.4969635;stairsdown;
-7.662369;0.70755005;10.758316;stairsdown;
3.8098297;-0.03036499;9.109909;sit;
-0.7685388000000001;-3.0705638;7.526173;bike;
-3.175537;1.8235016;9.646881;walk;
-1.8387240000000002;-2.145178;10.72589;bike;
-1.9919509999999998;-0.45968100000000006;9.500074;stand;
5.2523346;0.19934082;8.256546;sit;
-9.816227;2.873042;8.111555000000001;stairsup;
-3.4278564;1.1105804;13.257904000000002;null;
-2.7339783;0.041793823;9.789703;stand;
-2.758086;-1.53227;4.443583;bike;
-2.145178;-0.306454;12.25816;walk;
-4.4819455;0.49799395;9.500193;null;
0.095768064;0.90979666;10.7356;bike;
-2.9400797;-0.5650316;11.291056;stairsup;
0.12449849;-0.25857377;9.768343;sit;
-1.4710236;0.29693604;7.019943;walk;
0.39144897;-0.56282043;10.306244;sit;
-5.8226986;-0.4309563;8.983044999999999;bike;
-12.813767;3.9456443999999995;10.697293;stairsup;
-1.1199188;-0.44692993;9.977554;bike;
-0.5034027;0.47070313;12.348403999999999;bike;
-1.685497;-0.766135;8.121031;bike;
-7.6076202;-2.0120240000000003;10.134659;walk;
-4.5252075;0.40242004;6.309601;null;
-2.145178;0.766135;11.798478999999999;stairsup;
-0.42739868;-0.29145813;10.121765;stand;
-4.179886;0.50045776;9.006363;stand;
-4.223372;0.05746084;7.125144500000001;stairsdown;
4.376600700000001;1.6089035;8.647857;sit;
0.9795685;0.47070313;10.3893585;bike;
-2.589798;-1.4847716999999998;7.178238;null;
-0.306454;0.306454;5.516172;walk;
-7.125144500000001;1.1875241;6.5792660000000005;stairsup;
3.2034418999999996;0.45010993;8.882488;sit;
-2.1839447;-1.0717773000000002;9.048019;bike;
-6.809173599999999;-0.54615784;7.77948;stairsup;
-1.5937805;0.9844208000000001;8.326965;walk;
-1.2448883;0.31359863;12.606674;walk;
-3.7995980000000005;-0.015562311;8.592789999999999;stairsdown;
-0.58418524;-0.22984336;7.393294999999999;null;
-8.274258;-3.6774480000000005;5.056491;stairsup;
-5.880661;0.44332886;7.8030853;stand;
-6.4164605;0.81402856;7.2304892999999995;stairsup;
-5.669398999999999;3.06454;10.572663;stairsdown;
-2.451632;-0.9193620000000001;5.8226260000000005;null;
7.814577000000001;-0.612908;6.741988;sit;
-6.009369;2.0020293999999996;5.305084;stairsup;
-1.4293671000000001;-0.38861084;10.384598;bike;
-4.1946416;-0.8810662;4.960786;stairsdown;
-2.5378537;-0.6871359;8.953117;stairsup;
-6.3589997;-0.7565677;9.461885;stairsup;
3.8253021;-0.56951904;9.014694;sit;
-3.830675;3.217767;7.66135;stairsup;
-2.7565918;-1.2447968;9.527863;stand;
-3.6104562000000007;2.7700913;9.344569;null;
-2.145178;0.9193620000000001;4.903264;walk;
-5.072525;1.6228027;6.518875;null;
-1.4795227;-0.55448914;11.736847000000001;walk;
-0.8854523000000001;-1.8941956000000002;9.526474;bike;
-3.7361145;0.8844451999999999;5.008728;stairsup;
-3.1469727;-2.0743560000000003;13.883942000000001;stairsup;
5.2511444;0.18386841;8.261307;sit;
-0.8914032;-0.32791138;9.720474000000001;stand;
-1.2952632;1.1228806;9.379285000000001;bike;
-0.9973296999999999;-1.576416;9.838303;stairsup;
-3.1411927000000004;-1.0821792;9.279925;stand;
-2.4708161;0.61291564;10.46745;bike;
1.9919509999999998;-0.45968100000000006;9.653300999999999;sit;
-5.804657;1.9758453;14.06604;stairsdown;
-0.4178772;-0.25099182;10.209839;stand;
1.1830902;0.29455566;10.5048065;bike;
-3.2314757999999997;-2.4278412;9.186278999999999;walk;
-0.80570984;-0.10296631;7.941147;stairsdown;
-0.94810385;-1.340753;9.308656;sit;
-2.2256012000000003;-0.70877075;7.817367599999999;walk;
-3.1194305;-1.0563049;9.477675999999999;stand;
-3.7253778;-5.851429;14.18325;stairsup;
-10.196442;-0.7615814000000001;11.898712;stairsup;
-4.2999864;-2.7772740000000002;8.178593;stairsup;
-0.77238464;0.39453125;7.175857499999999;stairsdown;
-4.290356;-1.072589;8.427485;stairsup;
-5.418869;2.7332457999999997;10.414352000000001;stairsdown;
5.362945;1.225816;8.580712;bike;
-3.0539702999999996;-3.020111;8.79451;stairsup;
-1.8399439999999998;-2.5605986;8.416816;bike;
-7.7667904000000005;-1.4269443000000002;6.655881;stairsdown;
1.7621324;-0.05746084;9.279925;sit;
-2.9206696;0.42547607;10.232254;walk;
-3.4800568;1.5656738000000001;8.614792;null;
-2.534027;1.852066;12.854431;walk;
-0.59376204;0.34476504;6.6079965;walk;
-3.6128504;-0.08020575;8.713697;stand;
4.0012817;0.30482483;9.507629;sit;
-2.44448;1.9931729;9.001000999999999;stand;
-2.6411438;-0.30574036;9.612366;stand;
2.9939492000000003;-0.9516952;4.960786;stairsdown;
-2.6756592;-0.27241516;9.4505005;bike;
-5.2881165;-1.1293488;4.562408400000001;stairsdown;
-1.0020905;0.8491820999999999;9.383652;null;
-1.5985413;-4.8224945;12.051055999999999;walk;
-5.849883999999999;-0.07008362;5.5633545;stairsdown;
1.1456255;-0.88944596;9.224859;bike;
-1.9030609;1.5263977;9.31105;stand;
4.1539397000000005;-1.3000516000000002;6.035782299999999;stairsdown;
-4.443583;1.225816;7.814577000000001;stairsdown;
-1.4173675;1.1875241;8.925583999999999;null;
-3.3433532999999995;1.0022735999999999;9.239838;null;
-3.9839019999999996;0.306454;8.733939;stand;
-3.090866;0.13388062;9.292007;null;
-3.4705352999999994;0.76348877;6.9247284;stairsup;
-3.1507695;1.0055646999999999;10.745177;stairsdown;
-2.3971557999999997;2.063919;6.926117;stairsdown;
-2.135628;1.7812861;9.069236;stand;
-3.370994;0.153227;9.346847;stand;
-2.7040558;0.168396;11.135605;stairsup;
-2.141098;-0.44692993;9.525284;stand;
-2.1446686;-0.21722412;10.52742;bike;
5.4890137;0.6785431;8.644745;sit;
-7.6837919999999995;2.9105835;7.600753999999999;walk;
-4.570531;1.043872;8.208521000000001;stand;
-4.8820953000000005;1.7572936999999997;8.249405;null;
7.691025;-0.81707764;6.184433;sit;
5.056491;0.612908;8.887166;sit;
-1.1492168;1.0630256;7.134721300000001;walk;
-0.25006104;1.8199310000000002;9.699249;stairsdown;
-1.379043;-2.758086;9.500074;bike;
-6.097275;-0.03274536;10.431014999999999;bike;
-3.5051112;-0.29209262;7.168239999999999;stairsdown;
-6.981492;1.4556746;3.9935283999999998;stairsdown;
-0.17269897;-0.59495544;10.590698;bike;
-5.1523223;-2.0111293999999997;7.240066000000001;stairsdown;
-0.39764404;0.22627258;10.390747;bike;
-5.056491;-1.379043;8.274258;bike;
4.632248000000001;0.8991699000000001;8.608841;sit;
-2.0208893;0.18743896;5.0668488;walk;
-1.2901154;-0.13510132;10.240585000000001;null;
0.13407529999999998;-3.0550013;8.437167;bike;
-5.016754;-0.72587585;8.692352;bike;
-3.039688;1.258606;9.183701;null;
0.38787842;-0.5342560000000001;10.238403;sit;
2.4421387;-4.3630830000000005;16.793945;stairsdown;
0.44160459999999996;-0.6980590999999999;9.834732;sit;
-3.4955344;1.4939818;8.274361;bike;
5.266617;0.28741455;8.158951;sit;
-2.180542;-0.7234955;7.2070007;walk;
-2.437622;-1.0769806;9.687347;stand;
-2.7397614;-0.63974;9.391983;stand;
3.8205413999999998;-0.48382568;8.956375;sit;
-5.056491;1.9919509999999998;11.492025;walk;
-1.7250223000000002;2.4253263;9.012972;stand;
-3.7277832;-1.8018036;9.964661;null;
-1.8316497999999999;-1.5490416999999999;10.064438;null;
-2.2210083;0.2822113;11.852295;stairsdown;
-2.0412903;0.37028503;11.263152999999999;null;
3.370994;0.45968100000000006;9.500074;sit;
-3.06454;0.9193620000000001;7.508122999999999;stairsup;
-3.2336883999999997;3.0343628;4.5776825;stairsup;
-7.2435913;2.9934540000000003;11.673767;null;
-1.7429788;1.9153613999999999;9.11712;stand;
-5.2643127;3.3766937000000006;16.516632;walk;
-6.588761;2.9113130000000003;8.427485;walk;
-3.0527802000000004;0.7932434;3.7945404000000003;stairsup;
5.4687805;0.6630706999999999;8.645935;sit;
6.300341599999999;-0.6560113000000001;6.26802;null;
-1.8423615000000002;1.3954773;9.393172999999999;stand;
-0.1436521;0.24899697;7.3071036;stairsdown;
1.53227;0.766135;10.266209;sit;
-3.513491;1.4915876000000001;8.005013;stairsup;
-2.451632;0.153227;7.66135;stairsup;
-6.741988;0.0;15.935607999999998;stairsdown;
-7.796717599999999;2.8814217999999996;9.64145;walk;
-1.6104431000000001;0.10606384;10.107483;stand;
-2.1387177000000004;-0.49810790000000005;9.540756;stand;
-1.8387468999999996;2.1930888;9.212888000000001;stand;
-10.916336;-2.2250671000000004;15.868973;stairsdown;
-5.6023254;0.5547638;7.511688;stairsup;
-3.3433532999999995;1.4069366;9.538574;null;
-2.6695404;-1.0622559;8.486252;bike;
4.4244847;1.733402;8.619126;sit;
-1.3819275;4.5335540000000005;8.600708000000001;bike;
0.05746084;-0.038307227;10.055647;bike;
-0.43675232;-0.9194336;6.043991;walk;
-5.056491;1.072589;4.903264;stairsup;
-2.7006595;0.93852705;4.9320555;walk;
3.7527008;-0.06726074;9.037308;sit;
6.741988;-1.685497;6.12908;null;
1.4507141000000001;2.6483002;8.361481;bike;
6.2249246;-0.7445967;7.193378999999999;stand;
3.0943604;0.7606659;9.738525;null;
-2.841095;0.60832214;9.842072;null;
-6.4983673;-3.3140870000000002;6.4379425;stairsdown;
-3.7123108;-0.598526;10.460968;bike;
7.843405000000001;-0.10534488;5.612008599999999;sit;
0.42375183;-0.7290039;9.784744;null;
-1.0532683999999999;-1.4657288;9.783553999999999;sit;
-0.7725525;0.4893036;7.268890400000001;stairsdown;
-5.8723297;-5.0624695;11.356978999999999;null;
-6.709198;1.2902985;13.651855;stairsup;
-4.435943599999999;-0.4997406;6.528595;stairsdown;
-2.604859;-1.379043;7.354896000000001;stairsup;
-2.1164744;-1.5897499;9.950302;null;
-5.470751;2.3606830000000003;8.042124000000001;stairsup;
-1.3311761999999998;0.26815059999999996;9.414000999999999;stand;
-0.61291564;2.0961237;9.03452;stairsdown;
-3.5407562000000006;0.87060547;5.4750824;stairsup;
-1.3319397;0.15962219;5.887085;walk;
-2.6551697;-0.36391866;6.9120603;stairsup;
4.413086;1.562851;9.133911;sit;
-2.2768857000000002;-1.0486604;10.370484;walk;
-6.975507;2.4181437000000003;7.53575;walk;
-1.9919509999999998;-0.306454;9.653300999999999;stand;
-4.740631;0.69877625;8.985138000000001;stand;
-1.9413147000000002;-1.5256805;8.373383;bike;
-1.0939026;0.27149963;14.0624695;null;
-2.6481169999999996;-0.90515137;8.135147;walk;
-5.723724400000001;1.1760406;6.4036254999999995;null;
-3.8063354;-2.22789;10.682343;stairsdown;
-3.8097382000000004;5.4432983;14.653792999999999;walk;
-2.1164744;1.2066777;7.029375999999999;stairsdown;
-2.7557259999999997;-1.2042834999999998;4.8853683;stairsup;
-2.2409727999999998;2.0973208;9.3182335;stand;
6.435534;-2.145178;8.580712;null;
3.7636849999999997;0.63206923;8.676587;sit;
-6.882797200000001;2.0822144000000002;6.7378693;walk;
-5.599945;0.45240784;8.599518;null;
-2.532669;-1.8311157;9.194412;null;
-8.1402855;3.217807;7.872135000000001;stairsup;
-4.750037;-0.306454;8.427485;null;
5.2863975;0.79487497;8.169016000000001;sit;
-3.06454;-0.153227;7.354896000000001;stairsdown;
5.347449299999999;-1.5873556999999998;4.5872903;stairsup;
-0.12849426;-2.0620117;8.457687;walk;
-2.0887298999999997;-1.2253113000000002;5.954727;stairsup;
-1.53227;1.072589;9.500074;stand;
-7.831375;-0.28268433;6.221328700000001;stairsdown;
-0.7497710999999999;1.6846923999999999;9.481247;stand;
-2.0781669999999997;2.0398598000000003;9.346964;stand;
-1.379043;0.306454;7.201669;walk;
-1.7812861;0.60333884;5.248090299999999;walk;
-0.766135;0.0;6.12908;stairsdown;
0.842759;0.009576807;9.873688000000001;bike;
-6.310318;-0.21722412;8.809982000000002;bike;
-4.795212;4.1698;12.491226;null;
-3.014862;2.4947662;11.641632000000001;null;
-1.282095;-2.4157495;12.5025215;stairsdown;
-3.8402996;-0.40222588;4.10845;walk;
-2.9400797;0.095768064;8.848969;null;
1.6759412;0.5650316;9.270349000000001;sit;
-4.052704;0.6047516;7.412903;stairsdown;
-1.7221526999999999;1.4490356000000002;9.469345;stand;
-6.861782000000001;1.9907787000000001;8.516175;stairsup;
-2.1803741000000003;-0.5302429;9.803787;bike;
-4.5872903;-0.009576807;8.034941;stairsup;
-9.109802;-0.6901703;9.830169999999999;null;
-6.206772;0.26361084;7.582901;stand;
9.088389;0.94810385;3.5434184;sit;
0.6667852;1.2114661;9.384072999999999;null;
8.145074000000001;-0.2693477;3.6104562000000007;stairsup;
-2.4001873;0.44771573;9.126697;stand;
-0.766135;-0.766135;5.975853;walk;
-5.6058959999999995;0.3393402;7.333160400000001;stairsdown;
-5.094861;2.6240451;8.264783999999999;walk;
7.354896000000001;-0.306454;6.588761;sit;
1.623291;-0.023666382000000003;10.233642999999999;sit;
-2.8446655;0.64164734;9.788513;null;
5.356903;0.6785431;8.700683999999999;sit;
0.94810385;1.0510546;9.391256;null;
-1.379043;0.306454;9.959755;bike;
3.9929504000000002;-0.16886902;9.564758;sit;
-0.45968100000000006;-1.685497;5.056491;stairsdown;
-3.172989;-1.0253601;10.102524;stairsdown;
-3.6063843;1.4581146;8.436461999999999;null;
-6.210342400000001;-4.326935;6.7521515;stairsdown;
5.669398999999999;-0.612908;9.346847;bike;
-3.3742980000000005;1.7485199;8.553101;bike;
-5.088876;-1.4209588;6.742072;walk;
-2.9980316000000005;0.6194763000000001;4.4753264999999995;stairsdown;
-2.0817566000000003;-3.06102;11.896332000000001;bike;
0.28195190000000003;0.20365906;11.235778999999999;walk;
-1.5131354;0.11492168;9.519346;stand;
-7.422025;-4.7884035;11.358092999999998;stairsup;
-1.2797008;0.05267244;9.3661175;stand;
-1.8687133999999999;-1.1971893;9.225555;stairsup;
-2.327164;0.24899697;8.772355000000001;bike;
-2.384625;-0.7469909;9.461885;bike;
-2.451632;0.153227;9.653300999999999;stand;
-0.5363011999999999;0.21068975;9.634267999999999;stand;
-4.6726227;0.4718933;6.831894;stairsdown;
-2.4469757000000003;1.0169983;8.488632;walk;
3.856247;-0.50405884;8.996841;sit;
1.072589;1.225816;9.653300999999999;bike;
-1.7804718000000002;1.4121399;9.471725;stand;
-6.1734467;-0.35528564;7.949478;walk;
6.208165;-0.78888947;7.1646485;stand;
1.3056793;-0.61712646;10.414352000000001;bike;
-3.5800322999999996;0.7694397;8.070877000000001;stairsdown;
-1.3735962;0.09654236;10.125336;stand;
-5.8796387;0.7344818000000001;8.032989500000001;walk;
-1.5187988000000001;-1.0305634;9.76828;bike;
-7.5345526;2.9089549999999997;9.060856;walk;
5.997475;1.7812861;9.528922999999999;stairsup;
-3.466804;-1.1971009;7.872135000000001;stairsdown;
-2.0161284999999998;-0.8039856;9.553848;walk;
-1.4760253;1.5682021000000002;7.6231384;bike;
0.9193620000000001;1.072589;10.572663;bike;
-6.433075;-0.28431702;6.4559937000000005;stairsup;
-3.370994;-0.45968100000000006;9.19362;stand;
4.2556934;-0.005985504;5.305551;stairsup;
4.0725370000000005;1.6915035;8.469488;sit;
-6.3842773;-1.6292267;8.42099;walk;
-5.209718;0.153227;10.266209;walk;
-3.5745432;-0.17238252;10.672153999999999;walk;
-4.290356;-0.612908;9.19362;walk;
-3.4742737;-0.0962677;9.676636;null;
-5.131012;0.9320526;9.523102;stairsdown;
0.4295349;-0.05104065;10.791839999999999;null;
-1.53227;1.072589;9.806528;stand;
4.0643616;-0.26765442;9.505249000000001;sit;
-5.056491;-0.153227;5.516172;stairsdown;
-0.306454;-0.766135;10.879116999999999;walk;
1.9919509999999998;-0.45968100000000006;9.806528;sit;
-2.5605986;0.32680854;9.157822;stand;
-1.6282959;-0.85917664;7.292694;stairsup;
-5.947197;-2.4899697;10.515334;stairsdown;
1.3215994;0.49799395;9.56723;sit;
-5.1689300000000005;-1.0908203;8.188705;stairsdown;
-0.90823364;-1.4114227;9.934906;sit;
-7.66135;-1.379043;7.354896000000001;walk;
-1.5091094999999999;-0.10296631;9.56456;stand;
-1.6352692;1.1383972;9.511002000000001;stand;
-1.3295593;-0.2938385;10.144378999999999;stand;
-2.4229321;-0.038307227;4.711789;walk;
4.428726;0.79086304;8.620743;sit;
0.44143677;-0.515213;10.28363;sit;
-5.8226260000000005;1.53227;11.492025;null;
-7.666107000000001;0.028701782000000002;8.460266;stairsup;
-2.2745667000000003;-0.9258270000000001;8.222228999999999;stairsdown;
-2.0015526;0.6512229;9.040505;null;
-2.9592332999999997;-1.0055646999999999;8.159439;bike;
2.6337585;-0.012954712;15.534729;null;
1.5625916000000002;-1.0805511;11.008453;bike;
-0.7819060999999999;-1.6228333000000001;9.789505;sit;
-6.588761;2.298405;7.66135;walk;
-5.656905999999999;-0.76708984;7.5995636;stand;
9.097966;1.3694833999999998;3.2752678;sit;
0.89608765;0.06321716;6.939209;bike;
-1.7723083;-0.47950745;12.644958500000001;stairsdown;
-3.1719666;6.3247833;19.312378;stairsdown;
-2.2517467;0.260968;9.179369;stand;
-2.3654714;1.3886370000000001;8.034941;stairsup;
-1.9919509999999998;-0.45968100000000006;9.653300999999999;stand;
-5.209718;1.8387240000000002;8.427485;null;
-1.53227;-0.306454;7.814577000000001;bike;
3.6966474000000002;0.62249243;8.676587;sit;
-0.153227;-0.45968100000000006;5.669398999999999;walk;
-2.604859;1.8387240000000002;9.959755;stairsdown;
-0.70114136;1.2593536;5.837097;walk;
-5.6886234;1.1971009;4.673482;stairsup;
-1.4640503;-2.0874481;10.764465;stairsdown;
-1.0820007;-1.5982819;10.72757;bike;
-4.750037;0.766135;12.717841;null;
-4.103661499999999;1.7980455000000002;10.641029;walk;
-4.9799394999999995;1.1875241;5.650316;stairsdown;
-6.0129395;-1.0031891;10.132477;bike;
3.9456443999999995;0.59376204;8.848969;sit;
-0.94810385;-3.6870705999999998;4.7979803;stairsdown;
-5.8226260000000005;-1.9919509999999998;8.887166;stairsup;
-1.7995148;3.1938477;8.577896;stairsup;
-2.9694672000000004;0.9443969999999999;11.003494;stairsdown;
1.6472107;0.60333884;9.299078999999999;sit;
-3.2017212;3.7658843999999996;10.85849;walk;
-4.5394063;0.6512229;7.249642999999999;stairsup;
7.707687400000001;-0.50405884;6.147537000000001;sit;
-1.7352448;-0.21960449;9.588364;stand;
-7.575653;0.3643341;8.210327000000001;walk;
-0.9768343;1.1013328000000002;10.927136;stairsup;
8.274258;-0.306454;12.564614;stairsup;
-3.4528502999999997;0.108444214;6.169159;stairsup;
0.21411133;-0.2367096;10.485961999999999;null;
-4.167984;0.41595459999999995;12.127028999999999;bike;
-2.758086;1.8387240000000002;9.346847;stand;
-1.6687622;-0.22242737;11.792786;stairsdown;
-2.0781669999999997;1.3790601;6.7516490000000005;walk;
-2.2218192;1.9632453999999997;9.375694000000001;stand;
-2.9339294;-0.7794342;11.414307;stairsdown;
1.545929;0.47383118;10.188416;sit;
-2.6280517999999997;-0.44499207;11.432159;walk;
-0.8890228000000001;-0.43978882;10.589310000000001;bike;
-0.9009246999999999;-1.1324768;6.523636;null;
-2.4876099;0.21556091;3.2222595000000003;stairsup;
-4.5872903;0.80445176;7.3645644;bike;
-4.115632499999999;-0.089782566;8.409634;stairsup;
-3.0696106;0.32505798;11.397644;walk;
-6.2153480000000005;-2.327164;12.191275;stairsup;
-1.7717092;0.2777274;9.030928999999999;null;
-3.5625722;0.23942018;11.923124000000001;walk;
-3.0420685;-0.43978882;6.662887599999999;stairsdown;
1.53227;-0.45968100000000006;9.959755;sit;
5.0452423;0.32192993;8.516005999999999;sit;
-0.532135;0.50834656;7.783050500000001;walk;
-3.524221;0.9193620000000001;9.19362;null;
-1.8972778000000001;-1.1519622999999999;8.011566;null;
-4.3204956;0.15129089999999998;6.4667053;walk;
-2.2888567;-3.6056678;14.341269;walk;
-5.0606230000000005;1.881073;7.8149869999999995;null;
-3.4100037000000003;-0.17958069;8.80542;null;
-2.3175871;1.5705963;10.218452000000001;bike;
-3.524221;2.145178;11.645252000000001;bike;
-2.3386687999999998;-0.9944153;7.9054413;walk;
-3.1603463;-0.32561144;11.291056;bike;
-1.5211792;0.027511597000000002;8.949432;null;
-2.4612392999999995;-0.22984336;9.040505;stand;
-5.834244;0.40167236;7.872116;stand;
-0.67019653;-1.5685272;10.055114999999999;sit;
-1.7173919999999998;1.457367;4.6407623;walk;
-8.093216;1.5823364;13.474319;null;
1.6685181;0.78208923;11.560699000000001;bike;
-2.1018220000000003;-3.2545776;9.4384;bike;
-1.2018893;3.954024;8.971074;stairsup;
-1.8770541;1.2162545;10.228029;walk;
-2.544571;2.9129639;7.291305499999999;bike;
-4.5347290000000005;1.0094147;6.084656;null;
0.13407529999999998;0.7469909;8.580819;null;
-9.642838000000001;2.1917114;15.711867999999999;walk;
-2.135628;2.0207062;9.308656;stand;
-3.0454244999999998;0.02873042;8.963891;stand;
-4.0941925;-1.0967712;7.5662384000000005;stairsup;
-6.664993300000001;-0.51000977;7.964950599999999;stairsup;
0.07485962;0.37266540000000004;9.355286;null;
4.7931919999999995;0.6452374;8.136695;sit;
-5.2684407;-0.92296475;6.479907;stairsup;
-0.9576806999999999;2.1547816;9.461885;stand;
1.7322049;0.6727706999999999;9.16261;sit;
3.7657928;-0.440979;9.076584;sit;
-2.3558946;0.50757074;8.475474;bike;
-5.186783;-0.4493103;9.088486;bike;
-0.7438201999999999;-0.88967896;10.102524;walk;
-1.483208;2.8682537;7.384915400000001;walk;
-5.257667;-0.47884035;7.0964136;stairsdown;
-1.685497;1.53227;-0.766135;stairsdown;
-5.353435;-0.7374141;7.2975270000000005;null;
-2.136825;0.9852139999999999;11.678916000000001;null;
-2.451632;1.685497;11.185571000000001;bike;
9.308656;1.13964;3.4380736000000005;sit;
3.4344822999999995;0.08259996;8.8645315;sit;
-1.0116119000000001;1.5311583999999998;8.468399;walk;
4.137129;1.53227;9.040393;sit;
-5.220108;-0.6647339;9.211075;stairsdown;
-1.072589;-3.06454;9.500074;bike;
-3.822343;0.9696517;8.625112;null;
-2.1388854999999998;0.13105774;10.012267999999999;stand;
1.685497;0.0;9.959755;sit;
-0.25465393;1.0336609;10.489334;walk;
-2.2839202999999997;-0.15176392;9.337234500000001;stairsdown;
-0.5554548;-0.06703765;6.3302693;walk;
-1.072589;1.8387240000000002;10.266209;bike;
-5.430049400000001;0.06703765;19.431341;stairsdown;
-5.066130599999999;-0.8714894;8.121132000000001;null;
6.060921700000001;-4.167108;5.5701103;walk;
-3.830675;1.225816;7.814577000000001;stairsup;
7.508122999999999;-0.306454;6.895214999999999;sit;
-10.719955;-1.1931763000000002;6.99971;stairsup;
-1.9436951;1.4259796;8.788757;stairsup;
1.8423381999999997;0.35913026;9.329007;stand;
-4.2054152;2.1883004;8.294711999999999;stairsup;
-4.137129;-2.298405;9.040393;null;
-5.343858200000001;1.8291701;12.152967;stairsdown;
0.9193620000000001;1.379043;10.572663;bike;
9.040393;-3.217767;7.508122999999999;stairsup;
5.060145400000001;2.6013002;5.4192758;walk;
-1.8744965;0.18386841;5.84523;walk;
5.21936;0.79487497;8.264783999999999;sit;
-4.8362875;5.726930599999999;13.148954999999999;stairsdown;
-3.5550385;2.157196;5.9321136;walk;
-2.0003555;-0.16280572;6.4823010000000005;bike;
0.69137573;0.6273651;9.498108;bike;
-0.57736206;0.3072052;8.573334;bike;
2.145178;1.53227;19.45983;stairsdown;
-2.451632;-0.612908;10.419436;null;
-5.975853;1.8387240000000002;10.72589;stairsup;
0.25857377;-0.45968673;9.471461999999999;sit;
-4.07753;3.0534057999999997;15.132248;walk;
-5.726930599999999;0.47884035;7.335833999999999;walk;
-1.5223693999999999;1.3843231000000003;9.901581;stand;
-3.3997664;1.2737153;3.4763808;walk;
-4.6785736;-0.325531;10.519089;walk;
-3.8777466;1.6033173;12.348602;stairsup;
-5.1784514999999995;0.12554932;8.657639;null;
-0.45968100000000006;-0.153227;7.814577000000001;stairsdown;
-5.257667;2.183512;7.6710224;stand;
3.370994;0.306454;9.500074;sit;
-5.853454599999999;0.31434629999999997;8.211517;stand;
-3.9839516;3.5625722;8.7053175;walk;
0.79611206;1.8484955;4.9730225;null;
0.9878998;-1.8275452;10.869003;bike;
-3.370994;-1.225816;14.096884;bike;
-2.6719291000000003;0.18195933;9.375694000000001;stand;
0.89064306;-0.6799533;11.60709;bike;
-1.5973511;1.4462128;8.751862;stairsdown;
-1.0055646999999999;1.2641385;7.680599000000001;stairsdown;
-5.6915894;-1.8791656000000003;7.380767999999999;stairsdown;
-1.9620483;-1.3778629999999998;9.996989;stairsup;
-2.7897491000000003;-0.80874634;9.301528999999999;null;
-1.225816;-0.45968100000000006;6.435534;null;
-5.391742;3.6870705999999998;7.728483;null;
0.22125244;1.9972686999999998;9.010132;bike;
4.0453186;-0.20219421;9.540955;sit;
-2.9879637000000003;-0.009576807;9.040505;stand;
4.704681400000001;1.537857;9.006561;sit;
4.903264;0.0;5.8226260000000005;stairsup;
-3.314621;0.28503418;6.1439667;stairsdown;
-3.0956268;-0.86587524;9.205124;null;
-3.830675;-1.225816;5.975853;stairsdown;
-0.45968100000000006;0.45968100000000006;6.435534;stairsdown;
0.23094177;-1.4443053999999997;14.897781;null;
-1.5890198;-0.7818146;7.485504;null;
3.6870705999999998;0.59376204;8.963891;sit;
-0.9576806999999999;1.0247183000000002;8.647857;bike;
-0.31178284;0.71588135;7.0723114;walk;
-8.887166;-5.975853;10.266209;walk;
0.12449849;2.2218192;7.584830800000001;stairsdown;
0.38311768;-0.5104523;10.268158;sit;
7.814577000000001;0.0;5.8226260000000005;null;
-3.9073372;1.2066777;9.873688000000001;stairsdown;
-5.975853;-1.225816;7.048442;stand;
-0.71525574;-0.52667236;9.900192;stand;
-0.33677673;-0.17080688;9.420547500000001;bike;
-1.2773066000000002;3.4883518;11.328165;stairsdown;
-3.9839019999999996;-0.45968100000000006;9.806528;null;
-3.9848633;1.8913422;12.687805;null;
-1.9982758000000003;-0.10177612;6.7271576;stairsdown;
-6.685808;-2.2086509999999997;12.030864;walk;
-3.083732;0.17238252;9.184157;stand;
-2.8538885;-0.038307227;9.260772;stand;
-2.5421906;-1.7466125;9.839493;bike;
5.161899;0.8523358;7.881711999999999;sit;
-1.4759521;0.7451935000000001;9.637360000000001;bike;
-7.6231384;2.384625;5.2863975;null;
-4.809494;-0.20056152;8.310103999999999;bike;
1.3364563;0.47740173;10.247925;sit;
4.0584106;0.37385559999999995;9.558807;sit;
5.3664246;0.5726166;8.719727;sit;
-2.327164;-1.2258313;9.528922999999999;null;
-4.8654327;1.9869994999999998;12.567397999999999;null;
7.7921906000000005;-0.61950684;5.997574;sit;
0.32139587;-0.6968689;9.88472;sit;
-6.282307;0.766135;11.798478999999999;stairsdown;
-1.5801731;0.23942018;9.136273;stand;
-3.8644867;1.2514648000000002;9.734755999999999;walk;
-1.685497;-1.53227;7.814577000000001;bike;
-3.2668881;1.9560628;8.736442;null;
-2.9783869;-0.05746084;9.241617999999999;stand;
-2.604859;-1.8387240000000002;2.9113130000000003;stairsdown;
-1.4438171;0.3155365;11.967742999999999;walk;
3.370994;0.153227;9.653300999999999;sit;
-5.2863975;1.2258313;6.5601125;stairsup;
-1.8721161;1.2645568999999999;9.909714;null;
-3.370994;-1.225816;7.201669;stairsdown;
-2.7647552;-0.89801025;9.447922;stand;
3.06454;-1.225816;7.967803999999999;walk;
-3.51474;-3.5597076000000003;8.705444;null;
-1.9508362000000001;1.7413788000000001;9.870636;stand;
-1.9090118000000003;1.4585571000000002;9.418167;stand;
6.741988;0.306454;9.346847;null;
-1.9758301;1.7532806;9.827789;stand;
-0.30645782;-2.8538885;8.054094000000001;stairsdown;
-2.9113130000000003;-0.45968100000000006;8.274258;walk;
-3.4528502999999997;1.3010101;7.0653687000000005;stairsdown;
-4.59681;4.443583;13.024295;walk;
-0.5666504;0.6285553;12.01297;bike;
1.7803955000000002;0.2572174;11.863007000000001;null;
-6.138931299999999;0.52545166;7.6685944;stand;
-4.86322;-1.1591034;12.261719;stairsup;
-2.8538885;-0.32561144;9.030928999999999;stand;
-1.2258453;-1.1943665;10.550034;bike;
-5.401319;1.9823990000000002;7.0485296;walk;
6.282307;0.153227;7.814577000000001;null;
7.354896000000001;-0.306454;6.895214999999999;sit;
-0.153227;-2.145178;9.806528;sit;
-1.8195933000000002;0.90021986;9.356541;stairsup;
-0.6200409;0.39691162;9.446732;stand;
-1.532289;-0.095768064;5.7365074;walk;
-6.2877045;-0.6873474;5.5583954;walk;
-6.030792;1.1391448999999998;7.928253;stand;
-1.9823990000000002;-1.292869;11.003751;stairsup;
-1.910202;0.5623474;9.038497999999999;stairsdown;
-1.685497;-0.306454;8.121031;walk;
-6.588842999999999;-0.9576806999999999;5.631162000000001;stairsup;
-1.9153613999999999;-0.7757214;9.375694000000001;stairsup;
-3.6980286;0.14653015;7.862792999999999;stairsup;
-0.93663025;-0.4076538;9.913283999999999;walk;
-4.290356;-2.298405;6.895214999999999;stairsup;
-3.466804;2.2409727999999998;7.431602000000001;bike;
-2.8589477999999997;0.19889832;8.669739;stairsdown;
-6.0333879999999995;-0.24899697;7.4699089999999995;bike;
0.91767883;-1.0551146999999998;8.79451;stairsdown;
-2.8813934;1.7596741000000002;12.351974499999999;stairsdown;
1.2019653000000001;0.36790466;10.337189;sit;
-3.370994;0.153227;9.346847;stand;
-1.5801731;-1.5227122;11.329363;null;
-8.6432495;-5.802017;12.051055999999999;walk;
7.076063;-1.4520833;8.016983999999999;walk;
-2.480393;-0.2873042;9.835381;bike;
-4.8905945;0.17747498;9.940857000000001;walk;
-3.06454;1.072589;7.967803999999999;stairsup;
-6.732495299999999;-2.2505496;12.928689;walk;
-1.1972809;-1.9287109;8.405319;null;
-0.007095336999999999;1.6775513;11.823532;null;
-5.9498596;-0.75801086;6.621429400000001;stairsup;
9.337387;1.3024458;3.5051112;sit;
5.4432178;0.10534488;7.314286;bike;
-3.0444489;0.15292358;6.3534393;stairsup;
-2.445677;0.35913026;9.147048;stand;
-0.766135;-0.306454;4.137129;stairsdown;
-2.0590134;0.009576807;11.674128;walk;
0.4915924;-1.3312378;8.441025;bike;
-6.2436676;0.9670105;10.774979;walk;
0.0058288574;3.8563385;7.333160400000001;bike;
-1.6352692;3.3509521;7.332961999999999;stairsup;
-3.8241882000000005;-4.6737212999999995;14.169585999999999;walk;
-3.2273839;1.3694833999999998;5.0086699999999995;walk;
-0.62480164;-4.4007263;8.249405;stairsup;
-0.9193620000000001;-1.53227;4.903264;walk;
4.8422728;0.60932434;8.219294999999999;sit;
-4.8614264;-0.88944596;8.919599;bike;
-2.298405;-1.53227;9.500074;stand;
3.3554738;0.07062895;8.856152999999999;sit;
-4.141968;-0.25099182;6.2965089999999995;stairsdown;
5.209718;0.153227;8.887166;sit;
-3.524221;-1.225816;9.500074;walk;
8.865729;0.44173019999999996;3.8965633;sit;
-2.8215668;0.81163436;10.146626;stairsdown;
-1.5924225;-0.14343262;9.684769000000001;stand;
2.9113493;-1.3024458;7.067683000000001;bike;
2.3957214;-1.9339142;11.096527;bike;
-3.7027892999999996;1.6068878;10.714478;stairsup;
8.8777;0.6703765;4.290409599999999;sit;
-0.51309204;-0.8187103;10.113434;null;
-3.8955994;-2.368332;10.688293;stairsdown;
-2.6185303;0.8035126;4.349365;stairsdown;
-3.265691;0.4405331;6.732495299999999;stairsup;
-2.2160797000000003;1.4002379999999999;9.359848;null;
-2.1686401;0.24888611;11.338135000000001;bike;
-5.163147;1.1938933999999999;9.026794;stairsup;
1.5246735;-5.088653599999999;19.080092999999998;stairsup;
-4.3418846;-0.9732430000000001;8.665813;walk;
-7.7667904000000005;-0.60333884;5.6407394;null;
-1.6663644;-1.9728221999999997;6.4068837;bike;
1.1781616000000001;1.1522369;12.787780999999999;walk;
4.4821167;1.5961761;9.206512;sit;
1.539978;0.6856842;10.162231;sit;
-3.830675;1.379043;9.19362;walk;
7.632714999999999;-3.4548330000000003;7.4842744;stairsdown;
3.9647980000000005;0.2777274;8.963891;sit;
-6.0389557;1.271698;7.6888274999999995;stand;
-2.28154;1.8370361000000002;7.5126800000000005;stairsup;
-3.0694427;0.9598694;12.722122;null;
-2.7964275;-0.6703765;10.955867;bike;
-1.072589;0.0;9.959755;stand;
-2.0111293999999997;0.05746084;9.308656;stand;
-1.5514427;1.8100165000000001;9.940725;stairsdown;
1.2626648;-0.02961731;10.287201;sit;
4.6677856;1.6116486;9.001800999999999;sit;
-2.4888;1.1177216;11.342895500000001;bike;
-3.1675289;0.5614403;9.221267999999998;bike;
-6.9527617;2.96881;5.0086699999999995;stairsup;
-4.443583;0.0;8.274258;null;
0.25576782;-0.7389679;11.580933;bike;
5.2880400000000005;0.26242065;8.258925999999999;sit;
3.8169708;-0.10058594;9.038497999999999;sit;
1.5506897;0.71424866;11.022736;bike;
-5.7439575;-0.38072205;7.890167;stairsup;
-2.8706818;-0.5980835;9.363419;stand;
-2.0362685000000003;2.1272482999999998;9.089587;bike;
-2.9113130000000003;1.225816;9.500074;null;
-10.552307;2.2960052;13.48642;walk;
-3.217767;0.153227;9.500074;stand;
-1.043872;0.9576806999999999;10.840945;bike;
-0.532135;-0.15815735;10.236023;stand;
-2.7411194;0.051315308;9.811127;stand;
-3.7732617999999993;-0.47884035;9.5385;walk;
-4.0110474;0.42503357;7.164153999999999;stairsdown;
-4.547786;1.5382746;17.931373999999998;stairsdown;
-5.094861;1.5993267;10.084377;stairsdown;
-3.1969604;1.390274;9.469543;null;
-5.669398999999999;1.8387240000000002;7.354896000000001;walk;
-3.3135752999999997;-0.59376204;9.653421;walk;
-2.3870192;0.5363011999999999;9.190144;stand;
-2.6637573;-0.24147034;9.908722000000001;stand;
-2.9975405;1.9548656999999998;11.403583;walk;
-4.644226000000001;-0.5901947;6.438141000000001;walk;
4.6618347;1.6175995;9.029175;sit;
3.524221;0.612908;9.346847;sit;
-2.9496564999999997;-0.30526072;6.3087215;stairsdown;
-2.145178;-0.766135;9.346847;bike;
-1.4150848;-1.5514221000000001;10.060867;bike;
-5.82489;-0.78300476;16.914154;stairsup;
-6.741988;2.451632;6.895214999999999;stairsup;
-2.3578796000000004;-0.22123718;6.43219;null;
1.0771636999999998;-0.26245117;10.727371;walk;
-2.956543;0.3488617;7.5152589999999995;stairsup;
-9.458527;1.524765;7.597381599999999;null;
-2.9113130000000003;0.306454;6.435534;stairsdown;
-4.792999299999999;1.691391;8.858978;walk;
-0.63206923;1.436521;5.755661;walk;
-1.108017;0.43261720000000004;5.903549;walk;
3.2489316;0.24660277;8.893262;sit;
-2.5243377999999996;3.5032959999999997;10.822586;walk;
-0.7201843000000001;0.03703308;10.270538;stairsup;
-5.765238;-0.80445176;3.5529952000000007;stairsdown;
-4.548983;0.6895300999999999;7.2975270000000005;walk;
1.1683705;0.34476504;10.726024;bike;
-2.4420857000000002;-2.1643584;8.963891;bike;
-1.0330353;2.8248901;11.277237;bike;
-4.1946416;-3.122039;9.270349000000001;stairsup;
7.814577000000001;-0.612908;6.588761;sit;
-1.8661651999999997;0.85513306;4.503891;walk;
-3.789505;3.3354797;2.9626007000000003;stairsup;
-1.7031096999999997;0.36834717;4.6145781999999995;walk;
5.669398999999999;0.306454;8.887166;bike;
-3.1731567000000003;-0.649704;10.082489;null;
-0.44763184;1.6199799;10.107483;bike;
3.9839516;0.22026655;8.925583999999999;sit;
5.1810527;0.8810662;8.2169;sit;
-6.1483099999999995;0.12449849;7.584830800000001;stand;
-3.1411927000000004;0.009576807;8.992621;stand;
-1.9244843;1.4418945;9.393172999999999;stand;
-2.27928;0.45968673;6.244078;walk;
-4.495114;6.5086374000000005;8.477867999999999;stairsdown;
0.612908;-0.766135;10.266209;bike;
5.8226260000000005;0.766135;8.274258;bike;
-1.685497;2.298405;16.242062;null;
-6.5182139999999995;1.3563153000000001;11.240777;stairsdown;
-5.516172;-0.612908;7.201669;null;
-0.153227;2.604859;9.500074;null;
3.8383942;-0.08035278;9.019455;sit;
0.766135;-1.072589;9.959755;null;
-0.6771698;-0.48977659999999995;8.506485000000001;bike;
-2.5187001;0.37349546;9.299078999999999;walk;
-4.194168;0.6194763000000001;6.417709400000001;stairsdown;
0.45968100000000006;2.145178;10.72589;bike;
-6.282307;-0.45968100000000006;7.967803999999999;walk;
-1.7031096999999997;-0.3267212;9.507431;stand;
-2.604859;1.225816;17.314651;stairsdown;
-12.163818;4.307419;14.756348000000001;stairsup;
-6.592392;3.8127440999999997;12.412674;walk;
3.6774480000000005;0.0;9.500074;sit;
-8.197746;-2.834735;16.510414;stairsdown;
-2.879013;-1.2419738999999999;9.4015045;stand;
-2.2122424;1.9823990000000002;9.394848;stand;
-3.394978;-0.5578489999999999;5.7975593;stairsup;
-3.8621062999999993;-1.4097899999999999;9.171799;null;
-2.5207672000000003;-0.08392334;14.981094;stairsup;
-1.249649;-0.09701538;9.746658;stand;
-1.1427002;-0.36524963;12.530700999999999;stairsup;
-8.102905;-4.666580000000001;10.326477;walk;
5.3106537000000005;0.15530396;8.232742;sit;
-5.829483;2.1750488;15.488113;stairsdown;
-3.7062242;-3.1603463;13.417107000000001;stairsdown;
-12.492142;-2.9475097999999997;9.904952999999999;stairsup;
2.6743927000000003;0.77182007;9.351517;null;
-5.734436;1.0998688;10.687103;walk;
-2.8171234;-0.34814453;11.393875;bike;
7.955078;-0.335495;6.295318599999999;sit;
-5.193924;-0.28030396;13.846848000000001;stairsdown;
-4.4072113;-0.8349304;8.143478;null;
-2.6527755;0.8607155000000001;8.949525999999999;null;
-2.795868;2.1674652;10.171753;walk;
-3.9839019999999996;3.217767;9.040393;bike;
7.508122999999999;0.0;6.741988;sit;
9.959755;-4.290356;9.040393;null;
-5.995081;-0.31603462;8.820239;stairsup;
-2.1164744;3.4093432;9.404425;bike;
-5.362945;2.9113130000000003;8.274258;stairsdown;
-3.3124084000000003;-0.77586365;10.34671;null;
-0.20823670000000002;-3.8770447;18.92775;stairsdown;
0.86157227;0.15486145;12.78421;walk;
-2.4124603;-0.20889282;10.571457;stairsup;
-2.648285;-1.2733611999999999;9.521912;stand;
-1.2724303999999997;1.3486176;10.08963;stand;
-6.282307;2.145178;10.419436;null;
-2.320984;0.06440735;9.887299;stand;
-4.750037;-3.9839019999999996;13.943657;walk;
-2.8314056;-0.85635376;8.66954;bike;
-6.5924344;1.0247183000000002;6.873753;stairsup;
7.8612213;-0.65045166;5.907119799999999;sit;
3.0254974;0.18267822;9.270584;null;
1.072589;-1.225816;12.717841;walk;
-5.046977;0.24899697;6.655881;stairsup;
0.455719;-0.46165466;10.312195;sit;
-6.0746613;0.6873169;7.5460052;stand;
7.20535;-3.822343;7.6889787;walk;
-5.823532;0.87893677;7.565048;walk;
-0.45968100000000006;0.9193620000000001;10.72589;walk;
-6.2984160000000005;0.5373535;8.251785;null;
-0.9022826999999999;-1.4114227;9.798035;sit;
-2.2146366000000004;3.4368765;9.928755;bike;
-0.9193620000000001;-0.612908;11.032344;null;
-3.7264252;0.30407715;14.257462;walk;
-5.975853;0.9193620000000001;8.121031;stairsup;
-2.4078673999999998;-0.67826843;8.913727;bike;
0.21068975;3.3518825;8.6095495;null;
4.137129;-0.766135;9.500074;walk;
-0.14175415;-0.20219421;11.37384;bike;
-3.1495724;2.12246;8.8777;stairsup;
-1.0019734;-0.08379706;9.425972;stand;
-3.0071173;0.08619126;10.582372;bike;
-3.6420898;-2.3528595;10.044402999999999;bike;
-2.0614076;-0.9935937;4.8722005;stairsdown;
4.010803;-0.21647644;9.515961;sit;
0.87228394;1.9746552;8.54715;walk;
-1.994873;0.6940155;10.382416000000001;stand;
-3.6774480000000005;0.612908;7.201669;stairsup;
1.9249381999999997;1.3599066;10.888829;walk;
-0.35717773;-0.38667297;10.1562805;stand;
-1.5412445;2.7201538;9.447922;bike;
-4.865018;-1.0726023999999998;6.828263300000001;stairsdown;
1.9721832;-0.5980835;12.182967999999999;walk;
2.9789124;1.4128876;9.261261;bike;
1.0151415000000001;-1.4748282;9.126697;walk;
3.8667907999999995;0.3321991;9.538574;sit;
0.61291564;1.1587936;7.967903;stairsdown;
-6.588761;3.06454;6.741988;null;
-5.022537000000001;1.8346558000000002;8.122055;null;
3.9155884;0.37742615;9.452881;sit;
-0.44763184;2.13414;10.055114999999999;stand;
-1.1034241000000002;-0.26527405;8.817322;walk;
5.2385135;0.7565677;8.207322999999999;sit;
-1.4817352;-2.089386;12.378159;walk;
-1.379043;0.766135;8.121031;walk;
-6.12908;0.45968100000000006;19.45983;stairsdown;
-1.2653356000000002;-1.3036428999999998;6.6893997;stairsdown;
-7.8793178;1.7082629;10.25676;walk;
-1.745373;-1.8782511999999998;8.848969;bike;
0.38307226;-0.90021986;6.770802499999999;walk;
-5.3760223;-0.23507689999999998;9.269394;stairsup;
-4.903264;-2.145178;12.871068;stairsdown;
3.8402996;0.29688102;8.6574335;null;
-2.758086;-6.895214999999999;7.967803999999999;null;
-10.37616;-1.0829315000000002;4.212494;walk;
-1.9674988000000002;1.7556610000000001;9.818268;stand;
3.7693634;-0.63616943;8.992080999999999;sit;
-1.0630256;-3.169923;9.739613;null;
-2.92305;0.09698486;5.658371;stairsup;
0.034561157;2.6487427;10.494095;bike;
6.282307;0.45968100000000006;7.967803999999999;sit;
8.121031;-2.758086;5.209718;stairsdown;
-5.966350599999999;0.7278373;7.4507556;stand;
0.6903534;0.37548828;11.612869;walk;
7.105990400000001;-0.736217;6.655881;null;
4.5777135;1.6663644;8.542512;null;
-0.306454;-0.766135;9.806528;bike;
-0.6607997;1.4748282;6.009446;stairsdown;
1.6770171999999999;-0.24459839;9.69191;sit;
-1.53227;1.225816;11.645252000000001;bike;
-0.9193620000000001;1.072589;9.959755;null;
4.734436;1.6271209999999998;8.99823;sit;
-6.473373400000001;2.329773;5.9118805;stairsdown;
-3.7480163999999996;0.97132874;11.521423;walk;
-0.7487488;1.1522369;10.460968;null;
4.7453080000000005;-2.1894975;6.527791000000001;stairsdown;
-5.7866364;5.088623;12.772110000000001;walk;
7.6957854999999995;-0.6385498000000001;6.070175;sit;
1.4652513999999999;0.19273324;9.343372;sit;
-2.9113130000000003;-0.612908;5.209718;stairsup;
3.8205413999999998;-0.09701538;8.993271;sit;
-10.25676;-1.1875241;4.912902;stairsup;
5.172592;0.23980713;8.327957000000001;sit;
0.89489746;-1.0055695;10.483582;bike;
-6.7877502000000005;-0.3426361;8.048461999999999;stairsup;
-10.173828;2.422165;9.590942;walk;
-1.9919509999999998;-1.53227;10.112982;bike;
-2.3654714;-2.3463178;12.038046000000001;walk;
8.0407715;-0.13792420000000002;6.4333800000000005;sit;
-2.6982727000000004;-0.056991577;9.918242999999999;stand;
-0.09635925;-2.0584412;7.4829254;walk;
4.523773;1.6175995;9.111298;sit;
-0.306454;0.612908;9.959755;bike;
-4.5012360000000005;0.53616333;7.779281599999999;bike;
-0.16300964;-4.237671;14.036087;walk;
-0.39152527;-0.31005859999999996;9.591934;null;
-8.555176;0.39051820000000004;8.319824;walk;
-3.06454;-0.45968100000000006;9.346847;stand;
-0.43437195;-1.1312866000000001;7.022323599999999;null;
0.41882324;-0.42118835;10.230072;sit;
-1.2139434999999998;2.1417236;7.736435;walk;
-2.9160767000000005;0.6952056999999999;6.5845337;null;
1.507843;-0.033187866;10.147949;sit;
-0.7747649999999999;-1.7418518;9.643112;sit;
-2.9684448;1.2902985;9.717102;null;
-6.1295776;0.3405304;7.972289999999999;stand;
-2.4492682999999995;0.25378537;7.2185183;null;
-10.400986;-3.3247986000000003;12.030624000000001;walk;
-0.15110779;-1.1431885;10.456009;bike;
-6.1579742;4.266205;5.2882233;walk;
-4.3957543;0.30645782;8.331821000000001;walk;
-1.072589;-0.153227;9.959755;stand;
0.59259033;-1.2935944;12.623535;bike;
0.12569559;1.0307038;8.893262;null;
-0.7213745;0.0048980713;10.625214;bike;
-5.5856724;0.29807812;6.4104753;stairsup;
0.8534088;0.64089966;7.8578339999999995;walk;
-5.391494799999999;0.09817505;9.597885;walk;
-2.0015526;0.9959879;12.919112;walk;
-0.7565677;0.7374141;6.9527617;walk;
-1.391449;0.20960999;10.66687;bike;
-0.8152313;-0.58499146;9.658585;stand;
-4.6654816;-2.1560363999999996;12.991104;walk;
1.7908629;0.095768064;9.299078999999999;sit;
-0.9760742;-1.5399628;11.873717999999998;stairsdown;
-2.604859;-0.612908;9.346847;stand;
-1.1695676000000002;0.21188685;5.807136;walk;
-1.3503298000000001;-0.4405331;8.494628;bike;
3.4129345;-2.7389667;14.174871;walk;
-0.7757214;-1.6089035;11.616667;bike;
-4.7856903;1.0039063;8.024460000000001;stairsup;
-0.153227;-2.298405;10.72589;walk;
-0.44168090000000004;-1.0139008;9.992035000000001;null;
-2.9592332999999997;0.23942018;9.299078999999999;stand;
-2.2934417999999996;-0.9420470999999999;11.162979;null;
-1.5461731;1.0748749;10.430023;bike;
-4.1240125;0.93254155;5.392939;walk;
-5.8226260000000005;-1.225816;6.741988;bike;
-3.6300201000000003;4.144806;13.426712;null;
-4.8904266;4.0924377;8.661209;null;
-2.8528290000000003;-1.9870299999999999;9.812119000000001;bike;
-2.5785553;2.0398598000000003;8.911219000000001;stand;
-3.7658690999999997;-1.8565521;12.91394;stairsup;
-3.7872925000000004;0.42741394;10.295532000000001;walk;
-8.667010000000001;0.16639702;5.5030727;stairsup;
-1.9728221999999997;3.5146879999999996;9.279925;bike;
1.6865386999999998;0.17434692;9.641922000000001;sit;
-4.903264;1.379043;8.121031;null;
-0.3107605;-2.9991302;9.3671875;bike;
-2.2614746;0.06321716;10.0598755;stand;
7.617065400000001;-0.028427123999999998;6.991577;sit;
-0.20228577;-1.2181701999999999;8.28273;bike;
-0.02873042;-2.4708161;5.8226986;null;
-2.9891607999999996;3.9863458;7.134721300000001;stairsup;
-4.59681;-1.53227;8.427485;walk;
-3.6312102999999993;-0.22793579;4.119461;stairsup;
-0.8714894;-1.3024458;8.571242;walk;
-3.3399115;3.394978;9.51336;stairsup;
-1.8650831;-1.0474633;5.0972550000000005;walk;
0.42477417;-1.3757172;9.18985;walk;
-0.35434186;-1.9345150000000002;12.765883;null;
-6.9527617;-1.4748282;5.401319;walk;
-2.2470244999999998;-0.9777527;9.463394000000001;stairsup;
-5.0546722;1.8096618999999998;8.252975;stand;
-2.7792053;2.109146;5.399108999999999;walk;
5.295974299999999;0.842759;8.197746;sit;
7.285556;-0.36272156;6.114791;sit;
-3.0777740000000002;-0.08154297;10.908278999999999;stairsup;
1.8387240000000002;0.153227;9.959755;sit;
7.9693604;-0.15339660000000002;6.463135;sit;
7.9526978;-0.047470093;6.564300500000001;sit;
5.133168;0.90979666;7.8625584;sit;
3.6168517999999996;0.5059662;9.569519;sit;
-2.758086;-0.766135;8.733939;stand;
-2.5471191;0.8166045999999999;7.7116394;stairsup;
-4.3335875999999995;0.03465271;5.451477;stairsdown;
-4.595428500000001;0.77375793;9.024414;stand;
-9.6822815;0.8856354;4.886139;stairsup;
7.8993073;-0.6409302;5.8975983;sit;
-4.572925;0.45609543;9.307459;walk;
-0.5557709;-1.9251403999999999;4.9156949999999995;stairsdown;
1.7429788;0.5650316;9.251195;sit;
-11.378296;1.8127898999999998;11.214355;walk;
5.085284;0.91937345;7.967903;sit;
1.161499;0.31672668;10.162231;sit;
-3.174179;-3.3117065;9.993027;walk;
3.830675;-0.612908;9.500074;null;
-2.758086;0.0;9.653300999999999;stand;
0.0;0.306454;9.959755;sit;
4.0262756;0.35481262;9.487396;sit;
-7.201669;1.8387240000000002;7.354896000000001;stairsup;
-3.4015044999999997;1.2562256;9.020645;null;
-1.8387240000000002;0.45968100000000006;9.806528;stand;
-2.451632;-1.072589;8.274258;walk;
-8.733939;3.217767;4.750037;stairsup;
-4.2229004;0.7094879;8.560242;stairsup;
-2.604859;1.072589;7.354896000000001;walk;
-5.834244;1.5394896999999998;7.9340057;null;
-1.730484;1.4145203000000002;9.036118;null;
9.346847;0.45968100000000006;4.443583;sit;
-3.891861;0.6551819000000001;8.312485;stairsup;
-0.153227;0.45968100000000006;9.959755;sit;
-2.6683502;-0.38385009999999997;9.464584;stand;
-0.6938324;-0.6218872;9.775223;stand;
1.9716251;-1.6627731;13.509282999999998;walk;
-2.6192567;-2.681506;8.981848;stairsup;
-1.5471953999999999;0.9920044;9.616928;stand;
-4.413162000000001;1.1538696000000002;8.751663;stand;
-1.287735;0.30288696;8.044692999999999;walk;
-0.7438201999999999;-2.096527;11.468857;stairsdown;
-2.145178;-7.354896000000001;13.024295;stairsdown;
-5.975853;-1.9919509999999998;8.887166;null;
-3.7182617;1.9794159;9.282684;null;
-0.766135;0.153227;8.887166;null;
-2.801216;-1.0115502;8.637083;bike;
-4.7788267;0.17238252;10.505757000000001;walk;
-9.748764;1.3728638000000002;7.0723114;stairsdown;
-2.0685901999999996;-0.81402856;8.101977999999999;stairsdown;
-0.6654358;-1.5709076000000002;10.092010499999999;sit;
-1.2354081000000001;0.91937345;11.951855;walk;
-1.3222504;-1.6644897;12.049667;null;
-3.8789367999999995;0.75709534;8.898254;stairsup;
-2.2026656000000004;0.38307226;4.232949;stairsdown;
-3.444519;0.7928009;7.291504;stairsup;
-4.4857635;1.1610107;8.677872;stand;
-0.31603462;0.28491;9.448717;sit;
-2.5398102000000002;-1.8418273999999997;8.995650999999999;walk;
2.315193;-2.7006595;9.200917;bike;
-1.7983246;1.3942871000000001;9.424118;stand;
-2.5354595;1.9596541;8.972271000000001;stand;
0.9379120000000001;-2.0370178;10.285812;null;
-5.0237274;1.5109253;9.063492;bike;
-8.123138;0.3393402;6.138214;stairsdown;
1.8387240000000002;0.153227;9.806528;sit;
-0.02873042;-0.91937345;10.25676;bike;
-2.183512;1.8483237000000001;9.270349000000001;stand;
-5.083404499999999;1.5485687;8.872069999999999;stand;
-0.93852705;2.3175871;9.471461999999999;stand;
4.5475769999999995;1.575943;9.079163000000001;sit;
0.22026655;-0.30645782;9.730036;sit;
-4.0180206;0.32669067;6.8949738;stairsup;
-1.7973022;-0.6556549;10.956085;bike;
-0.5783844;-1.8049316000000002;9.6514435;sit;
-0.10366821;-0.6163788;10.206268;null;
-1.9560628;-2.7521348;8.476671000000001;bike;
4.164337000000001;0.389328;9.410034;sit;
9.357117;0.40361023;3.8947144000000002;sit;
-1.8387240000000002;-2.9113130000000003;2.298405;stairsup;
-3.539566;-7.220275999999999;15.818985000000001;walk;
5.2385135;0.90979666;8.1881695;sit;
-1.7697601000000003;0.4552307;10.869003;null;
-5.410896;-1.5227122;9.797073;walk;
-2.2839202999999997;-0.57785034;8.581467;stairsup;
-0.94615173;0.14459229;9.031357;bike;
-8.015787;1.5993267;6.933608;stairsup;
1.6365508999999998;0.32192993;9.677628;sit;
-2.8373566;-0.27554320000000004;9.283676;stand;
-2.7964275;3.1256304;8.677783999999999;walk;
-2.834735;0.641646;10.333375;bike;
-4.103882;-0.5890045;7.8485107;stairsup;
-5.401319;0.4405331;10.400413;walk;
-5.078476;1.8310852;5.414383;walk;
-7.048442;0.0;7.354896000000001;walk;
2.1787236;-2.3726540000000003;7.81228;bike;
-1.3886370000000001;-2.6048915;12.6222315;walk;
-0.9193620000000001;-3.370994;6.282307;bike;
-3.217767;-1.379043;9.19362;bike;
3.9264907999999994;0.16280572;8.647857;sit;
7.967803999999999;-0.9193620000000001;6.588761;sit;
-5.811630200000001;0.5052185;7.8875885;stand;
1.225816;0.766135;9.959755;sit;
-6.576919599999999;0.92059326;7.115158;null;
-5.45878;-0.5267244000000001;6.780379300000001;null;
-1.5164185;0.26197815;9.887299;stand;
9.298798;1.011795;3.9292297;sit;
-4.9929504;2.249588;15.131256;walk;
-3.9839019999999996;1.379043;8.887166;stand;
8.166931;0.04536438;6.185821499999999;sit;
-0.130484;-0.51954174;9.731233;null;
-5.566452;-1.3859863000000001;7.012802000000001;walk;
-0.766135;-0.766135;11.185571000000001;null;
-0.34356794;-1.1851299;8.586803999999999;bike;
7.795521000000001;0.13407529999999998;5.5737014;sit;
-1.8674773;-0.15322891;5.583278;stairsup;
-2.604859;-0.766135;10.572663;bike;
-6.156784;0.32312012;9.145615;null;
7.429208;0.23223756;6.2021794;sit;
-7.116241499999999;0.6380768;8.204376;stairsdown;
-2.0781669999999997;2.0398598000000003;9.3661175;stand;
-2.604859;1.379043;9.806528;walk;
-1.5936127;-0.31481934;9.696671;stand;
5.3854675;1.6402130000000001;8.9375305;null;
-5.7245364;-2.5330652999999996;7.261614;stairsup;
-6.1770406;-0.90979666;8.599973;walk;
-4.341919;-2.3980865000000002;9.171997;bike;
-1.3443443000000002;-0.0023942017;9.336189;stand;
8.039581;-0.11531067;6.2679443;sit;
-5.841851999999999;-0.5650316;8.6095495;walk;
-0.32561144;-1.4341268999999999;8.479065;walk;
-4.9225616;0.83132935;9.038497999999999;bike;
4.1441040000000005;0.2834015;9.589752;sit;
-0.35434186;-2.0015526;3.6487634;stairsdown;
8.887166;0.9193620000000001;4.290356;sit;
-1.2306197;2.7377696;7.231686;walk;
-5.010635400000001;0.35406494;12.338882;stairsup;
-3.776853;0.36511576;5.8741736;stairsdown;
4.5203705;0.8003845;8.654067999999999;sit;
7.5397034;0.006088257;6.974914599999999;null;
3.8038788;-0.5492859;8.949233999999999;sit;
-2.9648743;0.46311949999999996;8.375763000000001;null;
-0.03565979;-0.37670898;10.861862;bike;
-4.290356;0.9193620000000001;8.580712;stand;
-2.3446198;-0.007751465;8.981369;stairsdown;
-2.758086;-0.612908;9.346847;stand;
-5.0541596;2.291251;7.803900200000001;stand;
-0.4428710999999999;-0.17481995;10.191986;stand;
4.2425256;1.685518;8.63828;sit;
-2.8203697;2.1942859;8.759186999999999;walk;
-5.204803500000001;-2.5694733;9.460022;stairsup;
-4.0797195;1.8962077000000002;4.223372;stairsdown;
-2.1198425;-1.919632;9.333862;bike;
2.758086;0.612908;9.500074;stand;
-5.6749268;0.41670227;9.3993225;walk;
0.886734;1.8513183999999998;6.99852;bike;
0.81889343;1.6965941999999998;12.856613000000001;null;
3.8098297;-0.46954346;8.930191;sit;
-6.5122285;0.5650316;7.28795;stand;
-2.8018188;0.55119324;9.808746000000001;null;
0.44651863;3.6056678;7.155071700000001;bike;
7.66135;3.06454;9.500074;stairsup;
7.6710224;0.1436521;5.6790465999999995;sit;
-0.37349546;-0.009576807;9.80665;stand;
-1.379043;-0.612908;11.185571000000001;walk;
-0.31603462;-1.3982137;5.707777;walk;
-5.592855;3.1794999;13.43626;walk;
-4.750037;1.685497;8.580712;stairsup;
6.12908;-2.9113130000000003;9.653300999999999;stairsup;
0.9193620000000001;1.225816;9.959755;sit;
3.217767;0.766135;9.500074;stand;
-3.4093432;0.92895025;10.055647;null;
-2.6185303;2.1234283;11.688049000000001;walk;
0.71772766;-1.2276917;11.347458;walk;
-1.3718776000000001;5.130774;8.506598;bike;
-6.253655;2.0015526;5.93762;null;
-2.1720428;1.1181641000000002;13.013717999999999;stairsdown;
-5.8801594;0.038307227;8.561666;walk;
-0.7880249;0.50120544;10.6502075;stairsup;
-3.524221;3.6774480000000005;19.45983;stairsdown;
-1.6186066000000001;1.5228271;9.446732;stand;
-6.272808599999999;1.9823990000000002;8.935161;stairsdown;
-2.167282;-0.01965332;9.158707000000001;stairsup;
-1.379043;0.612908;10.72589;bike;
-5.391742;1.6376339;9.107543;stairsdown;
-1.1377716;-0.8135071;7.0675507;walk;
-0.9675751;0.47903442;9.101578;stairsup;
-2.6340027000000004;-0.30812073;9.876586999999999;stand;
4.5394063;1.292869;8.226477000000001;sit;
1.9958191000000003;-0.36405945;10.195557;bike;
-1.6483612;-0.12081909;9.925186;walk;
-5.1906295;1.1971009;7.776367;stand;
-4.7022123;1.1863270000000001;8.202535000000001;stand;
-0.46412659999999994;1.5454407;12.4995575;walk;
-3.43721;-0.6885376;9.733566;stairsup;
1.5794219999999999;-1.8692017;13.492172;bike;
0.6177521;2.598755;9.835922;bike;
5.056491;0.9193620000000001;8.580712;sit;
-2.1744232000000006;-1.7275696;12.64595;walk;
-3.5705108999999995;-2.9665527000000003;12.054428;null;
-0.9189453000000002;-0.83418274;13.87323;stairsup;
9.13829;0.43142700000000006;3.6124419999999997;sit;
-1.1758575;-1.4395447000000001;8.064926;stairsdown;
-0.9193620000000001;0.612908;7.967803999999999;bike;
-1.4019928;1.0193787;9.5359955;stand;
-2.3822308;0.45968673;6.587646;walk;
-2.5797524;-3.0621839;12.542026;walk;
-1.385498;1.3926544;9.967041;stand;
-0.8092804;0.3826294;11.750931;bike;
-3.6774480000000005;0.153227;9.19362;walk;
-3.0741549999999997;0.61291564;8.465898;null;
7.8050976;0.10534488;5.66947;sit;
-4.290356;2.145178;10.572663;walk;
-8.005142;1.9953308;10.632156;null;
-0.9864110999999999;1.6472107;8.159439;bike;
3.9839019999999996;0.766135;8.887166;null;
-1.1699066;-0.46121216;4.9859160000000005;walk;
7.840820299999999;-0.27598572;6.546447799999999;sit;
-1.0630256;-3.1854854;8.913613;bike;
-2.539978;-0.6294708000000001;9.76709;stairsup;
0.6532898;-1.4233246000000002;11.7725525;walk;
4.5298295;1.685518;8.504205;sit;
-2.432509;0.8619126;10.151415;bike;
-1.5131354;-0.22984336;7.9104424;stairsdown;
-1.3694833999999998;1.9153613999999999;6.8665705;walk;
-0.7033539000000001;-0.671875;9.75737;stand;
-0.80332947;-0.5659485;9.616928;stand;
0.076614454;0.30645782;8.992621;null;
5.405700700000001;0.6880646;8.720917;sit;
-5.902084400000001;0.9432068000000001;11.661667;stairsdown;
3.1148564999999997;0.30765492;5.6323595;null;
4.43808;1.5414276000000002;9.108917;sit;
-3.0933087;-1.6759412;13.512875;stairsup;
-1.8068237;0.065597534;8.762573;stairsdown;
-2.6910827;2.3654714;8.331821000000001;bike;
3.8307227999999998;0.5746084;8.916007;sit;
-1.1034241000000002;-0.38072205;5.5014650000000005;walk;
1.1866608;-1.9406128;11.74617;walk;
7.996734599999999;-0.28788757;6.375061;sit;
3.916914;0.1436521;8.6574335;sit;
-2.0207062;1.7525556;8.197746;stairsup;
0.39739990000000003;-0.48902893;10.257446;sit;
-0.45370123;2.4768016;8.196549000000001;stairsdown;
-2.451632;1.072589;3.9839019999999996;stairsdown;
-9.140747;-2.4468842;7.678314;null;
-5.7425995;-0.48739624;8.692153999999999;bike;
0.9193620000000001;-1.072589;5.209718;walk;
-2.1315765;-0.48739624;9.521713;stand;
4.460861;0.8253784;8.696914999999999;sit;
-4.759673;-1.3503298000000001;6.6941880000000005;stairsup;
-1.2545617;-0.26815059999999996;9.969456;null;
-2.1579285;-0.33311462;12.869904;stairsdown;
-0.52073884;0.37110126;9.460688000000001;null;
-4.3954773000000005;-0.32359314;7.133209;walk;
0.13793945;-0.43785095;14.279082999999998;stairsup;
-0.32561144;1.9440918000000003;9.998186;bike;
-3.2944214;1.8100165000000001;8.916007;stairsup;
-1.53227;-0.45968100000000006;8.274258;bike;
-0.80445176;7.642291999999999;12.296619999999999;stairsup;
-1.6364368;0.41180268;6.9491705999999995;walk;
-1.6950948000000001;-1.292869;4.855441000000001;null;
-2.4468741;-0.80205756;9.41879;bike;
-5.362945;-1.225816;7.814577000000001;stairsup;
-4.372864;-0.46998596;8.498352;bike;
-2.145178;-1.9919509999999998;9.500074;bike;
-2.145178;0.766135;5.056491;walk;
-2.8538885;-1.2066777;11.741164999999999;bike;
7.354896000000001;-0.153227;6.895214999999999;sit;
-3.4763808;1.3982137;10.275913000000001;walk;
1.6472107;-1.1971009;8.734048;bike;
1.8387240000000002;-0.306454;9.806528;sit;
-4.4119720000000004;-1.2991028;8.148239;stairsup;
-0.6607997;0.12449849;9.394848;null;
-0.05746084;-1.292869;8.676587;bike;
-3.1890767;-1.283292;11.702858;bike;
5.3821654;0.842759;8.149861999999999;sit;
-5.1976624000000005;-1.5054473999999998;8.819702000000001;bike;
-5.7939680000000005;5.2768207;13.828909;walk;
-5.355789;1.1217346000000001;9.993027;bike;
5.8478374;-0.51475334;7.48188;null;
3.1028854999999997;1.5119383;8.804677;sit;
-5.7189635999999995;2.8958588;10.671631;walk;
-2.7088165;-0.54452515;9.362228;stand;
-5.1570279999999995;-2.6297302000000005;9.378891000000001;walk;
3.9073372;0.22984336;8.925583999999999;sit;
-2.9017725;-0.30645782;12.794614;walk;
-4.371673599999999;0.31196594;6.902313;walk;
-2.327164;1.7238252;8.973467999999999;stand;
0.26815059999999996;-0.48841715;9.509769;sit;
-4.9405823;-2.6587372000000005;13.941070999999999;walk;
-5.7510986;0.43574524;8.254364;null;
-4.8745947;-1.13964;7.086836999999999;walk;
-5.592855;1.7429788;7.6231384;walk;
0.07485962;-0.28074646;10.840637;null;
-4.997543299999999;-0.49334717;7.819748;walk;
0.24760437;-0.73257446;9.690719999999999;bike;
-4.2679596;-0.58618164;5.852371;stairsdown;
-0.9689331;0.97966003;10.136047;bike;
-2.5316467;-0.97224426;9.463593;bike;
-6.0681043;-5.033809;10.216059;walk;
-0.612908;-0.9193620000000001;9.806528;stand;
-1.072589;0.306454;7.967803999999999;stairsup;
-1.4137761999999998;1.1947067;7.728483;walk;
0.96528625;-0.81588745;9.6514435;bike;
0.7673416999999999;1.1671733999999998;9.470264;sit;
-5.209718;-1.379043;8.274258;stairsup;
-2.9400797;-0.31603462;9.011775;stand;
-4.8722005;0.78170687;7.955932000000001;stairsup;
-2.8516388;0.5694885000000001;8.107773;null;
-2.298405;0.306454;9.806528;stand;
-5.0058746;1.8596496999999999;5.1930084;stairsup;
-0.5975951999999999;-1.4745026;10.002747;sit;
9.346847;0.45968100000000006;4.750037;sit;
3.241749;0.48123455;8.819042;sit;
-3.0672302000000005;-0.43190002;11.271484;bike;
-3.370994;-0.45968100000000006;9.806528;walk;
0.37349546;2.6048915;12.976573;walk;
6.588761;0.306454;8.887166;bike;
-1.9919509999999998;-0.612908;9.806528;stand;
-5.049911499999999;-1.1717528999999998;7.643600500000001;walk;
-1.3162994;-0.41003418;9.256302;null;
-6.5230026;5.652710400000001;12.674904;null;
-11.387817;1.4747772;10.218169999999999;stairsup;
-2.6064606;-0.31005859999999996;6.376053;walk;
-3.4504699999999997;-0.34620667;7.728302;walk;
-4.999093;5.1235914000000005;8.580819;stairsdown;
-7.2505646;-5.413574;12.772110000000001;stairsdown;
-2.28154;1.9120177999999999;8.268448;walk;
-3.0454244999999998;3.5051112;8.197746;stairsdown;
-2.583847;-0.71710205;9.446732;stand;
-2.5953147;-0.842759;9.375694000000001;stand;
-4.0049286;1.3204956;9.720474000000001;stairsdown;
-1.730484;-0.22674560000000002;9.649063;stand;
-1.0937347;2.1155396;13.072037;walk;
-3.51474;0.7440033;8.833984;stairsup;
-1.352005;-0.4588318;9.432449;bike;
-3.3659668;1.3890839;11.815399000000001;stairsdown;
3.524221;0.0;9.500074;sit;
-0.61291564;-0.095768064;10.553641;walk;
9.211691;0.8822633;3.5709519999999997;sit;
-2.1972046;-0.065322876;9.552856;walk;
2.541092;0.9086914;9.464584;null;
-1.685497;0.612908;6.895214999999999;null;
-2.339859;0.46951294;10.433394999999999;walk;
-1.072589;-0.153227;9.806528;stand;
-1.5961608999999999;-2.118393;11.3940735;bike;
0.17602539;2.620926;10.527617999999999;stairsdown;
4.336914;1.4950104;9.202942;sit;
-0.5554548;-1.6280571000000001;9.260772;sit;
-3.0190883;2.6288335;8.595184;null;
6.1064115;0.5434838000000001;8.152257;stairsdown;
-5.104438;2.1930888;7.728483;null;
0.38804626;1.6954040000000001;9.976364;bike;
-2.27928;0.25857377;7.5561004;null;
7.7201033;-0.15801731;5.765238;sit;
3.830675;-0.45968100000000006;9.500074;sit;
-1.379043;-0.45968100000000006;7.66135;walk;
-12.643463;0.04298401;10.791839999999999;stairsup;
-1.225816;1.8387240000000002;9.500074;stand;
3.9839019999999996;-0.45968100000000006;9.500074;sit;
-5.24527;4.0693817;11.569030999999999;walk;
-1.9234619;1.2212677;7.730682400000001;walk;
-2.6048915;-1.0151415000000001;5.975927400000001;walk;
-1.5662383999999998;-1.1503296;8.762375;stairsdown;
0.42477417;-0.5580596999999999;10.212219000000001;sit;
-2.145178;1.072589;10.419436;bike;
3.1735144;0.5446809;8.850166;sit;
-5.410896;1.8004397;7.8050976;stand;
2.291153;-0.2922058;9.860916;null;
-2.8982238999999996;1.3486176;5.6073914;walk;
-1.9363861;-1.4276427999999999;9.280106;bike;
-7.201669;-0.766135;8.580712;walk;
0.6512229;1.2066777;8.283937;bike;
5.394989;0.7047272;8.670929;sit;
-1.8387240000000002;1.53227;9.040393;bike;
-8.175339;-4.0436707;8.338669;walk;
-4.213794999999999;0.30645782;8.485051;walk;
-3.169923;1.541866;9.040505;null;
-1.8519150000000002;-0.32202014;13.06875;null;
-5.380968;2.4899697;9.024942999999999;stairsdown;
-4.805162999999999;1.9835961;9.7324295;walk;
-0.21061707;-0.9682312;9.2217865;bike;
-1.685497;0.0;10.879116999999999;walk;
-5.8653564000000005;3.564743;8.03537;stairsdown;
-0.64282227;0.29411316;7.311737;stairsdown;
-0.4129486;-0.51119995;9.084914999999999;null;
0.5344391;-0.7290039;9.801407000000001;sit;
-0.8714894;-1.8579005000000002;8.305486;stairsdown;
-1.8673553;0.71707153;10.857101;walk;
-6.996032700000001;-5.3330839999999995;4.7671204000000005;null;
-4.5573425;2.9934540000000003;5.66214;stairsdown;
-5.1393433;-0.82347107;8.404327;bike;
-5.424988;1.3010101;10.393127;stairsdown;
9.323791499999999;0.68211365;3.4353027000000003;sit;
7.959839;-0.12364197;6.5226440000000006;sit;
1.53227;0.612908;9.959755;sit;
0.4213795;-0.29688102;11.501745;walk;
-5.920105;-0.7449188;6.859466599999999;stairsup;
-1.9345150000000002;-0.21068975;5.707777;walk;
1.6567876;1.6472107;9.417591999999999;bike;
-1.7281036;0.7015991;12.417435000000001;walk;
-0.766135;1.225816;9.806528;walk;
-1.8100165000000001;1.3982137;10.362105;bike;
-4.0270470000000005;-0.5255273;10.763133999999999;bike;
-1.2377472;0.32073975;9.713333;null;
-0.28338623;-0.36763;9.939667;bike;
3.9062347;-0.033935547;9.076584;sit;
7.785944000000001;0.038307227;5.7365074;sit;
-4.6585083;0.99632263;4.041107;stairsdown;
-9.101303;0.10531616;13.640945;stairsdown;
-2.087744;1.8195933000000002;9.097966;stand;
-2.0341492;1.7520904999999998;9.787322999999999;stand;
6.030994000000001;-0.8559271;7.353790299999999;stand;
-1.6352692;-0.22436523;9.580032000000001;stand;
-5.142745;-2.3080103;8.303091;null;
-2.4133554;-0.21068975;9.605537;bike;
-9.375694000000001;7.8146744;11.635819999999999;stairsup;
-1.8770541;3.2752678;9.586383999999999;null;
4.903264;0.612908;8.733939;sit;
4.2869263;0.45716858;9.287445;sit;
-0.8356323;0.69044495;9.587372;bike;
-2.758086;-0.766135;8.274258;stairsup;
-2.145178;-0.153227;7.048442;stairsup;
-1.6271057;0.18580627;10.093200999999999;stand;
-3.830675;-2.9113130000000003;16.548515;stairsdown;
-1.6567876;-0.46926352;9.605537;bike;
0.20111294;-0.2777274;9.749189;sit;
-6.2888947;0.30288696;7.450790400000001;stand;
-3.5613751000000002;0.30286652;8.786719999999999;stand;
1.9249381999999997;-2.825158;9.998186;bike;
-5.2571715999999995;-0.25694275;9.12677;bike;
-2.298405;0.306454;9.806528;stand;
-2.1399077999999996;2.0560303;8.520767;bike;
-2.2626647999999996;-0.4997406;6.829712;stairsdown;
-7.699753;0.1436521;14.202404000000001;stairsdown;
-10.572663;0.153227;9.653300999999999;walk;
0.25857377;-0.32561144;9.730036;sit;
-2.4037786;0.25857377;12.50731;stairsup;
-0.94496155;-0.84207153;6.337967;stairsdown;
6.191406;-0.92895025;7.169436999999999;stand;
-0.38319397;-1.8572998;10.252487;bike;
-3.3506854;3.5889084;7.350199000000001;null;
-1.8387240000000002;-1.53227;8.274258;stairsup;
-0.6895300999999999;-0.7182605;10.831368;walk;
0.35098267;-0.5259246999999999;10.268158;sit;
-2.3642743;0.51116204;9.172187;stand;
9.408014999999999;-3.0550013;10.189722;walk;
-2.6707306;0.87298584;10.019211;stairsdown;
-2.882619;0.23942018;13.311762;stairsdown;
-3.9839019999999996;2.145178;6.741988;stairsdown;
-2.4519043;-1.1507721000000002;9.733765;stand;
0.55229187;2.2167053;7.2294160000000005;bike;
-4.2042184;-1.9919758;13.292608;stairsup;
-3.0657754;-0.7194576;13.906720000000002;null;
6.0908489999999995;-0.81043726;7.328651400000001;stand;
-3.9406586000000003;1.2074280000000002;4.7240753;stairsdown;
0.306454;1.072589;9.653300999999999;null;
4.101257299999999;-0.004623413;9.506439;sit;
-8.801376;-0.39456177;11.948502000000001;stairsdown;
-0.94690675;0.18195933;7.309498;stairsdown;
0.28926086;-0.6778259;9.824019999999999;sit;
1.3782806;1.6930237000000001;11.672379;null;
-2.0841369999999997;0.9570465;7.9746704;walk;
-1.53227;-1.379043;13.790429999999999;walk;
3.8881836000000005;0.40222588;8.676587;sit;
-1.2258313;1.1971009;9.749189;bike;
-5.052292;1.0312805;7.7471466;stairsup;
-2.3319526;1.6136919;9.093178;bike;
-2.9327392999999997;-1.8160858;10.574036;null;
-0.7164459;-2.076294;9.637161;sit;
-1.379043;4.443583;14.250110999999999;walk;
1.2354081000000001;0.58418524;9.548077000000001;sit;
7.995712299999999;-0.8027954;5.836899;sit;
-6.421005200000001;-0.06964111;8.381515499999999;walk;
-1.4829253999999998;-0.06488037;12.873275999999999;null;
-7.5273699999999995;2.6431987;7.5369470000000005;stairsup;
-2.0246277;1.7211456000000003;9.83255;stand;
-4.570531;0.90381116;4.516661599999999;stairsup;
-0.13699341;1.1248627;7.441467299999999;stairsdown;
-0.41180268;0.8619126;9.883265;bike;
-4.8458643;0.50757074;8.446744;stand;
3.1136593999999995;0.45848963;8.872911;sit;
-2.298405;0.612908;8.121031;walk;
-2.5052947999999997;-1.2979126;8.272018;stairsup;
-2.7868507;-0.12449849;9.308656;stand;
-4.309784;1.2212677;7.708069;bike;
5.209718;0.153227;8.733939;sit;
-0.45968100000000006;-0.306454;11.032344;stairsdown;
-4.59681;-0.9193620000000001;12.717841;null;
-1.225816;1.072589;9.653300999999999;stand;
-0.153227;1.225816;7.814577000000001;null;
-1.9931729;3.752911;4.712986;stairsup;
-2.1803741000000003;-2.5333252;9.640732;null;
-0.545878;1.6567876;6.7133417;stairsdown;
-0.5554548;0.16280572;5.410896;stairsdown;
1.436521;0.62249243;9.337387;sit;
-1.0415344000000002;-0.6413727;4.7111816;null;
9.452309;0.61291564;3.2752678;sit;
-1.8100165000000001;1.4748282;9.155427;stand;
-4.4714813;-2.7927855999999998;10.307236;walk;
-2.145178;0.153227;9.806528;stand;
-0.79992676;-0.11412048;10.205078;bike;
-3.9860535;2.7816009999999998;3.8744812000000004;stairsup;
3.3925837999999997;0.25617957;8.771158;sit;
-2.668518;-0.07722473;10.565704;null;
-3.7395172;0.8015747;7.417464999999999;walk;
5.056491;0.766135;8.733939;sit;
7.353790299999999;-0.33039984;6.1303535;sit;
4.05484;-0.23551941;9.507629;sit;
-2.5366566;1.9141643;8.959103;stand;
-1.5757598999999998;1.8441772;10.436966;stairsup;
9.209534;1.0677338;3.6304932;sit;
-1.7959441999999999;-0.27554320000000004;9.959702;stairsdown;
-3.656372;-2.5575714;9.870636;bike;
1.379043;0.45968100000000006;9.959755;sit;
0.2690277;-0.74209595;9.835922;sit;
-4.3287168;0.51714754;8.1402855;bike;
-5.201065;-2.0108337;10.826157;stairsdown;
4.3988037;0.09416199;14.382629000000001;walk;
-1.6211548;0.17509460000000002;13.304321;bike;
-1.6089035;-0.641646;5.5545480000000005;walk;
-3.524221;-0.153227;11.492025;bike;
7.520187400000001;-0.20709845;5.9244523000000004;sit;
-5.329605;1.406189;7.736435;null;
-5.734113;1.0881646999999999;10.81461;stairsup;
-5.755661;5.142745;8.868122999999999;walk;
-0.5267244000000001;2.882619;10.831368;stairsup;
1.53227;0.766135;9.959755;sit;
7.201669;-0.45968100000000006;7.048442;null;
-3.6774480000000005;-1.072589;8.274258;stairsdown;
-13.951476999999999;0.7844696;8.649506;stairsdown;
1.6759412;0.6799533;9.270349000000001;sit;
-7.127975500000001;-0.20770264;6.933059700000001;stairsup;
-1.685497;0.45968100000000006;8.274258;stairsup;
-0.31552124;-0.18315125;10.172943;stand;
-5.026108;-1.1777038999999998;13.92659;null;
-3.7349242999999994;-0.53782654;13.23291;walk;
-4.137129;0.0;5.362945;stairsup;
-3.0041504;0.6618805;7.070129400000001;stairsup;
-4.2286835;0.6611328000000001;9.003983;stand;
-4.419281;-1.5590057;6.6726074;stairsup;
6.805517999999999;-0.053869538;8.285135;bike;
-5.669398999999999;0.612908;5.362945;stairsdown;
-3.830675;1.8387240000000002;7.354896000000001;stairsdown;
-1.7388153000000002;0.123168945;7.863785000000001;null;
2.3894134;-2.8167782000000003;8.8777;bike;
-1.9919509999999998;-1.53227;10.419436;bike;
-4.367024;1.1875241;4.0701427;stairsup;
-2.3558946;1.3982137;9.404425;stairsup;
-1.0546265;-2.3540497000000005;15.758484;stairsdown;
8.053864;-0.4497528;6.463135;sit;
-2.2590942000000003;-1.0662688999999999;7.2760315;walk;
-2.6909637;-1.3740845;9.400314;stand;
-2.3942018;1.9728221999999997;9.289502;stand;
-3.9539185;-0.68659973;7.9758606;walk;
0.44381714;-0.52949524;10.201508;sit;
-10.180145;3.8402996;10.208876;stairsup;
-1.9728221999999997;0.81402856;1.4077905000000002;null;
-0.45968100000000006;-0.45968100000000006;10.112982;bike;
-6.0724487;0.70591736;8.138916;null;
-0.6166381999999999;-0.9532013;10.109863;bike;
-4.83509;-2.4073699;9.702502;null;
-4.734534;-2.1775265;8.028955;stairsup;
0.5011139;0.41000366;9.9478;bike;
3.9776459;-0.04107666;9.068253;sit;
-5.516172;-3.06454;6.12908;walk;
3.6774480000000005;-0.153227;9.500074;sit;
-2.513626;-1.7966003000000001;10.098953;stairsup;
-8.818039;-2.5797423999999998;10.043014999999999;walk;
-2.298405;1.225816;16.088835;stairsdown;
5.203537;0.17315674;8.198227000000001;sit;
-9.059659;0.36391866;9.519346;null;
-3.2561142000000003;-0.5267244000000001;11.492168;stairsdown;
-0.8106384;0.77375793;10.194366;null;
0.84729004;0.4297943;7.5009766;walk;
-2.135628;0.5758055000000001;9.194932000000001;stand;
-3.8019924;3.0454244999999998;11.042058;stairsdown;
6.2093620000000005;-0.712275;7.253234;stand;
1.8387240000000002;-0.306454;9.959755;sit;
9.011775;1.2066777;3.4189199999999995;sit;
-3.370994;1.8387240000000002;9.19362;bike;
-8.6740265;3.6842040000000003;5.1215972999999995;stairsup;
0.9193620000000001;0.9193620000000001;11.032344;bike;
-2.7198130000000003;-1.3503298000000001;6.301539;walk;
-2.0996094;-0.33906555;10.172943;stand;
-1.19133;0.17910767;9.440781;stand;
-5.4168816;0.9828198;9.816227;stairsdown;
-1.685497;-1.072589;8.121031;bike;
5.9507885;-0.7038953;7.431602000000001;stand;
-1.8304596000000002;-4.1722107;12.749496;walk;
4.137129;-0.9193620000000001;6.895214999999999;walk;
-2.9182892000000002;-0.20770264;9.290817;stand;
-5.2581940000000005;-0.5159607;12.181778;stairsdown;
-3.524221;-0.612908;13.790429999999999;stairsdown;
-1.2986145;-0.08317566;10.266967999999999;stand;
-1.685497;1.379043;9.500074;stand;
-4.453215;-1.9440918000000003;10.745177;walk;
-0.9330596999999999;-0.45526123;9.846634;stand;
-4.9919105;0.9876082;7.1431007;null;
-6.2865142999999994;-3.2010193;11.070145;walk;
-4.137129;-0.153227;8.121031;stairsup;
8.887166;0.9193620000000001;4.443583;sit;
-5.464096;0.18981934;9.524094;walk;
-3.0956268;-1.6823424999999999;7.327011;stairsup;
1.2449799;-1.3300476;13.696883999999999;walk;
-4.644226000000001;-2.3766632000000003;8.9565735;walk;
-3.830675;-0.766135;9.346847;stairsup;
0.7110779;1.3742718;9.404425;sit;
-3.9791632000000003;-0.6548142;6.503849;walk;
-0.7661445;0.19153613;13.733141;walk;
-4.511947599999999;0.71469116;8.762375;stand;
-0.24887085;-0.31169128;10.187225;stand;
-10.610626;2.0901031000000003;12.802063;null;
-0.5283966;-0.33267212;9.69191;bike;
0.33518824;1.8195933000000002;7.920019;bike;
-1.3460541000000001;-0.40289307;11.727127000000001;null;
-2.2601264;3.9456443999999995;11.453861;walk;
-7.7813873;-0.5219116;8.9897;stairsup;
-1.5854492;-1.1817169;9.163666000000001;stairsdown;
5.0086699999999995;0.78529817;7.996633500000001;sit;
2.758086;-0.612908;9.959755;null;
0.641646;1.9728221999999997;6.6367273;bike;
-5.836792;2.7209015;14.0946045;walk;
-2.604859;0.0;9.19362;bike;
-2.315033;0.7606659;7.4343259999999995;walk;
-2.3463178;1.0726023999999998;5.066130599999999;walk;
-0.84617615;-2.704712;12.037765499999999;stairsup;
-2.8083985;2.2218192;6.053739;null;
3.0731048999999997;0.005340576;9.364609;null;
2.51474;-2.4242706000000003;12.519989;bike;
-6.1195793;1.2641385;7.125144500000001;null;
-1.1683705;-0.91937345;9.883265;null;
-1.1353912;-0.07321167;9.187271;bike;
-5.464264;-2.4671173;11.43335;null;
3.7657928;-0.07559204;8.92305;sit;
-5.771164;-0.34695435;8.576706;bike;
-5.8226260000000005;0.9193620000000001;7.814577000000001;stairsdown;
1.353921;0.22864626;9.378088;sit;
0.79389954;0.45880127;7.2139435;walk;
-4.185065;0.7757214;9.787497;walk;
1.6136919;-0.12090719;9.339781;sit;
-1.8614043999999998;1.4145203000000002;9.50029;stand;
-1.8996581999999997;0.9582367;5.651428;null;
0.0010681152;1.8663483;9.871825999999999;bike;
-2.432509;2.8060042999999997;7.881711999999999;bike;
1.225816;1.8387240000000002;11.185571000000001;null;
4.936844000000001;-1.7178397;8.426393;bike;
-3.524221;2.9113130000000003;12.411387;stairsup;
-4.314351599999999;0.1592144;10.183736999999999;walk;
3.2288513;3.9217987;27.183075;stairsdown;
-3.370994;-1.379043;9.653300999999999;stairsup;
1.6425018;0.24456787;9.749039;sit;
-2.1589508;-0.5492859;12.017532000000001;stairsdown;
-2.4061728;0.5614403;9.123106;stand;
-2.834735;-0.019153614;10.381259;null;
-5.9270781999999995;0.6456604;6.823562599999999;walk;
-2.8421173;-0.26959229999999995;9.356277;stand;
-6.5330505;3.8670502;13.072235000000001;walk;
-9.47995;-4.845108;9.750427;stairsup;
-1.7864227;2.1524353;9.264633;bike;
-3.0432587000000004;0.598053;7.5626679999999995;stairsdown;
-5.659893;-1.9440918000000003;12.852075;walk;
-6.2210540000000005;0.34573364;7.648361;stand;
-1.1891174;0.49882507;12.771118;stairsdown;
-6.7937009999999995;-0.34144592;9.57428;walk;
-2.2984335;1.6376339;9.289502;stand;
0.19153613;3.0933087;7.642291999999999;bike;
-1.2972565;0.10769653;7.700729400000001;stairsdown;
6.2512608;-0.7505821999999999;7.241263000000001;stand;
5.471161;0.6797333000000001;8.67569;sit;
-2.8339539;0.1429596;9.789703;stand;
4.752289;1.5926056;9.176758;sit;
1.5768738000000002;0.61546326;10.137238;sit;
-2.4648285;0.054138184000000006;9.50267;null;
-2.9592332999999997;-0.46926352;6.1100025;stairsup;
-0.9193620000000001;1.225816;11.338797999999999;bike;
-4.3978577;1.0058440999999998;9.19104;stand;
4.7072296;0.8658447;8.579086;sit;
4.870117;1.5795135;8.941101;null;
-3.7445314;-1.4652513999999999;11.530476;stairsup;
1.6950948000000001;0.019153614;10.314221;bike;
-3.830675;-2.9113130000000003;11.645252000000001;walk;
-6.011581400000001;1.1264954;7.556717;stand;
7.814577000000001;-2.604859;8.427485;bike;
-1.7896657999999999;-0.48003745;4.331111;walk;
-0.52482605;2.1155396;9.496719;null;
6.4787097000000005;-0.12689269;8.488642;walk;
3.06454;0.9193620000000001;9.653300999999999;stand;
-3.217767;4.750037;9.653300999999999;stairsup;
-2.1149139999999997;1.3657226999999998;9.318192;null;
-4.1180267;1.7238252;9.165004;stairsup;
-1.9258422999999998;0.35481262;11.417877;null;
-2.8861542;-1.3359985;9.472916;stand;
4.903264;-0.45968100000000006;8.427485;bike;
-0.4309563;0.89064306;11.3964;walk;
-5.965164;-2.0560608;2.6650543;stairsdown;
-3.0398560000000003;0.50239563;10.258636;bike;
-2.7922974;0.022750853999999997;9.858734;stand;
-0.929657;2.51857;6.963012700000001;walk;
-3.5788422;0.5623474;7.935196;walk;
-0.61528015;1.7192078000000002;9.506241000000001;stand;
-3.4703953000000003;0.3854665;8.797494;stand;
1.2436218;1.3414764;8.561432;bike;
-2.6719291000000003;0.18195933;9.375694000000001;stand;
-3.4407806000000005;-0.5957031;6.0416107000000006;null;
-3.0291443;0.92967224;8.6744995;null;
-2.6399536;0.5107269;5.7311707;stairsup;
3.370994;0.612908;9.500074;sit;
1.8387240000000002;0.766135;13.790429999999999;null;
0.38923645;-0.7718505999999999;9.790695;sit;
-3.7732617999999993;3.122039;9.155427;walk;
-0.7374141;2.27928;9.442732000000001;stand;
-3.06454;0.306454;9.653300999999999;stand;
-11.722012;-2.4420857000000002;9.126697;walk;
-3.641922;-0.9111023000000001;3.5529327000000004;stairsdown;
-7.0315704;1.0110474;9.211075;stairsdown;
-3.830675;-1.379043;7.967803999999999;bike;
-2.9113130000000003;2.758086;14.250110999999999;walk;
-7.508122999999999;-5.209718;9.806528;null;
0.153227;2.9113130000000003;8.580712;bike;
-1.541866;0.89064306;9.749189;null;
-4.232949;-0.21068975;3.9839516;stairsdown;
-2.5542602999999997;-1.1329193000000002;9.6813965;stand;
-0.5845031999999999;1.8651581000000002;9.980133;stand;
9.11712;1.292869;3.122039;sit;
-1.9919509999999998;0.153227;3.524221;null;
-1.9728221999999997;4.4819455;14.470555;stairsdown;
-6.1483099999999995;0.92895025;7.28795;walk;
-6.240265;0.42622375;7.929443400000001;null;
-0.014404297;-0.08555603;9.483825999999999;stairsup;
1.6172832000000001;0.29688102;9.329007;sit;
-0.9864110999999999;-2.135628;14.757859;stairsdown;
-2.145178;1.072589;7.048442;walk;
-4.4520183;1.4951789;8.463503;stand;
-4.452605999999999;0.7178191999999999;9.113678;stand;
0.50757074;0.48841715;9.921572;bike;
1.3311761999999998;1.7429788;10.189722;bike;
-0.51071167;-0.14149475;10.191986;stand;
1.4996796000000001;-0.045837402;9.793076;sit;
-5.9211273;-1.1907959;10.093002;stairsup;
-7.223190299999999;-3.0224915;10.334610000000001;walk;
5.191635;0.19696045;8.202988000000001;sit;
-4.6477965999999995;-1.8898773000000002;8.141296;walk;
-2.3403322999999996;0.42377370000000003;9.126697;stand;
-0.13087463;-2.2226868;9.545517;bike;
2.1547816;-2.3463178;7.489063000000001;bike;
-2.3614502;-1.5209198;10.8573;stand;
-1.7913512999999999;-0.033187866;10.616882;walk;
-1.8554535;-2.5273743;7.2317963;null;
-1.4616699;0.08106995;10.134857;stand;
-4.6495394999999995;0.712275;8.492233;stairsup;
1.6567876;0.4405331;9.299078999999999;sit;
-0.8104706;0.47903442;9.678818;null;
-3.7732617999999993;-0.29688102;9.097966;null;
-1.1784058000000002;0.076309204;10.0277405;stand;
-6.2632318;1.436521;9.816227;stairsdown;
-1.8291701;0.076614454;9.308656;stand;
-6.304367;-0.21246338;6.2391815;null;
-4.5476529999999995;0.026763916000000002;11.052292;stairsdown;
-1.072589;1.9919509999999998;9.806528;stand;
9.879673;-2.0841526999999997;7.546523599999999;stairsup;
-5.653503400000001;-0.15577698;6.841614;stairsup;
1.072589;-0.9193620000000001;9.653300999999999;null;
-1.9919509999999998;-0.612908;13.177522;walk;
-3.156755;0.36750996;8.971074;stand;
-3.06454;-0.306454;3.06454;null;
-7.430405;0.93373865;11.086350999999999;walk;
-2.2541656000000003;-0.39932249999999997;6.948532000000001;walk;
-5.669398999999999;0.306454;7.814577000000001;stand;
0.89030457;1.1003113000000002;10.019211;null;
-3.6990415999999997;0.29328972;8.743625;stand;
-6.917480499999999;-3.1550446;11.466675;walk;
-2.9159088;-0.47430420000000006;10.516708;null;
-2.2385786;0.47285482;9.179369;stand;
0.9193620000000001;1.225816;9.806528;sit;
0.35591125;-0.7313843000000001;9.829971;sit;
-3.1636352999999997;-0.25813293;8.845886;null;
-0.72953796;0.8991699000000001;8.823074;stairsdown;
0.70509243;1.22224;9.314642;sit;
-2.2625206;2.3032220000000003;7.782352400000001;bike;
9.346847;0.153227;4.290356;sit;
-0.8331822;-0.23942018;9.519346;stand;
-6.732495299999999;1.0821792;6.5122285;stairsup;
3.0195465;-2.6261597;14.188431;walk;
-2.269806;-1.13768;4.7052307;bike;
-5.3964233;1.659256;13.123413000000001;stairsdown;
-5.5176544000000005;3.2759705;8.808792;walk;
-5.066130599999999;3.1986535;7.0485296;stairsup;
-6.4164605;0.20111294;7.3645644;stand;
-2.6375732000000003;-0.99723816;10.050353999999999;stand;
-1.1875241;-1.2449848999999997;9.279925;stairsup;
-4.673482;-1.7429788;9.442732000000001;null;
0.46405029999999997;-0.5068817;10.293152000000001;null;
0.9768343;-3.5434184;7.967903;bike;
-4.201477;0.45240784;9.1684265;stand;
-1.9057846;-0.5554548;9.289502;null;
-1.2641385;0.58418524;9.643844999999999;stand;
-1.072589;-1.379043;9.959755;null;
-3.2241668999999997;0.36001587;9.152756;null;
-8.198944000000001;-0.5805939;9.498994999999999;stairsup;
-1.3587095;-0.4321534000000001;4.320337;walk;
-1.225816;2.298405;14.096884;walk;
-5.579544;-0.0006103515599999999;7.9244843;bike;
1.3269348;0.6856842;10.302673;sit;
0.11770630000000001;-0.37477112;12.264099;null;
-3.3901896000000002;-0.17238252;7.479486;stairsdown;
-2.7147675;-1.0289306999999999;9.333664;stand;
3.2692822999999995;0.51954174;8.787917;sit;
0.42137146;-0.91348267;6.390334999999999;stairsdown;
1.3886370000000001;0.79487497;9.5385;sit;
-2.4229321;-0.10295067;7.3214690000000004;walk;
-3.8498763999999994;1.4556746;8.667010000000001;null;
-4.0299225;0.44094849999999997;6.5617220000000005;stairsdown;
-2.145178;-1.9919509999999998;9.346847;bike;
-4.5178986;4.779175;10.423874;stairsup;
-2.7887267999999996;-1.1424408000000001;9.690918;stand;
-2.145178;0.306454;9.653300999999999;stand;
-1.6519317999999998;0.8836975;8.995650999999999;null;
8.990228;0.31603462;3.5553896000000003;sit;
-4.711789;1.13964;8.322245;null;
1.4808137;0.48602295;9.356541;sit;
-3.4189199999999995;-0.45968673;7.067683000000001;walk;
4.721366000000001;0.6739678000000001;8.196549000000001;sit;
0.36305237;-0.7480469;9.777603;sit;
-3.7349242999999994;-1.5078278;6.4690857;walk;
0.05836487;-4.456665;14.140823000000001;walk;
-6.5816603;-2.0039468;7.987056699999999;walk;
-2.6040802000000003;-1.5038147;6.9842377;stairsup;
-3.006363;-1.3217163;9.31105;null;
-3.6050262;-2.127472;9.75737;null;
-2.0803986;0.6206665;10.167983999999999;stairsup;
-0.153227;1.225816;7.354896000000001;stairsdown;
-3.7740326;-0.6385498000000001;13.166061;stairsup;
-1.685497;0.45968100000000006;10.112982;bike;
0.07723999;0.25245667;6.591675;stairsdown;
4.3574470000000005;1.6184803;8.647857;sit;
5.257667;0.842759;8.197746;sit;
-2.3175871;2.1643584;5.5162406;walk;
-1.6519317999999998;1.2157593;9.539566;stand;
0.48683167;-1.5419006000000002;14.832320999999999;walk;
4.64653;0.8860779000000001;8.549332000000001;sit;
-3.830675;-1.9919509999999998;8.733939;null;
3.9839516;0.20111294;8.954314;sit;
-13.540695000000001;0.8015747;8.745712;stairsdown;
-0.51768494;-1.5811768;11.480758999999999;bike;
-5.1523223;-0.4405331;7.1155677;walk;
-4.0312805;-2.8813019;13.301941000000001;null;
7.508122999999999;-0.153227;6.741988;sit;
-2.2101287999999997;-0.73376465;3.5172272000000007;stairsdown;
-4.614471400000001;-0.84251404;8.772095;stairsup;
3.7372284;-0.09344482400000001;9.045639;sit;
-3.4955344;3.3039982000000006;6.0046577;stairsup;
1.7851563000000001;-0.097457886;10.1753235;bike;
-4.471649;-1.5661469;7.133209;stairsdown;
-6.320692500000001;-2.3654714;6.6941880000000005;walk;
3.1492767;-0.9848938;14.182479999999998;walk;
-0.7386111999999999;-3.1208419999999997;8.366538;bike;
-2.1643584;0.45968673;7.1634517;stairsdown;
3.06454;1.072589;9.653300999999999;stand;
-7.134094;-0.52116394;7.187958;stairsup;
-1.3353423999999998;1.5847168;10.517899;stairsup;
-2.3582888;4.3167458;8.429984;stairsup;
-0.51768494;-0.8777771000000001;10.696425999999999;bike;
-0.51834464;0.50278234;5.487509999999999;walk;
-2.5809495;1.602918;9.312247;bike;
-5.6914215;1.0693665;7.845932;walk;
-2.6481169999999996;-1.6966248;9.2729645;stand;
-9.654739;-4.35907;8.685013;stairsup;
-1.9555968999999997;-1.4614105;10.631165;bike;
-2.2409727999999998;-1.13964;10.620678999999999;bike;
-5.362945;-1.685497;7.814577000000001;bike;
-7.4124484;-0.7661445;8.513782;stairsup;
-4.098873;0.90979666;8.073248;null;
-3.2659912;-0.8389435;8.055603;null;
-4.5952606;-0.31362915;4.518173;stairsdown;
2.5378537;0.7745243;9.111135;stand;
-0.9141845999999999;-0.7068329000000001;7.3867188;null;
-3.6966474000000002;0.5650316;5.3821654;stairsdown;
-0.4405331;0.29568392;9.451111000000001;null;
-5.36174;-3.3759766000000004;10.258438;stairsup;
-2.758086;0.153227;9.19362;null;
-0.8021393;-1.7430419999999998;9.75737;sit;
-3.089676;-0.14343262;5.8607025;null;
-3.0969849;-1.0519867;7.754486;walk;
-0.33518824;-1.1779473;7.479486;bike;
-4.172744799999999;-0.41479492;7.160385000000001;stairsup;
-2.432509;0.33518824;9.835381;null;
-2.0326772;-0.8283938;6.6522894;walk;
-2.9783869;-1.1300632;9.193734;stand;
-3.5705108999999995;5.0410156;9.092056;stairsdown;
7.492654300000001;-1.0295067;6.4044894999999995;null;
1.9381063000000003;0.6691794;9.129091;sit;
4.137129;1.53227;9.040393;sit;
-5.726930599999999;-0.02873042;7.987056699999999;walk;
3.9264907999999994;0.1388637;6.1938;stairsdown;
-6.1100025;-3.6774937999999993;7.268796400000001;stairsup;
-7.1041718;4.500671400000001;13.932541;stairsup;
-0.62361145;-0.96466064;10.711899;bike;
-3.6774480000000005;-0.45968100000000006;6.588761;stairsdown;
2.145178;-2.145178;9.040393;bike;
-5.472595;-1.2840729;11.05368;stairsdown;
-7.7756042;-3.285965;9.029175;walk;
-5.4105377;-3.3414612;8.179184;null;
-4.691665599999999;-0.3338623;8.486252;stairsup;
-0.18460083;1.2272186;9.44812;bike;
4.175488;0.5267244000000001;8.791509;sit;
-5.90889;0.5554548;7.5369470000000005;stand;
-1.4128723;0.24531555;11.344086;null;
-2.5091232999999997;-0.39264908;9.174581;stand;
5.123794599999999;0.27432249999999997;8.348189999999999;sit;
-6.0046577;-5.2863975;5.3247046;null;
-4.606444000000001;0.7086836999999999;8.532935;stand;
-3.9456443999999995;1.1109096;5.171476;stairsup;
-1.5993267;0.20111294;9.576807;stand;
-2.566584;0.91937345;7.441178999999999;walk;
1.0424805;2.4138336;8.326965;bike;
4.576308999999999;0.8670349;8.599319;sit;
-0.17031860000000001;0.94514465;9.706389999999999;stairsdown;
-2.873042;-0.6991069000000001;8.274361;null;
-10.879116999999999;1.9919509999999998;12.104933;null;
-2.1452047999999997;0.3172317;9.259575;stand;
0.42256165;-0.7480469;7.261551;walk;
-5.292709400000001;0.21005249;7.474594000000001;bike;
-3.6487634;0.095768064;9.902417999999999;stairsup;
8.063553;-0.9789429000000001;5.789291400000001;sit;
-2.2146366000000004;-0.35673606;9.489417999999999;null;
-7.5052642999999994;-1.7811278999999998;11.804489;stairsdown;
10.696096;-5.062539599999999;7.0724716;walk;
-2.3374786;-2.288147;8.974228;bike;
-2.2601264;2.0111293999999997;4.9895163;null;
-4.3287168;1.3311761999999998;9.988609;bike;
-3.2872388;-0.7589619000000001;7.803900200000001;bike;
9.040393;0.612908;3.9839019999999996;sit;
-4.1513214;-0.75994873;12.58049;stairsdown;
1.7424773999999998;-0.35290527;9.62764;sit;
-1.1258698;-0.8801575;9.712143;bike;
-3.5913025999999997;2.9209259999999997;9.385271000000001;walk;
-2.9879637000000003;-0.25857377;3.6391866000000004;walk;
-2.451632;1.8387240000000002;9.500074;stand;
-1.1587936;2.3080103;9.251195;stand;
0.39637756;-0.7147217;9.871628;sit;
-1.8387240000000002;-1.379043;8.580712;bike;
4.473785400000001;1.5699921000000001;9.116058;sit;
-0.81402856;-1.2258313;9.595961;sit;
4.55856;1.6950948000000001;8.513782;sit;
-4.376600700000001;-0.10534488;10.630256;stairsup;
-5.343858200000001;1.6089035;8.034941;stand;
-8.099167;-6.034851000000001;13.688553;stairsdown;
8.897705;0.4643097;5.621673599999999;sit;
-3.6595372999999998;1.1875241;4.489128;stairsdown;
2.1672057999999996;0.7749481;9.751617;null;
-4.467911;-1.0229796999999998;5.2882233;stairsdown;
-0.5129242;-1.4716797;6.0523224;stairsdown;
-1.9728221999999997;0.545878;9.212888000000001;stand;
-4.8937483;2.0111293999999997;10.5919485;null;
-4.9799394999999995;1.8770541;6.100425700000001;walk;
-1.2367249;1.165329;9.786133;stairsup;
-3.169923;1.9883845000000002;7.290344;stairsup;
-0.3762207;1.8865813999999999;10.447875999999999;stand;
-1.9919509999999998;0.9193620000000001;9.346847;stand;
-0.153227;3.217767;9.500074;null;
-3.8881836000000005;1.7238252;11.798625999999999;walk;
3.6487634;0.60333884;8.686164;sit;
9.040393;0.45968100000000006;4.290356;sit;
-3.9839019999999996;0.9193620000000001;8.887166;stand;
-6.0525417;-2.681506;4.999093;stairsup;
-2.451632;0.153227;9.500074;stand;
-2.2984335;-4.4915223;7.8050976;stairsdown;
-0.63075256;-0.25888062;5.4548492;walk;
0.41644287;-0.56282043;10.227692;sit;
-2.9113130000000003;1.685497;10.112982;stand;
-3.1136475;-2.2243195;10.620453;bike;
1.225816;-0.45968100000000006;13.943657;null;
-0.6991069000000001;0.26815059999999996;7.8625584;bike;
-1.2960663000000001;-0.6123656999999999;9.728806;walk;
-6.12908;-0.766135;7.967803999999999;walk;
-0.35598755;-0.27598572;5.8132934999999994;walk;
-0.8523358;-1.1779473;9.662998;sit;
-2.3362884999999998;-0.13748169;10.239395;bike;
6.1818290000000005;-0.82001406;7.229292;stand;
-5.0762634;1.7116241;10.956085;walk;
-3.3491364000000003;-0.81588745;9.518142999999998;stand;
5.295974299999999;-0.25498247;7.6949644;bike;
-4.137129;-0.45968100000000006;11.032344;bike;
-2.451632;2.451632;9.500074;stairsup;
-1.6271057;0.03227234;10.449066;bike;
5.362945;0.766135;7.967803999999999;bike;
0.5249176;0.34454346;8.02684;walk;
-6.100425700000001;-0.009576807;7.6135616;stand;
-0.34646606;-0.5485382;9.498108;bike;
4.700088500000001;0.8110961999999999;8.588608;sit;
-1.340753;0.6991069000000001;8.130709;stairsdown;
0.21068975;-0.30645782;9.720459;sit;
0.45010993;1.0247183000000002;9.979032499999999;bike;
3.3435028;0.059855044;8.851364;sit;
-4.59169;1.021759;8.431503;stairsup;
-2.604859;1.379043;7.201669;walk;
-0.16280572;-0.63206923;3.7541082;walk;
-2.1751322999999996;-0.108936176;9.163807;bike;
-3.4599915;0.66426086;4.930176;stairsup;
-6.129156;-0.9672575000000001;12.727576;walk;
-1.0104218;-1.0301208;7.2460785;stairsup;
-2.6397858;-0.5897522;9.474105999999999;stand;
-0.7374141;-0.19153613;5.602432;stairsdown;
0.23213196;-0.7373352;9.826400999999999;sit;
-1.53227;-1.225816;10.879116999999999;walk;
-3.6583402;1.1204863999999999;7.0964136;stairsup;
-0.24181437;-1.4939818;9.305064999999999;walk;
-1.53227;-0.153227;8.274258;bike;
9.460663;0.32029724;3.757843;sit;
-0.84498596;-1.5799866000000002;9.75737;sit;
-4.290356;-1.53227;9.806528;walk;
4.6255975;1.5993267;8.513782;sit;
1.53227;0.0;9.806528;bike;
-1.8387240000000002;-1.685497;9.346847;bike;
-2.110489;-0.090979666;10.125079;bike;
5.975853;-0.612908;7.814577000000001;null;
-6.282307;-1.072589;8.427485;stairsup;
0.10342407;-0.6401825;8.659027;walk;
0.3273468;0.005340576;11.035629;bike;
-5.028656;1.825882;9.83255;bike;
5.2451935;0.22076416;8.238693;sit;
-2.6048915;2.633622;10.649409;stairsup;
-3.6028137000000005;-2.1719513;9.676636;null;
3.406949;0.22505496;8.822633;sit;
-2.475708;-1.0269928;8.944672;bike;
-3.06454;0.306454;9.500074;stand;
-2.9944610000000003;-0.35528564;9.252730999999999;stand;
-6.991069;0.076614454;6.397307;walk;
-4.7788267;-0.16400282;4.1802763999999994;null;
2.1152773;0.0035913025;9.787497;bike;
2.825158;1.7238252;17.985243;stairsdown;
0.25593567;-0.7147217;9.800217;sit;
1.0853271;0.5785675;8.523346;walk;
-1.2783813;-1.175766;9.70163;walk;
-2.3816832999999997;-1.4816437;12.095092999999999;bike;
-2.5828247;-0.9627228000000001;11.297668;stairsup;
-1.8016368000000003;2.087744;3.9205053;walk;
-1.5454572;-0.25617957;5.7736173;walk;
-2.992752;0.8451531999999999;6.451176599999999;stairsup;
-6.7364044000000005;2.388092;9.019455;walk;
2.758086;1.379043;7.048442;bike;
-0.76524353;-1.6371155000000002;9.660965;sit;
-4.510925299999999;-1.6137542999999999;8.806610000000001;bike;
7.967803999999999;-1.379043;7.814577000000001;stairsup;
-2.2924194;-0.2700348;9.892059;null;
-1.6152038999999998;0.14772034;6.2857970000000005;walk;
-1.8340302;3.3557129999999997;12.857803;walk;
-3.0597897;0.94211835;5.5102553;stairsup;
-4.3655550000000005;3.1855164;10.482192999999999;null;
-4.462791999999999;1.8770541;6.933608;null;
-3.0550013;-0.019153614;8.992621;stand;
-1.6376339;0.16280572;9.394848;stand;
-6.8569937;-0.15322891;9.672575;stairsdown;
-2.298405;-2.9113130000000003;7.508122999999999;stairsup;
-4.4988556;-0.24102783;5.357254;stairsdown;
-3.370994;0.0;8.121031;null;
-5.8226260000000005;-2.451632;8.580712;stairsup;
1.104538;1.3431091;7.7780914;bike;
-6.118866000000001;0.24293518;7.958008;stand;
5.209718;-1.072589;7.508122999999999;stairsdown;
-2.386444;1.7401886000000002;8.893494;bike;
5.272567700000001;0.23504639;8.21846;sit;
-1.7022773999999998;0.09816227;8.297106;walk;
-3.370994;-0.153227;9.346847;null;
-4.1072845000000004;-3.8675232000000004;12.041336;walk;
7.354896000000001;-0.9193620000000001;7.048442;sit;
-3.6516113;1.7985077;8.491211;stairsup;
3.9935283999999998;-0.17238252;8.944737;sit;
-2.8123627;-1.3824158000000002;9.784744;bike;
-5.196472;1.6390228;8.528107;null;
-0.1953125;0.31196594;11.037018;bike;
-3.06454;-0.153227;9.500074;stand;
0.37257385;-0.86468506;4.6740875;stairsdown;
1.379043;0.612908;11.032344;bike;
0.12449849;2.6719291000000003;8.801085;walk;
-1.2129211000000002;0.64045715;5.168213;bike;
-2.4708161;3.1986535;10.5919485;null;
-2.570755;-0.25769043;9.464584;stand;
7.9487495;0.06703765;5.410896;sit;
-4.1946416;0.6703765;5.985504;stairsup;
-0.153227;0.45968100000000006;10.112982;sit;
-1.225816;0.9193620000000001;10.572663;bike;
3.8594532;0.6799533;8.552089;sit;
4.137129;1.379043;9.19362;sit;
7.972931;-0.10935974;6.5773926;sit;
-0.3879547;-1.4014587;10.796402;bike;
-0.011856078999999999;-1.300293;9.800217;stairsdown;
9.299078999999999;1.2258313;3.5529952000000007;sit;
-2.3942018;1.13964;7.843405000000001;stairsdown;
-3.2433777000000004;-1.3150177;6.365539599999999;walk;
-6.010559;-0.5342560000000001;8.876831;bike;
-1.6233673;0.30050659999999996;11.719986;walk;
4.1441040000000005;0.3476715;9.44812;sit;
-3.4207153;2.1567534999999998;10.295532000000001;stairsdown;
-2.0590134;-0.7182605;9.835381;walk;
0.0;2.604859;7.814577000000001;bike;
3.515885;-3.6367924;3.0095115000000003;stairsup;
8.860809;0.30363464;5.1408385999999995;sit;
9.258499;-0.074401855;3.4017792;sit;
8.087189;0.05607605;6.4333800000000005;sit;
-1.2889252;1.9155883999999999;13.911118;walk;
-1.0342950999999998;0.05746084;5.90889;null;
7.865814;-0.16053772;6.5821533;sit;
-4.226471;1.0784453999999999;14.401672;walk;
6.6654577;-1.7729063000000003;8.289924000000001;walk;
-0.68788147;-0.293396;13.227951000000001;null;
-3.3135752999999997;0.81642276;8.831013;null;
-1.091756;0.61291564;8.963891;stairsup;
-4.185065;0.047884032;10.448297;stairsup;
-0.8546753;-0.5842438;6.24057;walk;
-2.7911072;-0.89012146;11.148895;stairsdown;
-5.542816;-0.19267273;7.6080933;stairsup;
-1.455719;0.039413452;10.094391;stand;
-8.518112;1.2252808000000002;12.255569;walk;
-4.366912999999999;0.18461609;11.247681;stairsup;
-5.297638;-0.31407166;9.606415;stairsdown;
-0.077811554;0.16879122;9.90601;bike;
-0.89038086;-0.3271637;8.434082;walk;
7.368156;-0.5614403;6.117185;sit;
-2.604859;-0.766135;7.048442;walk;
-2.8196716;-1.3864288;9.759949;stand;
-4.4276123;-1.0757903999999998;9.63855;walk;
-6.1841583;0.47665405;7.6233673;stand;
-3.060089;-1.4221344;7.384338400000001;walk;
7.993164;-0.116500854;6.400055;sit;
-3.3005066;0.86421204;7.9508667;stairsup;
5.3973694000000005;0.82255554;8.723297;sit;
-0.6926422;1.8049011000000001;9.455063;stand;
-0.48571777;-1.3483428999999998;8.157959;bike;
3.8594532;0.59376204;8.992621;sit;
5.216629;0.18267822;8.252975;sit;
-0.153227;0.306454;9.959755;sit;
9.12146;0.35362244;4.5040894;sit;
-6.2057709999999995;1.292869;14.805743;walk;
-2.9113130000000003;-1.225816;10.112982;bike;
-5.90889;0.7565677;7.489063000000001;stand;
-1.929245;1.406189;9.471725;stand;
5.2785187;0.28027344;8.1827545;sit;
-4.759673;-0.18315643;6.8127007;walk;
-0.7392273;0.43336487;11.007263;bike;
-2.145178;-1.379043;5.516172;null;
3.217767;0.45968100000000006;9.500074;sit;
-1.1683705;0.39264908;9.394848;null;
-7.048233;1.1157837;14.108688;walk;
-0.33099365;-0.25932312;10.428833000000001;bike;
-2.451632;1.685497;4.903264;walk;
-10.662578;1.5083469999999999;5.3390699999999995;stairsup;
-0.13580322;-0.54377747;8.880402;bike;
3.3854012000000004;0.5410896;8.708909;sit;
-4.750037;3.06454;7.967803999999999;stairsdown;
-5.9280434;0.5650316;7.4603324;stand;
-3.594894;0.0011971008;8.8645315;stand;
-4.0705566;-0.6473236;8.504303;stairsup;
1.8387240000000002;-0.45968100000000006;9.806528;sit;
-2.604859;1.685497;9.040393;stairsup;
-3.6595372999999998;0.050278235;8.779537;stand;
-3.288437;1.2098083;7.455551;walk;
-6.1164856;-1.2816925;13.900604000000001;walk;
-3.0933087;-0.1436521;9.232041;stand;
2.0302830000000003;1.2641385;10.170568;bike;
-1.4496891;0.029927522;9.465475999999999;stand;
-0.55934143;-0.6742554000000001;9.785934;stand;
-4.5681367;-0.20111294;8.667010000000001;bike;
-2.4995117000000002;-2.8325042999999996;9.202942;stairsdown;
-1.9919509999999998;1.072589;9.653300999999999;stand;
-3.7924154000000003;3.3518825;9.653421;null;
1.7960358;1.5382996000000002;5.84523;stairsup;
-0.63449097;-2.3004912999999996;11.091766;null;
-1.6364368;-0.82360536;6.100425700000001;bike;
9.433155000000001;1.0821792;3.265691;sit;
-2.4133554;-0.15322891;9.394848;stand;
0.06703765;-1.1779473;8.935161;walk;
-0.8296814;-1.0746002000000001;10.050353999999999;sit;
-10.745177;0.10534488;5.343858200000001;stairsup;
-2.846878;-0.2600708;9.263442999999999;stand;
-4.903264;1.379043;8.121031;stand;
6.2608375999999994;-0.49440265;7.217321000000001;stand;
-1.5007781999999998;1.9703369;16.04274;stairsdown;
7.203048700000001;-1.6990051;10.517899;bike;
-3.6200330000000003;1.5897499;7.192182000000001;stairsdown;
-4.51307;1.9500773;9.636662;stairsdown;
-4.762067299999999;-2.006341;8.955511;walk;
-1.295044;-1.374527;9.686157000000001;stairsup;
-3.06454;-1.53227;9.806528;bike;
5.362945;0.766135;8.580712;null;
-2.604859;-0.45968100000000006;9.653300999999999;bike;
-0.6009979;-2.9498901;17.107956;stairsup;
5.511627;0.703537;8.67807;sit;
-6.282307;-0.153227;7.508122999999999;stairsup;
4.1276035;-0.20231004;4.9883194;bike;
-1.5801731;-0.41180268;10.208876;bike;
-6.5532837;1.5342864999999999;17.250977;stairsdown;
-1.4748282;-0.11492168;7.967903;walk;
-0.10707092;0.06008911;5.39534;stairsdown;
-1.6915035;0.7290344;9.287108;null;
-1.9399567;-0.65164185;7.291305499999999;stairsup;
4.092887999999999;1.6603789;8.283937;null;
-2.136825;-1.0618285;8.605958;walk;
-2.4492682999999995;-1.1444284;7.959523700000001;stairsup;
-2.1781616;-0.26646423;9.926575;stand;
-1.9823990000000002;1.4173675;9.184157;stand;
1.8434753000000001;1.0236969;7.0403747999999995;walk;
-5.21936;1.292869;6.4068837;stairsdown;
-2.604859;-1.379043;9.346847;stand;
7.7564850000000005;-0.8753966999999999;5.9523470000000005;sit;
-0.6866913;-1.9060974;4.9418793;null;
-1.072589;-1.53227;7.508122999999999;stairsdown;
-2.8981812000000002;-0.9780314;4.677073;walk;
0.32377625;-0.7278137;9.794266;sit;
-0.29209262;1.4532804;8.971074;bike;
-8.386169;1.5009613000000002;11.366699;walk;
-2.6256714;0.041793823;9.905151;stand;
-1.6425781000000004;1.659256;10.069397;bike;
-1.225816;-1.379043;5.8226260000000005;null;
-5.015564;1.5081023999999998;9.475494;bike;
-4.903264;-2.451632;0.612908;stairsup;
-1.3371617;0.019153614;7.612364299999999;stairsdown;
-1.1484833;-0.74090576;13.643326;stairsup;
-2.712555;-0.0010528564;9.826599;stand;
-8.073248;1.1779473;5.93762;stairsdown;
3.9655762;-0.06175232;9.589752;sit;
2.0781669999999997;-1.6184803;9.299078999999999;bike;
-1.0175629000000002;-1.2562561;8.517197;bike;
5.8226260000000005;0.153227;8.427485;bike;
-4.5357513;-0.6873474;8.339858999999999;stairsdown;
-3.8175547;-0.92176765;10.30225;walk;
-2.8230743;-1.3407593;9.8823395;bike;
-3.3423057000000003;-0.050278235;5.8801594;stairsup;
-0.78649527;3.1052797;10.028113000000001;bike;
0.86395264;-1.8029938;11.128662;walk;
3.9608154000000004;0.36195374;9.549286;sit;
-1.8365784;0.61665344;9.301727;walk;
-2.0913353;0.038307227;6.781575999999999;stairsdown;
0.46524048;-0.5318755999999999;10.194366;sit;
0.26815059999999996;-0.48841715;9.519346;sit;
-1.0474854;0.7451935000000001;12.308136;null;
-0.4405331;1.6950948000000001;9.442732000000001;stairsdown;
1.685497;-1.9919509999999998;10.419436;bike;
0.35434186;-0.34476504;9.758766;null;
-2.8060042999999997;5.315128;13.723564000000001;walk;
-1.4830933000000002;-0.56282043;7.6878357;null;
-2.1643584;1.7717092;9.078813;stand;
-2.5481415000000003;1.4954528999999999;9.197983;bike;
-3.3705597000000003;0.42904663;4.506271400000001;stairsdown;
-0.9068755999999999;-0.59451294;10.8452;stairsdown;
-2.4826813;1.1788635;9.970413;stairsdown;
-1.8387240000000002;-0.612908;9.653300999999999;stand;
3.370994;0.612908;9.500074;null;
-3.217767;1.685497;4.750037;stairsup;
-4.09079;0.40837097;11.659485;stairsdown;
-4.790619;2.357895;8.797089;bike;
7.890975999999999;-0.65997314;5.8928375;sit;
-1.5640258999999999;-0.30931090000000006;5.5086059999999994;walk;
-1.9710693;1.9853668000000002;10.556183;bike;
-2.758086;0.45968100000000006;9.653300999999999;stand;
0.35353088;-0.82421875;9.814499;sit;
-0.7081145999999999;-0.5623779000000001;9.649063;stand;
-5.90889;0.076614454;8.810661999999999;walk;
-6.895301;1.2258313;14.729129;walk;
-5.8226260000000005;0.45968100000000006;7.66135;walk;
-0.47857666;0.8082733;10.341949000000001;bike;
-9.500074;-3.6774480000000005;14.556564999999999;walk;
-1.3712158;0.126297;10.119385000000001;stand;
3.9839516;0.61291564;8.896853;sit;
-2.1547816;1.9536686;9.356541;stand;
1.091756;2.2493525;6.800729799999999;bike;
-0.78529817;-0.22026655;5.1810527;stairsdown;
-3.1505432;0.5285797;4.662383999999999;stairsdown;
0.16280572;-0.26815059999999996;9.691728999999999;sit;
-4.156333999999999;0.36391866;4.9703627;null;
0.17238252;-2.8634652999999997;7.728483;bike;
-4.7418213;-8.1645355;4.8908997;null;
-0.9901886000000001;-0.71591187;4.639572;walk;
-5.4683566;-3.5051112;4.060566000000001;null;
-2.298405;0.766135;8.887166;walk;
-1.9782104;0.17985535;5.965637;null;
-1.5461731;0.2655487;10.100342;null;
-2.145178;1.8387240000000002;5.8226260000000005;walk;
-4.7285485000000005;4.2078094;13.846866;walk;
-3.524221;0.153227;9.346847;stand;
4.4436383;1.6663644;8.590396;sit;
-2.565387;0.29448682;7.684190299999999;walk;
0.34265137;1.4259796;6.5952454;stairsdown;
-1.3790601;1.1013328000000002;10.266336;bike;
0.12144469999999999;-3.8127747000000003;10.328659;stairsdown;
1.0821792;-1.1204863999999999;7.5944076;null;
-3.217767;-1.8387240000000002;7.814577000000001;stairsdown;
0.0;1.9919509999999998;9.653300999999999;walk;
-1.2972565;-0.55285645;7.6555023;null;
-0.22026655;0.33638534;9.461885;sit;
-3.8977604;-1.292869;8.130709;stairsup;
-3.06454;0.0;9.653300999999999;stand;
-0.61068726;2.4709625;8.800659;bike;
-4.185065;1.1109096;5.0086699999999995;walk;
3.8669586000000002;-0.6956787;9.048019;sit;
-1.685497;-1.225816;8.887166;bike;
-3.1352072;0.93732995;9.187749;stairsdown;
-2.5127146000000002;-0.45729253;10.315418;bike;
-2.354309;-0.45451355;6.4857483;walk;
-1.7139893;0.010848999;9.599274000000001;stairsup;
-1.072589;-2.145178;8.887166;stairsdown;
-9.19362;-0.766135;8.274258;stairsup;
-1.13964;-0.01316811;9.406818;stand;
-2.9113130000000003;-0.766135;8.427485;walk;
-4.290356;-4.137129;8.121031;walk;
0.9768343;-2.2984335;8.896853;bike;
-6.895214999999999;3.217767;7.814577000000001;walk;
3.3279405;0.51954174;8.863335000000001;sit;
-1.8887787;1.6025696000000003;9.465775;stand;
-1.1461028999999998;-0.6659241;9.958511;walk;
6.919242999999999;0.20111294;6.293158999999999;sit;
-2.3162230999999998;1.3759918;6.398864700000001;walk;
-2.9016266;-1.2395935;9.388411999999999;stand;
8.024109;-0.17481995;6.3322144;sit;
-4.443583;1.53227;10.879116999999999;bike;
-1.1528081000000001;-0.1352724;9.452309;stand;
4.6160207;1.2258313;8.197746;sit;
-0.046539307;-0.39857483;8.774475;bike;
-1.7257233;3.1033936;21.24385;stairsdown;
-3.5111693999999996;0.652359;6.927307000000001;walk;
-2.5917234000000002;1.9273324;8.968679;stand;
-2.7964275;1.8100165000000001;9.308656;bike;
7.762436;-0.75875854;6.332016;sit;
0.80937195;-0.14819336;10.290573;bike;
-1.1639556999999998;0.16482544;11.389114;stairsdown;
-8.887166;-0.9193620000000001;9.040393;stairsup;
-3.5529952000000007;0.8619126;4.185065;stairsup;
-4.290356;0.612908;9.19362;null;
-5.215515;-2.9408112;13.881560999999998;walk;
-4.935821499999999;-2.0326996;15.253845000000002;walk;
-4.5488434;-3.3700256;7.7780914;stairsdown;
-1.2734528;-0.48858643;9.614548;stand;
-0.95329285;-1.1765136999999999;8.649307;bike;
1.341217;-1.047226;9.76828;bike;
-7.7565612999999995;-0.21290588;4.906372;stairsup;
-3.9803602999999996;0.47046062;7.603985000000001;walk;
-0.6938324;-1.6180725;9.7478485;sit;
-3.6200330000000003;1.0151415000000001;8.350976;bike;
-1.7717092;2.528277;12.430696000000001;walk;
-5.265503;1.594986;8.620941;stand;
-0.612908;-2.758086;9.959755;bike;
-1.6257476999999998;-0.28030396;9.700241;stand;
-3.3518825;-0.24899697;11.81778;stairsdown;
-6.895214999999999;-1.072589;9.806528;stairsdown;
-4.5681367;-1.4460978999999998;6.742072;stairsdown;
0.22023009999999998;-0.4076538;9.864486999999999;null;
-4.510676;-1.1300632;10.553641;walk;
-0.7618408;-0.40571594;9.026794;walk;
-4.1096473;-2.3942018;5.3522377;stairsup;
-2.9718475;1.8977356;8.950424;null;
-0.5590460999999999;-1.0019734;9.554062;bike;
5.440216;0.7451935000000001;8.686401;sit;
-4.102524;0.72302246;11.921127;walk;
7.895569;-0.2938385;6.5012207;sit;
-8.264783999999999;-1.1109096;13.225570000000001;null;
-2.7827759;-0.13554382;7.099883999999999;stairsdown;
-2.5576630000000002;-0.723053;8.47673;bike;
-0.153227;-1.225816;8.427485;walk;
-0.306454;-0.9193620000000001;11.798478999999999;stairsdown;
-1.3682863;1.8399439999999998;6.749254700000001;stairsdown;
-3.0422363;2.4769134999999998;14.113647;walk;
-1.3215994;0.9576806999999999;7.0964136;null;
-0.016784668;-0.47950745;6.939209;walk;
-7.690175999999999;2.9017725;6.684611299999999;walk;
3.8110199999999996;-0.13034058;9.057541;sit;
0.21068975;-0.45010993;9.500193;sit;
-2.4541168;-0.5302429;9.503860000000001;stand;
-1.3599066;-0.5363011999999999;10.984597;stairsdown;
1.1779473;1.3790601;9.883265;bike;
-9.238174;1.9739075000000001;7.5924225000000005;stairsup;
-4.3953094;3.625885;8.695724499999999;stairsdown;
-5.2385135;-0.9864110999999999;6.9144545;walk;
-1.6328455;2.0099323;9.016563;bike;
-5.362945;-1.225816;7.66135;stairsup;
-2.2373814999999997;1.5562311000000002;9.041702;stand;
-1.9387665;1.5394896999999998;9.070633;bike;
-0.17372131;0.694458;6.866409299999999;walk;
-3.217767;0.306454;5.362945;walk;
3.9371796000000003;-0.012512207;8.934952000000001;sit;
5.2463837;0.20529175;8.21608;sit;
-5.669398999999999;1.379043;5.056491;stairsdown;
-0.9193620000000001;-0.9193620000000001;9.959755;stand;
3.9456443999999995;0.32561144;8.6095495;sit;
1.3503298000000001;-1.1683705;10.888829;bike;
-6.871063;-1.4149933000000001;5.7740173;stairsdown;
-1.7865906000000003;1.7389984;9.727814;stand;
8.057433999999999;-0.31645203;6.295318599999999;sit;
1.8257903999999998;0.283844;9.7478485;sit;
-1.2066777;-2.0494366000000004;9.5385;bike;
-2.298405;-1.685497;10.112982;bike;
-0.76660156;-0.60209656;7.667602499999999;stairsdown;
0.20816039999999997;-0.22837829999999998;10.954895;bike;
-2.9903579;2.0446482;8.412027;null;
-4.282242;0.15768433;6.362961;walk;
-3.7503967000000005;0.7285309;7.4700317;walk;
-4.59681;3.830675;7.048442;walk;
0.30949402;-2.8641967999999998;8.613602;stairsdown;
-1.2984467;-0.058929443;5.8975983;null;
-0.79397583;2.7518463;9.2838745;walk;
-8.339584;2.3083496;11.249863000000001;stairsdown;
-4.3691254;-1.3098145;9.474105999999999;walk;
0.46405029999999997;4.4145355;8.468597;bike;
-3.5218705999999997;0.36750996;8.765172;stand;
-1.685257;-3.0403442000000003;11.093948;walk;
-4.296524;2.7546692000000004;9.75975;walk;
-1.0092316;1.2812195;7.64122;bike;
-6.7612257;-0.24899697;7.8625584;stairsup;
-3.524221;0.306454;9.346847;stand;
0.34476504;-0.23942018;9.730036;null;
7.642291999999999;0.12449849;5.774814599999999;sit;
-1.8709258999999998;2.6582642000000005;9.197983;stairsup;
-2.7647552;-1.114624;9.471725;stand;
-6.2043915;-1.0229796999999998;4.753830000000001;stairsup;
3.7622223;-0.44335938;8.98494;sit;
1.5294341999999999;0.024383545;9.702621;sit;
-0.60813904;-0.38146973;11.570022999999999;bike;
-3.7383269999999995;-1.6799621999999999;5.2882233;stairsup;
-4.443583;0.0;8.733939;stairsup;
-0.14634705;0.6777954;10.957077;walk;
5.471161;0.7047272;8.754242;sit;
-1.53227;1.379043;9.653300999999999;stand;
2.585738;-1.3599066;6.8091097000000005;bike;
1.6425018;-1.9739380000000002;10.544083;bike;
-0.27386475;1.165329;7.58667;stairsdown;
-2.2122424;-1.412579;9.194932000000001;stairsdown;
-1.6889953999999998;0.17866516;10.072968;bike;
0.612908;0.766135;9.19362;bike;
-6.5349736;2.8526914;12.604275;stairsdown;
-5.135605;1.7977599999999998;8.483871;stand;
-0.6712189000000001;-0.40408325;5.1227875;walk;
5.2570953000000005;0.24575806;8.256546;sit;
-3.8954315000000004;-0.039886475;9.227737;bike;
0.62132263;9.339966;25.72728;stairsdown;
-4.533539;1.3081512;9.022034;stand;
-2.775467;-0.67663574;4.8157195999999995;stairsup;
-2.8407204;-1.3874398000000001;7.3609734;stairsup;
-0.22625732;1.2724457;7.927063;walk;
-4.1371803;0.79487497;7.929596000000001;stairsdown;
-3.552826;-0.6389923000000001;6.920166;walk;
1.072589;0.9193620000000001;10.112982;sit;
-6.4547677000000006;-1.9057846;4.003105000000001;walk;
-6.4260373;-3.2752678;12.957419;walk;
-8.101714999999999;-1.9636688000000002;4.8397217;walk;
-3.5110967000000004;0.017956512;8.801085;stand;
7.201669;-2.604859;12.871068;walk;
-4.224569;-0.41060558;8.034941;walk;
-6.531382;1.3503298000000001;6.4643445;stairsdown;
5.274948;0.23742676;8.2339325;sit;
1.3628082000000001;0.4802246;11.693802;walk;
7.8290863;-0.66116333;5.955917400000001;sit;
-6.282307;-1.9919509999999998;10.112982;walk;
3.8690300000000004;0.06703765;9.002198;sit;
-1.8651427999999999;1.575943;11.570221;walk;
-0.9193620000000001;0.45968100000000006;9.346847;bike;
-6.456711;1.322876;11.322464;walk;
1.685497;0.766135;9.959755;sit;
-1.1013328000000002;0.50757074;9.3661175;null;
-4.401739599999999;-0.6512229;8.1797905;walk;
9.364258;0.7368621999999999;3.9328003;sit;
-4.170532;1.4497833;9.099396;bike;
-3.370994;-1.225816;6.12908;walk;
-3.251709;1.5664215;9.404083;null;
-6.2380924;1.9907787000000001;12.571953;null;
-0.612908;0.45968100000000006;9.500074;stairsdown;
-0.21078491;2.0032196;8.390044999999999;bike;
9.212082;0.41714478;3.5053252999999995;sit;
-2.758086;-2.758086;8.580712;stairsdown;
-1.3831177;0.06678772;10.094391;stand;
-2.0590134;0.36391866;10.975019999999999;walk;
-7.900573700000001;2.403122;11.189362;null;
-5.9546204000000005;0.8689728000000001;7.747345;stairsup;
-1.7126312;0.79800415;13.595718;walk;
7.974121;-0.35572815;6.381012;sit;
-4.750037;1.379043;9.653300999999999;walk;
-1.6460136000000003;-0.91338795;8.669404;bike;
-4.692635500000001;0.9864110999999999;8.485051;stairsup;
-1.3474121000000001;-1.4316559;11.344086;null;
-6.741988;-3.370994;4.290356;walk;
-4.527419999999999;0.57901;9.519333;null;
7.785944000000001;0.076614454;5.6407394;sit;
-0.48214722;0.8154144;9.139861999999999;walk;
-3.8668669999999996;-4.2721862999999995;6.7271576;walk;
6.220136;-1.0893618;8.306683;bike;
-4.579956;-1.669693;14.680176000000001;walk;
-4.776169;-0.48501587;8.363663;bike;
-0.9193620000000001;-0.766135;3.9839019999999996;null;
2.6220244999999998;-0.42788696;10.3250885;bike;
0.06703765;2.6144682999999995;9.672575;walk;
-4.6239930000000005;-2.8753509999999998;10.033691000000001;walk;
-2.9783869;0.15322891;9.279925;stand;
0.13929749;-0.70162964;9.920425;sit;
-6.435534;0.45968100000000006;8.733939;stairsup;
-3.217767;-1.072589;8.580712;null;
4.672714;0.8991699000000001;8.623123;sit;
-3.7063599000000003;2.3816986;8.635223;stairsup;
1.3293152;0.31672668;10.231262;sit;
-1.685497;-1.072589;10.419436;bike;
9.370209;0.9332428;3.975647;sit;
-10.084377;3.1890767;14.681245;walk;
-3.0027923999999997;-0.31124878;9.239639;stand;
4.6225586;2.2614899;7.016571000000001;bike;
1.072589;-1.072589;4.903264;stairsdown;
5.8226260000000005;-1.072589;8.733939;stairsup;
-1.9919509999999998;0.45968100000000006;10.266209;bike;
-1.7585411;4.303577400000001;12.058397;walk;
-1.9829712;-1.8660736;11.459534;bike;
-5.4748077;0.598053;8.236313;stairsup;
-5.362945;0.153227;7.508122999999999;walk;
-4.957195;0.011971008;6.1578870000000006;walk;
-0.8485565;-0.8468323;14.288406;walk;
-6.5984197;3.2082303;6.9719152;null;
-2.534027;-0.23789978;9.911102;stand;
-3.064578;0.23942018;9.193734;stand;
-0.74739075;0.89678955;9.590744;stairsdown;
6.895214999999999;-0.45968100000000006;8.427485;stairsdown;
-2.4649963;-0.9627228000000001;9.850403;stand;
-0.32561144;1.7046716;7.6135616;stairsdown;
0.59854126;-1.7411041;2.7414245999999998;stairsup;
1.6270294;0.22909546;9.75737;sit;
-2.758086;-0.45968100000000006;9.346847;stand;
-3.0550013;0.5650316;8.973467999999999;stairsdown;
1.6567876;0.50757074;9.337387;sit;
0.08619126;-2.087744;6.9719152;bike;
-1.436521;-0.36391866;5.197812;walk;
-1.9542389;0.87893677;6.2237089999999995;walk;
-0.7469909;-0.37349546;8.695741;bike;
-0.32561144;2.0458453000000003;8.882488;bike;
4.5156097;0.8908386;8.608841;sit;
4.443583;1.379043;8.887166;null;
-5.1844025;0.20291138;8.513626;walk;
-5.2277393;2.3558946;8.212111;stairsup;
7.919540400000001;-0.60165405;5.888077;sit;
-3.1005554;2.128189;10.08963;walk;
-3.06454;0.0;15.3227;stairsdown;
-3.5805287000000003;2.6479871;12.543222;walk;
-2.451632;-0.306454;9.806528;null;
-1.2044219999999999;2.0405578999999996;7.12825;bike;
-3.217767;1.072589;7.66135;null;
-4.759673;2.0302830000000003;8.916007;bike;
-0.29688102;3.169923;8.944737;bike;
3.9977112;0.42027283;9.538574;sit;
-6.282307;2.9113130000000003;4.59681;walk;
-1.2057799999999999;-0.8889313;10.28125;bike;
0.14286804;-1.4109802;10.029922500000001;bike;
-3.57901;-0.47355652;15.531158;walk;
4.9799394999999995;-0.51595044;8.001422;bike;
-1.225816;0.766135;12.564614;walk;
1.2449848999999997;1.5131354;8.293514;bike;
-1.8114166;-0.4909668;11.160599000000001;walk;
-1.225816;2.451632;9.806528;stand;
1.685497;0.766135;9.959755;sit;
-3.8786068;-0.22984336;7.852981599999999;stairsdown;
0.09764099;-0.48501587;10.632156;walk;
-4.4845734;0.5540161;7.093734700000001;walk;
5.2768207;0.79487497;8.1881695;sit;
7.947937;-0.10697937;6.345306400000001;sit;
-0.8714894;-1.3311761999999998;9.3661175;sit;
-5.6473846;0.5302124;6.4700775;walk;
-0.766135;-0.45968100000000006;11.492025;bike;
-0.8034973000000001;2.126999;9.348145;null;
5.4187927;0.7332916;8.766144;sit;
-0.5746084;-0.79726917;8.88608;bike;
-0.20111294;-0.7637503000000001;8.076839;stairsdown;
-6.3063273;2.1739352000000003;6.588842999999999;stairsup;
0.30473328;-0.23745728;9.506241000000001;bike;
-0.91163635;-1.6002197;9.613358;sit;
-2.9743958;0.9570465;10.197937;null;
1.5483093;-0.98295593;8.985138000000001;walk;
-1.8768768;1.4276123;9.43602;stand;
-0.22984336;3.9552212;13.867216;walk;
-4.4752197;-1.5066376;8.106781;stairsup;
-3.370994;-3.06454;14.709792000000002;stairsup;
-2.0424805;-0.56044006;9.721863;walk;
-0.61291564;0.019153614;9.768343;stand;
-6.761398299999999;-0.17913818;5.6797943;null;
-2.1125336;-1.6835327000000002;8.107773;bike;
-2.8575897;1.0241394;9.368179;stairsup;
-9.212888000000001;-2.2409727999999998;8.6574335;walk;
-4.4436383;-1.9632453999999997;9.327810000000001;walk;
-5.975927400000001;-4.711789;11.128249;stairsup;
-5.162979;1.8882141;8.145859;null;
1.2924194;0.5642853;10.170563000000001;sit;
-4.9405823;0.73091125;8.059174;null;
-7.8146744;5.535394;4.1946416;stairsup;
-7.2592196;0.80445176;4.912902;null;
-1.1379395;0.37742615;6.5381165;null;
-3.083732;0.59376204;12.488156;walk;
-0.8762778;0.60932434;9.680955;null;
-2.123413;-0.2700348;10.083679;stand;
-0.7565677;0.08619126;9.758766;stand;
-1.9919758;0.5650316;6.837839999999999;walk;
5.056491;-0.612908;10.112982;bike;
0.3118744;-0.74090576;9.82045;sit;
-8.280075;1.1026917;4.488418599999999;stairsup;
-2.706604;0.121536255;9.862305000000001;stand;
-6.617573299999999;-1.8674773;6.780379300000001;walk;
-3.1603463;0.89064306;9.672575;bike;
-9.235961999999999;1.1629486;14.450470000000001;stairsdown;
-5.841851999999999;3.4859576;7.383717999999999;stairsup;
0.612908;-1.072589;9.959755;sit;
0.9193620000000001;-1.225816;11.338797999999999;bike;
-2.92424;-3.5223693999999997;11.474808;null;
-2.834735;1.8291701;5.535394;walk;
-3.217767;0.306454;9.19362;null;
7.420828299999999;-0.5758055000000001;6.117185;sit;
3.265691;0.50996494;8.835801;sit;
2.9113130000000003;0.9193620000000001;9.500074;stand;
11.77229;0.9792285;16.597803;stairsdown;
-2.3558946;0.25019407;9.131485000000001;stand;
-2.604859;-0.306454;9.806528;null;
-2.8827515;0.7416229;9.861114500000001;stairsdown;
-6.235698;0.8547299999999999;9.376891;walk;
-2.4612392999999995;0.82360536;5.2863975;walk;
-0.72239685;3.7080078000000003;12.524550999999999;stairsdown;
-1.4460297;-0.24697876;9.4015045;null;
-1.1001357;0.272939;9.457097000000001;null;
-0.9193620000000001;0.766135;6.12908;stairsdown;
0.9193620000000001;1.225816;9.959755;sit;
-1.9377441000000002;1.7996979;9.871825999999999;stand;
-3.0612793;0.68330383;4.236297599999999;stairsup;
-2.2697031;0.41180268;9.883265;stairsup;
-3.1603463;0.6512229;8.39886;walk;
-2.298405;-0.153227;10.419436;bike;
-1.306778;0.9194030999999999;8.951614;bike;
-3.4799721;-0.24540567;4.972757;stairsup;
-5.2409077;1.4664485;5.8622026;walk;
-2.9496564999999997;0.5363011999999999;9.193734;stairsup;
4.059601;-0.08198547;9.568328999999999;sit;
5.027823400000001;0.90979666;7.891288799999999;sit;
7.372944400000001;-0.37349546;6.1866174;sit;
-5.7365074;1.9249381999999997;6.924031299999999;null;
-2.3876342999999998;0.1096344;4.8992309999999994;stairsdown;
-0.89064306;-0.41180268;9.232041;bike;
-3.5541922999999995;0.36032736;8.792705999999999;stand;
-1.6306763000000002;-0.17481995;9.608794999999999;walk;
-1.5152283000000002;-0.5842438;8.673309;bike;
0.6628113;-0.29621887;9.430267;walk;
-0.13580322;-0.220047;9.955138999999999;bike;
1.4864197000000001;0.32029724;10.230072;sit;
-1.53227;1.072589;9.500074;stand;
-2.2136993;-0.06011963;6.614089999999999;walk;
-1.9425048999999999;1.7663726999999998;9.827789;stand;
-5.4683566;-0.22984336;6.837839999999999;walk;
3.8690300000000004;0.61291564;8.896853;sit;
-2.298405;4.137129;7.66135;stairsup;
1.685497;-0.153227;9.959755;sit;
-3.8414967000000004;1.6256628999999998;6.9587474;stairsdown;
7.675552400000001;-0.8611145;6.098739599999999;sit;
-4.1060557;0.14006079999999999;7.7572136;stairsup;
7.8625584;0.11492168;5.506664;sit;
-2.758086;-0.306454;9.040393;bike;
-3.168396;-1.6232758;10.212219000000001;stairsup;
3.8621979;-0.029174805;9.032547000000001;sit;
-3.4788666;-2.4381104;9.639542;walk;
-9.719177;2.1865082;13.2948;stairsup;
-0.92251587;-0.24266052;10.02179;bike;
-6.3685765;0.7757214;7.2975270000000005;stand;
-2.9113130000000003;0.306454;9.346847;stand;
-1.9919509999999998;1.685497;9.500074;stand;
-3.0539702999999996;0.17315674;9.207504;null;
4.653671299999999;0.8503723;8.574326;sit;
-2.451632;1.225816;7.201669;null;
-0.8568878000000001;-1.3847961000000002;9.720474000000001;sit;
-1.7935637999999998;1.3847656000000002;9.451492;stand;
-3.300407;-0.272939;13.329718;null;
-0.5686229;0.8822633;9.947908;null;
-5.985504;3.7349546;11.540052000000001;walk;
-2.9592332999999997;-1.7238252;6.445191;walk;
-1.9919509999999998;0.0;9.040393;bike;
-1.891159;1.3966675;9.413406;stand;
-3.2574919999999996;0.55163574;9.086105;bike;
4.903264;1.072589;5.8226260000000005;stairsdown;
-7.0115050000000005;-0.8187103;10.929901;stairsdown;
-7.97748;-4.0797195;11.405977;walk;
-4.903264;-0.306454;6.895214999999999;stairsdown;
-5.2169657;2.2230163;7.678205;null;
-1.8246765;-1.4733124;9.809937;bike;
3.2992098;0.21667525;8.8777;sit;
-3.453636;0.6512229;7.854178999999999;stairsup;
-4.344299299999999;0.8237457;9.433838;stand;
-1.454361;-1.0872498;12.250809;null;
-3.2231445;1.261734;8.335297;walk;
-3.064578;-2.0171148999999997;9.069236;bike;
-1.5143325;2.6850972;11.534067;null;
-2.5067291000000003;1.6220716;6.549339;stairsdown;
-4.757293700000001;-1.1543427;10.941803;stairsup;
-4.595428500000001;2.6447296000000002;6.204864499999999;null;
-1.7995148;1.1455383;5.8023834;stairsup;
2.604859;0.612908;9.653300999999999;stand;
5.274948;0.13983154;8.232742;sit;
-5.813122;-0.34476504;8.90643;walk;
-4.9477234;-2.0624542000000003;8.537628;null;
-2.8399048;-0.51997375;7.860412599999999;stairsup;
1.5114136;0.50953674;10.207458500000001;sit;
-3.1794999;2.6719291000000003;10.295067;walk;
-4.903264;1.685497;8.580712;stand;
-3.8295257000000005;0.5638345;10.268730999999999;null;
-1.217514;-2.724945;8.961136;stairsdown;
-4.59681;-1.685497;6.282307;stairsup;
-4.2425256;-1.8195933000000002;9.988609;walk;
-2.4133554;2.5187001;7.249642999999999;bike;
-2.2412415;-0.27122498;10.006317;stand;
-1.0913544;0.37429809999999997;6.473648000000001;walk;
-3.6289977999999996;-0.9448700000000001;8.535248;stairsdown;
-6.2902527;-0.54496765;12.421204;stairsdown;
-4.33461;0.9348755;8.527908;stand;
-4.1838675;1.6304513;10.480618;walk;
0.306454;0.153227;12.411387;bike;
-1.53227;-4.903264;13.024295;walk;
-3.5003227999999997;0.9840169;9.92636;stairsdown;
-10.727097;5.6694336;13.296982;stairsup;
-4.9142303;1.4823608;9.203934;stairsdown;
-9.985778999999999;-1.1424408000000001;10.144378999999999;walk;
-0.5975951999999999;0.37028503;11.125092;walk;
1.5340271;0.4893036;10.187225;sit;
-1.2033996999999999;-0.8686981;7.785431;walk;
-2.604859;-0.612908;9.346847;stand;
-1.379043;1.9919509999999998;9.346847;stand;
-7.144297999999999;0.641646;11.865664;stairsdown;
0.766135;-0.9193620000000001;9.959755;null;
-3.3243102999999996;1.1855621;10.689484;walk;
1.9285294999999998;0.35434186;9.334992;stand;
-5.8401947;0.28027344;7.886398299999999;stand;
-5.851429;-0.90979666;12.047623;stairsup;
-7.889694;0.32788086;9.455063;stairsdown;
-3.830675;0.45968100000000006;11.185571000000001;walk;
7.883835;-0.5469055;5.9106903;sit;
-0.5650316;-4.1276035;12.162544;walk;
-3.0490158;-0.023942016;8.950723;stand;
-0.42723083;-0.17913818;10.066818;bike;
-5.3821654;-0.7469909;7.603985000000001;null;
-1.2258313;-0.12808979;4.0198646;stairsdown;
-0.31416320000000003;-2.6618652000000003;8.624313;bike;
-0.22966003;-0.39694214;12.107986;walk;
-2.9766082999999997;0.11126709;9.250351;null;
-2.0484313999999997;-0.7722931;9.636169;walk;
-5.0606230000000005;0.8765564;13.568344;walk;
8.580712;0.45968100000000006;5.362945;sit;
-1.4295349;2.5007172000000004;13.131744;walk;
-2.8111725;-1.0848693999999999;9.590744;null;
-3.3518825;2.1930888;7.9487495;stairsdown;
-1.7142484;0.24899697;7.4124484;walk;
-6.08197;-1.2888336;9.993225;null;
-0.306454;1.072589;11.032344;bike;
-3.1063384999999997;0.48855590000000004;11.527175999999999;stairsup;
5.2570953000000005;0.2088623;8.291061000000001;sit;
-2.0089874;-1.5549927;9.814499;bike;
-5.0397944;0.7015011;8.714894000000001;walk;
-1.4173675;-0.30645782;10.448297;null;
-5.93762;2.4708161;9.509769;bike;
-1.0139923;-0.20651245;9.62883;stand;
-3.466804;2.0781669999999997;7.9487495;walk;
-6.1865387;-0.020843506;7.7769012;null;
3.7895966;-0.012512207;9.057541;sit;
-3.0803222999999997;-0.36643982;8.240082000000001;stairsdown;
-5.059433;-0.8920593000000001;5.9892426;stairsup;
-3.0166939999999998;-0.7182605;2.183512;walk;
-4.290356;0.45968100000000006;5.8226260000000005;walk;
-2.7700913;1.4197617;9.651027000000001;bike;
-2.2067259999999997;1.9936981;7.468841599999999;null;
-2.6731262000000005;1.2545617;9.830592;walk;
-2.604859;0.766135;8.121031;stairsdown;
-1.6413879;0.49882507;12.669952;walk;
-2.268506;3.5218705999999997;9.160214999999999;bike;
-1.685497;-0.153227;5.8226260000000005;walk;
-0.9193620000000001;-1.685497;10.879116999999999;bike;
-6.170044;1.7687529999999998;8.187714;stairsup;
-3.6587523999999996;1.9603728999999999;12.350983;walk;
-8.7053175;5.5641245999999995;7.489063000000001;null;
-3.466804;1.5610195;10.304644999999999;stairsdown;
-4.2108307;1.2705078;5.808334400000001;stairsup;
-2.5935363999999996;-1.0853118999999998;9.720673;stand;
7.9312744;-0.31645203;6.457184;sit;
10.72589;-2.604859;10.572663;walk;
-3.7828386;-1.5610195;4.941632299999999;stairsdown;
-5.5440062999999995;0.48335266;7.0891724;walk;
-2.6623523;1.2449848999999997;8.781932000000001;walk;
7.9241333;-0.13078308;6.5631104;sit;
0.9163208;-0.7699126999999999;13.256714;walk;
1.2390288999999999;-1.1836548;12.015152;walk;
-6.742522999999999;-5.378311;14.041046;null;
7.311891999999999;1.4089876000000001;6.030994000000001;sit;
-4.577408;-1.6490173;8.305344;null;
-3.083732;0.21068975;9.232041;stand;
-4.344299299999999;-1.4673615;7.120117;stairsup;
-4.2664676;0.44771573;9.309854;walk;
-0.306454;1.8387240000000002;11.492025;bike;
-6.12908;2.604859;7.66135;stairsup;
-5.669398999999999;-0.153227;7.814577000000001;stand;
-13.503298000000001;-0.6607997;14.154520000000002;stairsdown;
-5.056491;1.685497;10.72589;walk;
5.209718;0.306454;8.887166;sit;
-2.145178;0.45968100000000006;9.653300999999999;stand;
-1.026062;3.8456268;13.636382999999999;walk;
-1.6567876;-0.7374141;9.710882000000002;null;
-0.08683777;-1.2741089;12.216292999999999;bike;
-1.340753;-0.5554548;10.505757000000001;bike;
4.137129;0.153227;6.282307;stairsup;
-1.1438903999999999;3.7682648000000003;9.008942;bike;
-2.2984335;0.19153613;6.081272;stairsup;
-2.298405;0.0;9.806528;bike;
-3.9597015;0.091033936;9.581223;stairsdown;
-7.9487495;-1.7142484;7.852981599999999;stairsup;
-2.7147675;1.2562256;8.690964;bike;
-2.5187001;-0.8714894;8.829816000000001;stairsup;
0.8734741;-0.14744568;9.776611;bike;
3.888382;-0.41717529999999997;8.976608;sit;
-3.0779419999999997;-1.0496063;7.489074700000001;stairsup;
0.30830383;-1.7287598000000002;7.618606599999999;walk;
-0.45120240000000006;-1.701828;10.044402999999999;sit;
-3.0242157000000005;0.25408936;9.228928;null;
-2.9113130000000003;-0.306454;6.895214999999999;null;
3.916914;0.63206923;8.944737;sit;
1.7436676;0.25408936;9.697861;sit;
3.6586760999999997;0.027954102;13.869461;walk;
4.8099513;0.5734113000000001;8.176199;sit;
2.1068976000000004;-1.292869;12.631808;null;
-4.3574470000000005;-0.5554548;5.659893;null;
-1.7911834999999998;0.12435913;5.6821747;walk;
-2.1803741000000003;0.9729614;11.67952;walk;
0.40335083;-0.5330658;10.276489;sit;
2.4042206000000004;-2.3321838;15.261978;stairsdown;
-1.0141601999999998;-1.5197296;10.068207000000001;sit;
-2.7647552;-3.0474854;8.043503;stairsup;
-1.0996857;0.07318115;10.733322;null;
-2.451632;-1.685497;12.104933;stairsdown;
7.8943787;-0.15220642;6.564300500000001;sit;
5.2987519999999995;0.22314453;8.177994;sit;
0.63067627;-0.96391296;8.218658;null;
5.209718;0.766135;8.580712;null;
-1.8972778000000001;0.39408875;9.977753;null;
-1.3985901;1.2153167999999999;9.38504;bike;
5.516172;-0.766135;6.895214999999999;walk;
-1.072589;0.306454;10.266209;bike;
-0.766135;-0.766135;9.959755;stand;
-3.217767;1.9919509999999998;9.500074;stairsup;
7.574057000000001;-0.33518824;14.147338000000001;null;
-6.253655;3.083732;4.5872903;walk;
-3.7960067000000004;-1.1587936;10.830172;bike;
-10.04607;4.012682;9.222465;stairsup;
-1.0247183000000002;-0.047884032;9.442732000000001;stand;
-6.282307;0.0;7.508122999999999;stairsup;
-4.903264;1.379043;9.040393;stand;
-5.1235914000000005;2.2122424;7.7572136;null;
-2.2708282000000004;1.2145691;8.938522;walk;
-2.8982238999999996;-1.983902;13.447144;bike;
4.059369;1.7345991000000003;8.441956;sit;
-3.9839019999999996;-1.9919509999999998;11.338797999999999;null;
-4.777359;1.2193298000000001;9.101578;stairsdown;
-0.59376204;-0.2777274;5.3019595;stairsdown;
0.153227;0.766135;6.895214999999999;walk;
-5.669398999999999;-1.379043;14.403338;walk;
-8.628703;-0.21068975;7.881711999999999;stairsup;
-1.3889008;-1.3371886999999998;9.551468;bike;
-1.8996581999999997;-2.0648346;9.905151;stairsup;
-7.620712299999999;-2.7987366000000002;13.176773;walk;
-4.443583;0.45968100000000006;9.653300999999999;null;
5.3580933;0.42027283;8.794708;null;
-0.153227;0.45968100000000006;9.959755;sit;
5.104438;0.94810385;7.9391727;sit;
-3.8384705;-0.49378967;8.719727;walk;
-0.545878;-1.2162545;9.988609;walk;
7.201669;-0.612908;7.201669;sit;
0.29623413;0.9737091;11.877289;bike;
-2.5637817000000003;0.80589294;11.987976;walk;
-2.9496564999999997;-0.23942018;9.030928999999999;stand;
2.457779;-0.48144529999999996;12.351974499999999;walk;
-5.016754;-1.8244171000000002;8.620941;null;
-9.653300999999999;0.45968100000000006;5.362945;stairsdown;
-3.2124328999999996;-0.5247345;6.0370483;stairsdown;
-10.587845;2.8736877;12.482895;stairsup;
-3.083732;-4.9895163;13.474567;walk;
-2.0781669999999997;2.4995465;8.781932000000001;stairsdown;
-4.4145203;-0.17481995;5.9287415;stairsdown;
-3.370994;0.612908;10.879116999999999;stairsdown;
-0.70692444;-1.7025756999999997;9.708572;sit;
-4.9703627;-0.26815059999999996;8.418014;bike;
-2.27928;-1.1492168;10.70687;bike;
-3.6774480000000005;0.9193620000000001;9.346847;null;
0.4307251;-0.547348;10.320526;null;
-4.137129;0.45968100000000006;5.056491;stairsup;
-2.2851105;-2.2726745999999998;6.133255;stairsup;
-1.8004397;-1.0498575;6.2464724;stairsdown;
4.750037;0.45968100000000006;8.887166;sit;
-0.9235382;-1.1122437;10.038254;walk;
-6.4116516;-2.4290314;9.861114500000001;bike;
1.3864441;0.72377014;10.231262;sit;
-4.1862617;1.1468226000000001;9.404425;stairsup;
-3.6774480000000005;-2.451632;7.814577000000001;walk;
-5.828293;2.8094177000000005;9.461014;walk;
-4.4364557;2.420538;12.601881;stairsup;
0.29045105;-0.6694945999999999;9.777603;sit;
-3.524221;6.588761;11.185571000000001;stairsup;
-2.9113130000000003;-1.9919509999999998;10.72589;stairsup;
-2.2553558;-0.48263549999999994;9.474105999999999;stand;
-6.245025599999999;0.43217468;6.75473;stairsup;
-0.6895300999999999;-2.3175871;7.5082164;stairsdown;
-4.912902;2.1068976000000004;7.881711999999999;stand;
-13.465713500000001;-1.1931763000000002;8.416031;stairsdown;
-2.298405;-1.685497;10.112982;walk;
0.12620544;-1.0729674999999999;12.962539999999999;walk;
-7.833828;-0.18195933;6.301539;stairsup;
-4.7368927;0.97772217;8.555283;stand;
-3.6379894999999998;0.32800564;8.760384;stand;
-0.61291564;2.327164;9.375694000000001;stand;
-0.5746084;0.45968673;9.184157;null;
3.830675;-0.306454;9.500074;sit;
-3.6774480000000005;-0.45968100000000006;9.346847;stairsup;
-4.995163;-0.2529297;6.03566;stairsup;
1.6209106000000002;0.6118927;10.202698;sit;
-3.456253;1.2621765;9.002792;null;
-10.400413;-2.9496564999999997;8.293514;walk;
-0.8523358;-1.5514427;9.3661175;sit;
0.38804626;-1.4121704;6.8045197;stairsdown;
-3.217767;-0.45968100000000006;9.19362;stand;
-5.5545480000000005;1.0342950999999998;7.8050976;null;
-1.9459076000000002;-1.4871521;6.22847;stairsdown;
0.306454;-1.225816;8.887166;walk;
-1.9249381999999997;0.6799533;9.835381;null;
-2.5600433;-1.7394714;8.213699;bike;
-6.316269;2.0655518;7.828079;null;
-2.61615;0.6856842;7.5628660000000005;walk;
3.0825348;0.48243165;8.908825;sit;
-4.7405194999999996;0.63206923;8.504205;stand;
5.446167;0.68211365;8.772095;sit;
-1.53227;-1.379043;7.201669;stairsdown;
-2.8862102000000003;0.49559975;7.787141;stairsdown;
-2.2769470000000003;0.7440033;6.8463745;walk;
-4.55856;0.6991069000000001;8.695741;stand;
1.5705963;0.25857377;9.557653;sit;
-1.225816;-1.685497;8.733939;stairsdown;
-1.7496948;0.41670227;9.194611;walk;
6.0513449999999995;-1.2174516000000002;6.1530986;stairsup;
-3.06454;-0.612908;9.19362;stand;
-4.0836487;1.2522125;10.744232;stairsdown;
1.7946776999999998;-0.6401825;9.837311;null;
-0.306454;0.306454;9.959755;sit;
-0.9193620000000001;-0.9193620000000001;5.056491;walk;
-2.1643584;1.8962077000000002;9.375694000000001;stand;
1.6663644;0.641646;9.337387;sit;
3.830675;0.0;9.500074;null;
-2.2091064;-0.24266052;9.25531;null;
-0.7320861999999999;-1.7756195;11.165558;bike;
-1.3033752;-1.4590302;9.467163000000001;stairsup;
-1.1827357;-1.5310919;8.702923;bike;
-0.153227;-1.8387240000000002;9.806528;sit;
4.0821137;1.6783354;8.446744;sit;
-3.9839019999999996;0.0;10.419436;stairsup;
-5.209718;-0.306454;8.733939;bike;
-0.7613561;0.49919105;5.01705;null;
-2.758086;-0.45968100000000006;9.346847;stand;
-2.5953147;-0.18195933;9.682152;bike;
-3.06454;0.9193620000000001;8.274258;walk;
-0.766135;-0.9193620000000001;9.806528;stand;
-3.5597992;0.0065307617;9.840683;bike;
-1.9919509999999998;0.153227;9.806528;null;
-4.0821137;0.7290344;9.28232;walk;
-9.205017;6.271225;14.526642;null;
1.5185547;-0.9543915000000001;6.657135;stairsdown;
-0.666626;2.0734406;10.02179;stand;
1.6460136000000003;-0.16519992;9.367314;sit;
3.830675;-0.45968100000000006;9.500074;sit;
-0.9193620000000001;0.45968100000000006;9.653300999999999;bike;
-1.1841888;0.16482544;9.659775;bike;
-2.8016509999999997;-0.8932495;9.378891000000001;stand;
1.4828491000000001;1.8496857;8.529297;bike;
-5.8782806;0.463562;6.209427;walk;
-1.8387240000000002;4.290356;9.500074;bike;
-2.72939;-0.13407529999999998;5.056554;stairsdown;
-4.434061499999999;-3.1986535;6.445191;stairsdown;
-1.4150848;-0.17318726;9.622879;stand;
-0.530777;3.7199097;10.034683;null;
8.218109;0.09297180000000001;6.284607;sit;
-2.758086;-3.370994;10.572663;stairsdown;
8.762777999999999;1.5801731;4.9320555;sit;
-4.7884035;-0.94810385;7.431602000000001;walk;
-1.0570068000000001;0.18818665;10.276489;stand;
-4.795212;1.7203979999999999;11.218917999999999;stairsup;
-0.236969;-0.3188324;10.189606;stand;
-1.6116333;0.96894836;4.537414599999999;walk;
-4.4798126;1.9310608;8.34343;stand;
0.17602539;2.2388763;9.946808;bike;
-1.4902343999999998;0.12034607;9.907532000000002;stand;
-1.9536686;1.3587095;8.955511;stairsdown;
-1.3735962;-1.8886870999999998;13.147217000000001;walk;
-2.6542357999999995;0.4143219;7.2677;stairsdown;
-2.858677;-0.688333;8.628703;bike;
4.3478703;1.6759412;8.628703;sit;
-5.362945;0.766135;5.975853;stairsup;
-1.225816;2.145178;9.653300999999999;stand;
-0.41430664;-0.13673401;10.556183;stairsup;
-2.9113130000000003;0.612908;7.814577000000001;stairsup;
0.1010437;-0.72706604;9.608794999999999;walk;
-5.669398999999999;-0.153227;7.967803999999999;stand;
0.612908;-1.685497;8.733939;walk;
-0.018997192;-0.92300415;7.873306299999999;stairsdown;
-4.0701427;0.48841715;7.517792999999999;null;
-1.506897;-1.484024;9.573089999999999;bike;
-0.7676239;0.69802856;9.872817999999999;bike;
1.9919758;-0.7374141;9.3182335;bike;
-4.750037;-1.072589;7.967803999999999;stairsdown;
-1.53227;0.9193620000000001;9.19362;bike;
8.743625;1.0103531;7.5668745;stairsdown;
4.501099;1.6184803;8.590396;sit;
-3.944397;-1.1495819;10.710907;null;
0.40930176;-0.5425873000000001;10.253876;sit;
1.4352417;0.27745056;10.225311;sit;
-4.3574470000000005;2.1068976000000004;13.867216;stairsup;
-1.0151415000000001;0.30645782;10.429143;walk;
-2.2505496;2.3175871;8.954314;null;
5.257667;0.8810662;8.207322999999999;sit;
0.4711914000000001;-0.5818634;10.28244;sit;
-2.451632;-1.379043;8.733939;null;
-2.732788;0.03227234;9.939667;stand;
-10.94014;-1.7966003000000001;6.571243300000001;walk;
-6.0319824;0.9987030000000001;8.011566;stand;
4.290356;0.766135;9.19362;bike;
-4.9523163;5.681335400000001;8.815933;null;
0.2777274;-0.20111294;9.816227;sit;
-1.0544586;-3.084381;8.656448;bike;
-1.225816;-1.072589;5.669398999999999;walk;
-2.5378537;0.047884032;9.107543;stand;
1.340753;0.59376204;9.548077000000001;sit;
7.961028999999999;-0.34144592;6.490508999999999;sit;
-0.15246582;-1.5887604;10.207458500000001;bike;
-6.010559;-1.0567474;7.242706299999999;stairsup;
7.354896000000001;-0.45968100000000006;6.741988;sit;
-6.588761;0.0;12.25816;walk;
1.5365753;0.28503418;9.684769000000001;sit;
1.462616;-0.09983826;21.648712;stairsdown;
-0.306454;-1.9919509999999998;11.645252000000001;stairsdown;
4.006210299999999;1.7382506999999998;8.542191;null;
-2.5114136;0.37147522;6.316742;stairsdown;
-6.3269806;0.5242614999999999;8.677872;walk;
-4.801571400000001;-3.453636;9.453505499999999;null;
-7.785944000000001;4.060566000000001;10.505757000000001;stairsdown;
-0.33518824;1.2066777;11.33894;bike;
-3.7718199999999995;0.8915863000000002;6.231048599999999;stairsdown;
-2.3174132999999997;1.4247893999999999;8.424561;bike;
-1.3970166000000002;1.9057846;10.904391;stairsup;
8.887166;0.9193620000000001;4.750037;sit;
-10.021484;-1.1495819;4.4969482;stairsdown;
0.803421;-0.838501;9.320572;walk;
-5.752289;0.45954895;8.29245;stand;
-1.5543365;-0.39813232;9.632400500000001;stand;
-2.9975405;0.4213795;10.0748005;stairsdown;
-1.7525556;3.7445314;8.121132000000001;bike;
-3.830675;2.604859;9.346847;walk;
-3.8786068;0.10534488;5.1523223;stairsup;
-0.766135;0.0;9.959755;stand;
-2.758086;1.685497;6.895214999999999;stairsup;
-4.9404144;-3.7984923999999998;8.4326935;walk;
-4.096479;2.2541409;12.146982000000001;null;
-2.4289176;3.4943372999999998;7.735666;stairsdown;
-8.427589999999999;-3.6487634;10.936713000000001;walk;
-3.2160034;-0.34858704;8.453125;walk;
3.7681732000000006;-0.085113525;9.015884;sit;
-2.2982025;-0.19699097;8.460068;bike;
-0.36312866;0.4797821;11.973694;null;
1.5994873;0.4976349;10.238403;sit;
-4.596451;-1.1289063;9.497910000000001;walk;
-1.685497;-0.153227;5.209718;walk;
-7.6161194000000005;-3.1217194;9.57666;null;
-0.041778564;-1.0317535;7.8854065;stairsdown;
-4.232949;1.3120226000000001;8.599973;null;
-5.8226260000000005;0.0;7.508122999999999;stand;
-4.6656494;0.6130829000000001;9.033936;stand;
-2.1260512;2.2122424;9.404425;stand;
-3.8307227999999998;1.6472107;8.724471000000001;null;
-1.616394;0.5714264;11.334564;walk;
-2.8004607999999998;0.31359863;9.099197;stairsup;
0.6703765;-0.2777274;9.653421;null;
-4.903264;1.685497;8.427485;stand;
-4.520447;1.1093903;9.644501;null;
-1.5567169;-2.422638;9.875198;stairsup;
-4.404831;-1.0860596000000002;6.097549400000001;walk;
3.8169708;-0.48382568;8.98851;sit;
-1.9728221999999997;0.05746084;5.171476;walk;
0.094570965;-1.1228806;6.649895;walk;
-0.68074036;-0.58499146;9.781174;stand;
-0.10055647;-2.31639;6.467936;stairsdown;
-0.48602295;0.31244332;9.442732000000001;sit;
-2.3654714;1.7429788;6.3302693;stairsdown;
-1.91156;-1.3566742;8.907776;bike;
-6.144882;-1.2407837;8.735000999999999;stairsup;
-2.451632;0.612908;7.048442;stairsup;
-2.5624237;-1.0920105;10.020401;bike;
-0.8714894;-1.0342950999999998;9.653421;sit;
9.977836;-2.5390507999999996;8.1343;stairsdown;
0.7793127;1.0402806;9.390058999999999;sit;
-7.548918;0.8738836;8.305486;walk;
-2.9113130000000003;-1.9919509999999998;9.19362;stairsdown;
-0.40701428;0.2621651;9.416395;sit;
2.145178;0.45968100000000006;11.492025;bike;
-2.0781669999999997;0.6775591;6.2285156;walk;
-2.758086;0.766135;9.19362;null;
-2.4102478;0.43455505;6.6345215;walk;
-2.3815155;-0.5314331;9.488388;stand;
5.4176025;0.64164734;8.704253999999999;sit;
0.39501953;-5.459244;12.944885000000001;stairsup;
3.805069;-0.43740845;9.065872;sit;
-1.685497;0.153227;9.959755;null;
-0.41175842;1.7918091;9.466965;stand;
-3.8454437000000006;1.0277100000000001;8.494583;stairsdown;
-2.3175871;-0.9576806999999999;6.081272;walk;
1.2737153;0.5746084;9.56723;sit;
-6.2500634;2.8179752999999996;10.658986;null;
0.9688568000000001;2.3523865;8.15657;bike;
-2.298405;-0.766135;9.959755;bike;
-2.6125792999999997;-0.6806488;12.364075;bike;
-1.685497;-1.072589;10.72589;null;
-2.2602843999999997;-2.0457916000000003;10.117004;stairsup;
-9.805893;1.0277100000000001;11.333176;walk;
-0.766135;-1.225816;5.056491;walk;
-0.6820984;-1.6006622;9.96347;sit;
-0.8235626;-1.4966736;9.670486;sit;
-4.9356537000000005;3.6484985;9.912094;walk;
-0.4141969;0.30526072;9.495403999999999;null;
-3.1124623;1.8195933000000002;9.461885;null;
4.271256;1.340753;8.341399000000001;sit;
-5.2119446;-1.6470794999999998;9.162476;stairsup;
-1.4748282;-0.9672575000000001;6.4164605;stairsdown;
-3.083732;0.58418524;8.829816000000001;null;
-3.6774480000000005;-2.298405;9.19362;walk;
-4.290573;0.7373046999999999;8.827835;stand;
4.453215;-0.074220255;8.318653999999999;walk;
-3.8882904000000003;-0.38385009999999997;8.045883;walk;
-3.6182861000000006;-1.8101348999999998;9.802795;stairsdown;
0.45968673;-0.46926352;9.461885;null;
3.3650506;0.24420857;8.804677;sit;
-3.4100037000000003;1.6890106;7.349823;stairsdown;
-1.3448639;-0.2184143;9.582413;stand;
-0.2570343;0.09936523400000001;10.544083;bike;
-2.091278;-0.43785095;12.262909;bike;
-6.126762;3.3327288999999998;6.55293;stairsdown;
0.40811157;-0.3759613;11.830872;bike;
-5.975927400000001;-1.4939818;6.837839999999999;null;
-4.31914;4.855441000000001;13.340492000000001;stairsdown;
-5.6737366;3.6373443999999995;9.855164;null;
0.11492168;0.41180268;11.377247;bike;
-7.089231;-0.50876784;7.065289;stairsup;
-0.77119446;1.5704346000000002;9.571701;stand;
-6.2632318;-0.24899697;7.5082164;stand;
-3.323152;2.657564;11.96622;null;
-0.9193620000000001;2.145178;9.19362;null;
-6.12908;-0.9193620000000001;2.604859;null;
-2.9113130000000003;2.451632;11.338797999999999;stairsdown;
-2.2313959999999997;0.34476504;11.511322;walk;
-2.0518308000000003;1.447295;7.5944076;bike;
-4.060566000000001;-0.9864110999999999;12.5743475;stairsup;
-0.20111294;3.2561142000000003;15.361198000000002;null;
7.5572976999999995;-2.8287494;5.825093;stairsup;
0.010757446;-2.4119262999999997;8.7921295;bike;
-2.1388854999999998;-0.9960479999999999;9.600464;null;
4.548983;1.6950948000000001;8.494628;sit;
-3.1028854999999997;-0.23942018;8.963891;null;
-1.1105652;-0.7294463999999999;10.632355;bike;
-3.8019924;1.5993267;1.436521;stairsdown;
4.156333999999999;1.3215994;8.427589999999999;sit;
1.9919509999999998;0.153227;9.806528;sit;
-4.552582;-0.34739685;10.293152000000001;null;
-3.1411927000000004;-1.2354081000000001;9.011775;stand;
-2.7849884;-0.5552368000000001;9.507431;stand;
-4.565674;0.8594513;9.627838;stairsup;
-6.2521667;-1.8291779;8.044891;walk;
-2.5816345000000003;0.14533997;9.8992;stand;
3.06454;-0.766135;7.048442;null;
-2.758086;0.0;12.411387;walk;
-2.2505496;3.5913025999999997;10.907983;bike;
2.0494366000000004;-0.80445176;11.635819999999999;bike;
3.9839019999999996;-1.072589;3.370994;null;
-2.7485435000000003;2.2122424;10.754754;walk;
-5.244079599999999;2.2055511;10.762085;walk;
-0.25857377;1.5131354;10.726024;bike;
-3.9073372;1.7238252;8.322245;stairsup;
4.338293599999999;1.2354081000000001;8.303091;sit;
-2.4029388;0.68374634;9.369369500000001;null;
0.095768064;2.8443117;10.745177;null;
-2.0302830000000003;1.4077905000000002;7.680599000000001;bike;
-4.0797195;1.7621324;8.350976;null;
-5.362945;-1.8387240000000002;7.814577000000001;null;
0.153227;-0.766135;7.967803999999999;stairsdown;
3.7646027;-0.039886475;8.840927;sit;
-2.7375488;-1.3923798;6.792816;walk;
-1.685497;2.758086;9.500074;stairsdown;
0.26307678;-0.76708984;9.868057;sit;
-0.71287537;-1.7001953;9.789505;sit;
-4.3574470000000005;2.825158;6.5601125;stairsdown;
-2.0973208;0.31603462;9.471461999999999;stand;
-0.11795044;-0.73301697;10.250305;stairsup;
-9.959755;0.9193620000000001;11.951706;walk;
0.6344634;1.3204023;9.367314;null;
-2.8000187999999997;0.35075054;8.9842415;stand;
-2.000824;1.5330963;11.69162;stairsdown;
0.26545715;-0.7301941;9.910903999999999;sit;
-3.1890767;-1.8195933000000002;8.408437;null;
3.7158010000000004;0.641646;8.7053175;sit;
-2.2934417999999996;0.09579468;14.675217000000002;stairsdown;
-1.5514427;1.0055646999999999;10.984597;stairsup;
-4.897567700000001;2.201233;9.250351;null;
-2.0015526;2.825158;8.695741;stairsup;
-9.982208;2.8387298999999997;12.948456;walk;
-5.4539914000000005;5.7245364;10.323798;walk;
-2.3750482;-1.7429788;7.249642999999999;null;
-6.282307;-1.685497;11.798478999999999;stairsdown;
5.3723754999999995;0.6118927;8.666167999999999;sit;
-0.7565677;-2.135628;9.414000999999999;sit;
-0.76898193;-0.8282318000000001;10.205078;walk;
-7.148208599999999;1.5656738000000001;8.260117;null;
-2.4133554;0.46686932;9.198523;stand;
-0.5355376999999999;-2.0977173;8.702866;walk;
-7.201759;0.21068975;8.916007;stairsdown;
-3.0016022;-1.2098388999999998;9.263442999999999;stand;
-6.1795654;0.38337708;5.759735;stairsup;
-2.336741;0.92895025;8.90643;bike;
-5.4476013;-0.502121;14.108887;walk;
-1.8387240000000002;-0.45968100000000006;9.653300999999999;stand;
-3.5517980000000002;1.1971009;8.049306;null;
-5.6790465999999995;0.2777274;8.0924015;stairsup;
-0.9564835999999999;0.019153614;9.469068;null;
-5.248090299999999;-0.48841715;8.293514;bike;
-3.4093432;-1.8291701;10.975019999999999;stairsup;
4.5703583;0.8825073;8.66954;sit;
-0.40818787;-0.5385741999999999;9.534805;stand;
-2.0973208;-0.7182605;9.634267999999999;null;
2.717419;0.6907272;9.101558;stand;
1.7496185000000002;0.5075989000000001;9.558608999999999;sit;
-3.4195251000000004;2.1198577999999997;9.686157000000001;walk;
1.4173675;0.79487497;9.634267999999999;sit;
-7.785944000000001;1.9536686;14.097059;walk;
-4.9620055999999995;0.046554565;9.25531;walk;
0.7529764;2.60968;8.846575999999999;bike;
-2.373352;-0.27598572;9.946808;stand;
-1.9823990000000002;-0.41180268;9.490616000000001;walk;
-0.5391083000000001;-0.6575928000000001;9.724045;stand;
3.8498763999999994;0.16280572;8.667010000000001;sit;
-3.370994;0.306454;9.19362;null;
-1.8639526000000002;0.12748718;10.103912;bike;
-2.825158;-1.043872;8.992621;stand;
3.5877112999999996;-2.6982652999999996;5.2564697;stairsdown;
-0.26815059999999996;1.283292;9.346964;bike;
-5.3462677;-0.2922058;5.794052;stairsup;
1.5649719;0.55000305;10.195557;sit;
1.8387240000000002;0.153227;9.806528;sit;
7.939773599999999;-0.5064392;5.8428497;sit;
-2.4516625;0.94810385;7.3645644;stairsdown;
-8.386002000000001;0.27432249999999997;7.6793059999999995;null;
0.30116272;-0.69924927;12.467422500000001;walk;
5.8226260000000005;-0.766135;8.274258;stand;
-3.9098816;0.63093567;9.411224;null;
-0.306454;-4.290356;13.024295;stairsdown;
-6.5505357;1.5705963;7.3166804;stairsdown;
-2.7161255;-1.1329193000000002;9.723053;stand;
-2.6300306;1.9560628;8.945934;stand;
0.25117493;1.0693665;9.671677;bike;
-1.8387240000000002;-2.145178;13.637203;walk;
-5.592636;-0.83374023;6.9521027;null;
-1.2448883;-0.5421448;7.9280550000000005;bike;
-1.5519562;-0.93966675;8.8754425;stairsdown;
-5.3784027000000005;0.17196655;7.410324;walk;
-0.93852705;-0.2873042;9.557653;stand;
-10.512863000000001;8.561584;9.957321;stairsup;
0.6949463;-2.188614;9.295776;bike;
-4.528632599999999;1.3132197;8.285135;stand;
-3.2848446000000004;2.087744;11.597513000000001;walk;
1.685497;-0.153227;9.959755;sit;
-4.2371826;0.40242004;6.398864700000001;walk;
-1.9919509999999998;2.604859;8.121031;walk;
5.056491;0.612908;8.733939;sit;
-0.306454;-1.9919509999999998;9.653300999999999;sit;
-0.7926178;-3.102234;7.275833;stairsdown;
-5.362945;1.072589;7.201669;stairsup;
-5.969925;1.1193541999999999;9.013504;walk;
1.53227;1.225816;9.040393;bike;
-2.7599945;-1.095581;6.973526;walk;
9.172806;0.3981018;3.362503;sit;
-2.9113130000000003;0.45968100000000006;3.9839019999999996;walk;
-7.7135468;0.76586914;9.207504;walk;
-2.8634652999999997;2.9113493;8.6095495;stairsdown;
4.2678833;-2.600418;11.7535095;null;
4.073883;0.31077576;9.496917999999999;sit;
-0.306454;2.451632;8.733939;stairsdown;
-1.1010437;0.07273865;9.817078;walk;
-0.95822144;-0.52949524;12.699707;walk;
7.354896000000001;-0.45968100000000006;7.048442;sit;
-0.6212310999999999;-3.0927124;2.9923553;stairsup;
-4.4752197;-2.3957062000000002;11.569030999999999;stairsup;
-3.5766296000000004;0.78804016;8.886353;bike;
-2.3470001;0.5064087;5.984482;walk;
-1.9919509999999998;0.612908;10.112982;null;
-2.5804443;-0.15577698;9.956329;stand;
2.8634652999999997;0.5554548;14.920665;stairsup;
-0.5178528;-1.0615082;6.970153999999999;walk;
-5.603629;1.4221559;10.462662;walk;
-3.6894648;0.33758244;8.725667999999999;stand;
0.2868805;0.6706543;9.631210000000001;null;
3.8395843999999997;-0.60998535;9.032547000000001;sit;
5.362945;-0.306454;8.580712;bike;
-5.8226260000000005;1.9919509999999998;10.572663;null;
-2.0125580000000003;-0.5397644;16.848495;stairsdown;
0.36391866;-0.4405331;9.490616000000001;null;
3.8621979;-0.43502808;8.980179;sit;
-3.9051207999999997;0.7118683000000001;6.6357117;walk;
-1.379043;-1.53227;16.242062;walk;
-6.853042599999999;3.0522156000000003;6.280838;stairsup;
-2.451632;1.8387240000000002;9.500074;stand;
-5.0086699999999995;1.0821792;6.9144545;stairsdown;
-1.4269443000000002;-1.6759412;9.5385;bike;
-1.635437;2.2245939999999997;8.755432;null;
-3.5051112;1.1204863999999999;7.5082164;stairsup;
-5.209718;-0.153227;9.346847;walk;
-15.916306;1.5168761999999998;16.455734;stairsdown;
-5.350006;-3.176468;10.559753;null;
0.39144897;-0.5925751;7.226043700000001;stairsdown;
-1.7734985;0.28935242;7.1272583;null;
-5.056491;-0.45968100000000006;8.121031;bike;
-4.279635400000001;0.9947908000000001;8.90643;walk;
9.270349000000001;1.2449848999999997;3.5338415999999997;sit;
-0.7904053000000001;1.2914886;6.1346435999999995;stairsup;
0.30645782;0.48841715;7.690175999999999;bike;
-0.795166;-0.010574341000000001;6.510742;walk;
-0.91537476;-1.226944;10.513336;null;
-3.8228302000000003;0.9336853;7.0723114;stairsup;
-0.35434186;-0.79487497;8.226477000000001;null;
-0.6795502;-2.8130188;10.6202545;bike;
-5.033249;0.76348877;11.341507;stairsup;
-1.7983246;-1.9001465;11.536697;walk;
1.53227;0.306454;9.959755;sit;
-8.712112;-1.6930542000000002;5.048996;stairsup;
-3.9839019999999996;-0.306454;8.887166;stairsup;
-2.298405;1.8387240000000002;9.500074;stand;
-1.5414124;0.059646606;10.140808;stand;
-0.21078491;0.33576965;10.161041;walk;
-3.9680328;-1.0943909;6.7378693;null;
-2.873042;-0.29688102;9.069236;stand;
-11.951706;-2.604859;8.274258;stairsup;
-2.451632;-1.53227;9.806528;stairsdown;
4.657242;0.86346436;8.593369000000001;sit;
-3.3985693;2.4995465;7.135917999999999;stairsdown;
-1.9020386000000002;1.7151947;9.845642;stand;
-1.4711914;0.19770813;10.005127;stand;
-3.0932465000000002;1.9703369;9.578842;null;
0.98313904;-1.7251892;9.688339;bike;
-3.6870705999999998;-0.7086836999999999;4.4436383;stairsup;
0.50808716;-0.28907776;9.793274;null;
-3.370994;0.45968100000000006;7.048442;stairsup;
-4.578766000000001;1.1617583999999999;8.973236;stand;
-1.3948517;-0.88848877;6.0416107000000006;null;
-2.6768494;0.04774475;9.812317;stand;
-2.9783869;-0.009576807;5.813122;stairsup;
3.7753143;-0.07797241;9.056351;sit;
-0.18698120000000001;0.5285797;11.360748;bike;
-5.978256;0.49331665;7.717392;stand;
-3.265691;1.685518;11.789049;null;
-4.7788267;-0.7182605;6.5026517;stairsup;
-1.9532166000000002;-0.10935974;9.983704;stand;
-1.685518;0.14006079999999999;9.873688000000001;bike;
-1.379043;-0.153227;6.741988;walk;
-0.78326416;1.9996490000000002;10.276489;walk;
-0.7565677;2.2409727999999998;9.404425;stand;
-3.7660792;2.1380222;7.067683000000001;stairsdown;
-3.1830912000000002;0.39264908;5.753267;stairsup;
-3.1848907000000004;-1.1872253000000001;8.543381;walk;
-1.397232;0.48617554;9.712143;bike;
-0.5642699999999999;-0.104599;10.914429;bike;
4.434061499999999;1.7525556;8.561666;sit;
-1.7046716;-1.9057846;7.565677;bike;
-5.892563;0.6563720999999999;7.8435516000000005;stand;
-11.118672;5.90889;9.691728999999999;stairsup;
-2.9992217999999995;-0.36242676;9.292007;stand;
1.6184803;0.19153613;9.519346;sit;
-1.3747863999999999;0.12748718;10.128906;stand;
-1.0129700000000001;0.15724182;9.762329;bike;
4.633438;0.9194030999999999;8.598129;sit;
-3.0027923999999997;0.9194030999999999;6.986617999999999;walk;
-3.9264907999999994;1.1492168;8.082825;null;
-7.1826053;-0.9576806999999999;2.9496564999999997;stairsdown;
3.8074492999999996;-0.6552124;8.993271;sit;
0.06788635;1.0503235;9.657394;null;
-1.225816;-1.9919509999999998;8.274258;bike;
-0.45968100000000006;-3.6774480000000005;9.500074;bike;
-5.8226260000000005;0.306454;7.66135;stand;
-0.47602844;-1.1907959;9.610977;null;
-0.81402856;-1.532289;9.433155000000001;sit;
-3.2313080000000003;0.16363525;8.823074;null;
-3.2956185;-0.25617957;6.5505357;null;
-0.53689575;-0.20814514;10.251495;stand;
-2.451632;2.298405;10.266209;bike;
-3.0563507000000003;0.36358643;10.665482;walk;
-2.604859;-0.612908;9.500074;stand;
-1.0258942;0.7361145;9.526474;bike;
-0.8619126;-0.05746084;4.5872903;walk;
-0.59974754;0.7254431;4.0414124;stairsdown;
-1.5765818;1.2210428999999998;4.734534;walk;
0.09169006;-2.8939513999999997;10.486953999999999;stairsup;
-2.0508118000000004;1.6318816999999999;9.856354;stand;
-7.4505157;4.479248;12.982773;stairsdown;
-6.419815;-0.68258667;8.831406;walk;
-3.168726;-0.6967127;7.2568254;stairsup;
-1.8459294999999998;1.9285294999999998;8.221688;stairsdown;
-1.2557677999999999;1.3486176;8.177002;stairsdown;
-10.058212;4.0638733;11.896133;null;
-5.8759003;0.49331665;7.83165;stand;
-3.217767;1.072589;7.66135;bike;
-4.5226593;1.0050964;11.778305;stairsup;
-8.537322999999999;1.0832062;11.395264;walk;
-6.886367999999999;3.1152954;8.180374;walk;
-1.7621324;1.0055646999999999;10.28549;bike;
-2.5826569;1.0443726;6.0582733;stairsdown;
3.8977604;0.0;9.050082000000002;sit;
-9.351752000000001;4.486733999999999;6.4344171999999995;walk;
0.22984336;0.02873042;10.936713000000001;stairsdown;
-1.7876129;1.4288025;9.4848175;stand;
-0.6783600000000001;-1.6490173;9.652633999999999;sit;
-2.1053925;-1.608551;10.819015499999999;bike;
-2.8921957000000003;0.009576807;7.3549875999999985;walk;
1.8186493000000001;0.3909607;9.621689;sit;
-3.3064574999999996;-0.1867218;8.55072;stairsdown;
-1.7615967000000001;-1.304306;9.837311;null;
6.741988;-1.8387240000000002;11.338797999999999;stairsup;
-10.29982;1.3811951;6.993759;stairsup;
-3.6774480000000005;0.153227;9.346847;null;
0.3273468;-0.6873474;9.894241000000001;sit;
-3.527856;0.30765492;8.772355000000001;stand;
-0.07510376;0.027511597000000002;11.020355;bike;
-1.1734772;2.6189880000000003;4.8419037000000005;stairsup;
3.7824553999999995;-0.838501;9.023025500000001;sit;
-0.31552124;3.2195892;10.020599;bike;
2.823961;1.1420341999999999;9.144653;null;
-2.7147675;-1.2003173999999999;9.419357000000002;stand;
-4.346512000000001;1.0062866;4.330124;stairsup;
-2.0043945;0.36076355;9.083923;null;
-1.8590240000000002;-1.6037903;6.943771400000001;walk;
3.5721489999999996;-1.3311761999999998;14.202404000000001;walk;
-0.45358276;-0.3259735;10.127716;stand;
-2.8744202000000003;-1.4673615;9.598083500000001;stand;
-2.8932952999999997;-0.6468811;9.553848;stand;
-4.9796906;1.5228271;8.371994;stand;
-3.8503722999999996;0.9308624;8.366241;stairsup;
-1.1044464;-0.79922485;10.565506;bike;
-0.6630554;-1.6934967;8.73877;null;
-2.9113130000000003;-0.9193620000000001;5.975853;stairsup;
-3.4003143;-2.5214232999999995;13.114882999999999;walk;
-3.217767;-2.9113130000000003;11.645252000000001;bike;
-7.0971985;-3.5180510999999997;8.972046;walk;
-3.9265442000000004;-0.7532501;9.500488;stairsdown;
-3.2561142000000003;0.13407529999999998;6.6750345;walk;
-1.2508392;-0.11605835;9.844254;stand;
-1.9210814999999999;1.8139801;9.853973;stand;
-6.887726;-0.1212616;5.27652;stairsup;
-5.2863975;-0.49799395;9.356541;walk;
-1.9555968999999997;0.5476227;8.788757;walk;
-7.987056699999999;2.0015526;10.084377;stairsdown;
-1.6245575;0.20172119;9.183701;bike;
-4.137129;-1.53227;9.653300999999999;null;
8.075287;-0.28788757;6.298889;sit;
4.376600700000001;1.283292;8.322245;sit;
-1.9919509999999998;-0.45968100000000006;9.653300999999999;stand;
-2.882619;0.82360536;9.299078999999999;stand;
-3.524221;-3.06454;15.3227;walk;
-5.1809998;2.4138336;7.580719;null;
-0.711853;0.24055481;10.546661;null;
-1.072589;0.0;9.806528;stand;
-3.9264907999999994;1.1109096;8.255207;stand;
-2.451632;-2.451632;9.959755;stairsup;
-2.1174622000000003;-2.0136566000000005;7.5533447;bike;
-2.1164744;1.8483237000000001;9.184157;stand;
-9.019347999999999;1.8734894;10.722809;stairsdown;
-1.2449848999999997;0.1436521;9.509769;walk;
-3.859726;-0.325531;8.66597;null;
9.276352000000001;0.12197876;3.5707855000000004;sit;
-2.744522;-1.6930542000000002;5.703598;stairsdown;
-2.9400797;4.4244847;4.7500963;stairsdown;
2.9017725;-3.2585083999999997;8.300697;stairsup;
-0.92895025;-1.283292;9.423578;sit;
-2.0137482;0.71588135;9.710953;stairsdown;
-1.5852814;-0.14819336;12.537643;stairsdown;
-3.7553053;0.37828386;8.698134;stand;
-3.9839019999999996;1.225816;8.580712;stairsup;
-0.9367981;0.90348816;7.7247314;stairsdown;
-2.7304077;-0.15458679;9.751617;stand;
0.59513855;-1.5407104;13.596909;null;
-0.5662286999999999;-1.1025299;6.8426285;stairsdown;
-2.451632;0.153227;7.201669;stairsdown;
-1.379043;1.53227;9.653300999999999;stand;
7.7933807;-0.7456665;5.986862;sit;
-2.480393;0.13407529999999998;5.535394;walk;
-4.491882299999999;1.6187897;7.4236145;null;
-7.143447999999999;0.32669067;10.91423;walk;
-2.8492584;1.5418701000000001;7.675735499999999;walk;
1.002182;0.88131714;8.890915;stairsdown;
-1.6628113000000002;1.1617583999999999;10.009888;stand;
1.5423584;-0.2367096;10.189606;sit;
3.830675;-0.45968100000000006;9.346847;sit;
6.2823853;-0.6428431;6.9970546;stand;
-2.8684692000000003;0.74638367;8.756622;stairsup;
-5.5258174;0.8523358;7.019799000000001;null;
-3.7361517;-1.8399439999999998;10.432734;bike;
9.11712;1.2737153;3.265691;sit;
-2.4037786;-0.31603462;9.184157;stand;
-3.7133331;1.1943358999999998;8.142288;stairsup;
-5.8322754;-0.6895300999999999;10.400413;stairsup;
-2.758086;-0.612908;7.048442;stairsdown;
10.9343195;0.80924016;6.0716953;stairsdown;
-3.9608917000000003;-0.58499146;10.043014999999999;bike;
-3.5159302;0.0072784424;12.253387;stairsdown;
-8.332443;-0.7194824000000001;11.581924;walk;
-0.65115356;-1.470932;10.053925;sit;
-5.8427430000000005;-4.864151000000001;11.890381;walk;
1.6472107;0.5554548;9.308656;sit;
-0.5398925;-0.6727706999999999;5.195418;walk;
0.6271057;2.423355;8.509064;bike;
-1.0153503000000001;-2.202896;13.306702;stairsdown;
-2.0410569;1.1671733999999998;8.807071;bike;
-1.6555905;2.4049757;9.285912;bike;
-5.5273438;-1.8148956000000003;11.528564;walk;
-1.072589;-1.072589;6.895214999999999;null;
-4.405330999999999;-0.33518824;6.684611299999999;walk;
1.8994141;-2.0933990000000002;13.381682999999999;walk;
2.9113130000000003;-1.225816;8.121031;bike;
-2.7756347999999997;0.050125122;9.826599;stand;
-2.298405;0.306454;11.492025;walk;
-0.306454;0.306454;10.112982;null;
0.45333862;-0.52711487;10.15152;sit;
-2.5761611;-0.15322891;9.241617999999999;stand;
-5.021515;1.1938933999999999;6.6154785;null;
-1.13964;0.48841715;6.5218053;stairsdown;
-2.9480437999999998;-0.34814453;9.237259;stand;
-3.06454;-2.9113130000000003;8.887166;stairsdown;
-2.2912292;0.076309204;9.947998;stand;
-3.2682037;3.234314;12.341263;stairsdown;
-6.3589997;4.271256;11.482592;stairsdown;
0.54515076;-0.010131836;9.063492;bike;
-5.209718;0.9193620000000001;8.887166;stairsup;
3.6296098;0.59376204;8.743625;sit;
-2.9233203;-1.8399439999999998;9.197326;stairsup;
-0.17848206;-0.7052001999999999;8.934952000000001;bike;
0.45010993;-1.1683705;9.873688000000001;walk;
-1.379043;0.306454;10.572663;stairsdown;
-2.5366566;0.90979666;8.222886;stairsdown;
3.6774937999999993;0.60333884;8.762777999999999;sit;
-4.750037;-0.612908;9.19362;walk;
-1.8818054;1.7270966;9.837311;stand;
-4.7405194999999996;1.1300632;8.178593;stand;
-1.9919758;0.15322891;9.758766;walk;
-4.4819455;0.02873042;8.532935;stairsup;
-1.53227;1.072589;7.66135;null;
2.870648;0.8511386999999999;9.101558;stand;
0.7520751999999999;0.7428130999999999;7.636657700000001;stairsdown;
5.248090299999999;0.8523358;8.159439;sit;
-0.766135;1.379043;9.040393;null;
5.295181299999999;0.26004028;8.249405;sit;
0.41180268;-1.0630256;7.747636999999999;null;
-1.6184803;-0.22026655;9.356541;bike;
-0.306454;-2.298405;9.346847;stairsup;
-6.0460970000000005;0.4647522;7.5924225000000005;stand;
-3.830675;-0.9193620000000001;7.66135;bike;
-2.298405;0.612908;9.806528;stand;
-2.96881;1.5035586;8.236053;walk;
-1.9589995999999998;-1.4597778000000001;7.2948759999999995;stairsup;
-3.3135752999999997;-0.37349546;6.4547677000000006;walk;
-0.306454;0.45968100000000006;6.895214999999999;null;
4.129822;0.37861633;9.464783;sit;
-3.4860077000000005;-0.36956787;8.031601;null;
3.2836475;0.020350715;8.893262;sit;
-0.9235382;-1.9929810000000001;10.788071;stairsup;
0.35336304;1.8556366000000002;9.289825;bike;
-3.0550013;-0.29688102;7.728483;stand;
-5.664215;1.5688018999999997;8.087738;walk;
-4.566864;1.0843964;9.0529785;stand;
0.20590134;1.0726023999999998;6.51582;null;
-2.451632;0.9193620000000001;5.516172;walk;
-5.085284;0.35434186;7.9008656;stairsup;
-0.9193620000000001;1.379043;10.419436;bike;
-2.528277;0.37349546;9.156625;stand;
-0.153227;-0.9193620000000001;10.112982;null;
-5.90889;-1.5897499;11.262324000000001;null;
-4.554969;-1.5047556999999998;9.193734;walk;
-0.33337402;-0.29859924;10.106292999999999;stand;
-2.288681;0.037475586;9.466965;bike;
7.967803999999999;-0.766135;6.588761;sit;
3.778885;-0.6861571999999999;8.981369;sit;
1.4507141000000001;0.11558533;11.774933;bike;
-5.618988;-0.45094300000000004;8.177002;walk;
-4.5811462;0.716629;8.985138000000001;stand;
-2.3577117999999997;-0.22674560000000002;6.2713165;stairsup;
-1.563858;0.42785645;7.6602630000000005;stairsdown;
-0.530777;-1.8108826;9.658585;sit;
-6.0783997;0.62498474;6.163208;stairsup;
-4.5082817;-0.46327803;8.774749;stairsup;
7.013814;-1.9788077000000002;7.001842999999999;stairsup;
-5.2702637;1.6628265;8.511444000000001;null;
-3.5563964999999995;2.3959808;6.592865;walk;
-9.846359;3.6984863;7.999466;stairsup;
6.741988;-1.225816;11.492025;stairsdown;
-3.8323517;-1.7132874;11.343886999999999;bike;
-3.213623;2.5042877;10.212219000000001;walk;
-1.3531952;1.6168518;8.376755000000001;walk;
-2.633622;1.6053122;8.483853;bike;
-1.1450806;-0.12721252;11.063202;bike;
-2.9980316000000005;-1.5835571000000002;11.386733999999999;walk;
-5.995081;0.6703765;7.4986396;stand;
0.7254431;1.1540052;9.272743;sit;
5.4675902999999995;0.7535248000000001;8.712585;sit;
-2.31639;0.21188685;9.166202;stand;
-0.153227;0.0;9.500074;bike;
-4.0509889999999995;0.59376204;1.9536686;stairsdown;
4.5681367;1.733402;8.561666;sit;
-1.1569824;-1.964859;10.218169999999999;bike;
-2.758086;1.53227;6.282307;stairsup;
-1.685518;-1.1432313;9.457097000000001;bike;
0.23213196;-0.80636597;12.903030000000001;walk;
-1.8387240000000002;-0.766135;7.814577000000001;walk;
-6.048477;1.1217346000000001;7.5876617;null;
-0.7331085;1.7084960999999999;9.50267;stand;
-8.719421;-1.535202;9.830169999999999;stairsdown;
-1.2892777;-0.025139118;9.39365;stand;
1.444931;-1.0075073;10.248917;bike;
-1.4985657;0.7368621999999999;11.120331;null;
-2.5542602999999997;-0.8627471999999999;9.853973;stand;
-3.9073372;0.02873042;11.654974000000001;stairsup;
-1.9919509999999998;0.9193620000000001;9.500074;stand;
3.916914;0.0;8.935161;sit;
3.1507695;0.47285482;8.899248;sit;
-2.4423828;0.8439789000000001;5.906128;stairsdown;
0.5439606;0.37548828;7.5007779999999995;walk;
0.8738836;0.94810385;9.414000999999999;sit;
-1.5829010000000001;-0.2529297;9.835922;stand;
0.9163208;0.39646912;9.990845;null;
-4.866791;-0.5735321;8.075836;bike;
-2.7195282000000005;0.030334472999999997;9.359848;null;
-2.145178;-1.379043;7.508122999999999;walk;
-3.7158812999999995;2.5971222000000003;9.83255;bike;
-2.5187001;-1.0342950999999998;9.701305;sit;
4.6024933;0.85513306;8.721909;sit;
-9.404425;-1.2162545;3.0454244999999998;walk;
4.795586;0.5494693;8.166622;sit;
-3.3901896000000002;0.49799395;8.772355000000001;null;
-2.6897736;1.22052;7.181808500000001;walk;
-1.5794983;1.4723969;9.927764999999999;stand;
-1.2401965;-0.1436521;9.42238;stand;
-1.6472107;0.23942018;9.442732000000001;stand;
-10.180800999999999;-2.6213990000000003;9.331284;walk;
-1.3831177;0.6511688;13.843475;walk;
4.3478703;1.685518;8.63828;sit;
0.34757996;-0.75875854;9.827591;sit;
-7.814577000000001;-0.306454;6.588761;stairsdown;
-2.758086;-0.9193620000000001;9.040393;null;
-4.3953094;-0.5385741999999999;6.251083400000001;null;
-0.45968100000000006;0.153227;9.500074;bike;
-5.171476;-0.5554548;9.174581;bike;
-4.817133999999999;1.0247183000000002;8.322245;stand;
-4.7442017;-2.1648102000000002;6.5393066;walk;
-3.636139;-2.7313384999999997;13.288848999999999;stairsdown;
-2.4374542000000003;0.1767273;7.2853546;stairsup;
-1.1791444;-0.031124622;9.434352;stand;
-3.1890767;0.6991069000000001;9.069236;null;
-1.1853790000000002;-0.32315063;10.520278999999999;bike;
-2.4708161;1.6567876;9.461885;stairsup;
-0.153227;0.45968100000000006;10.112982;sit;
-2.9218597;-2.2155457000000003;5.491745;walk;
-3.3705597000000003;-0.7206726;5.0775604;walk;
0.9474334999999999;-0.6123656999999999;9.168228;bike;
-3.122039;0.22026655;9.959878999999999;null;
5.406891000000001;0.66545105;8.735199;sit;
-5.2863975;-0.40222588;8.1402855;bike;
-2.8575897;-1.197937;8.927811;bike;
-3.370994;-0.612908;10.419436;null;
-1.8615723000000002;1.8223113999999998;9.853973;stand;
-4.4097595;-0.8686981;6.0120544;stairsdown;
-0.15229797;-4.720886;10.698807;stairsdown;
-3.3758245000000002;2.1559787;10.035296;walk;
-3.4811692;4.0162735000000005;11.591528;null;
-12.148178;1.3121643;9.056351;stairsup;
-0.37349546;0.019153614;4.711789;walk;
-0.18195933;1.1013328000000002;7.9583262999999995;stairsdown;
4.405330999999999;1.6280571000000001;8.619126;sit;
-4.5263976999999995;-1.6637421000000001;6.8273315000000006;stairsdown;
8.322245;0.28371290000000005;4.801571400000001;sit;
-2.097229;-0.6318512;8.469788000000001;stairsup;
-3.2314757999999997;0.32743835;8.775665;walk;
-2.8921957000000003;-0.92895025;9.308656;stand;
-2.3804932;-0.5806732;7.965149;walk;
-2.1257935000000003;-0.28788757;10.002747;stand;
-1.6745453000000001;-0.37908936;9.146805;stand;
-3.8019924;0.9576806999999999;9.768343;stairsup;
-10.82962;-0.93177795;6.6035767000000005;stairsdown;
-3.217767;-2.604859;9.959755;stairsup;
-2.3554993;-0.8365630999999999;7.4033812999999995;stairsdown;
-5.0374002;5.4396260000000005;8.494628;null;
0.37971497;-0.7278137;9.881149;sit;
-7.201669;1.379043;9.653300999999999;stairsdown;
-4.0174704;-0.15322891;8.026561000000001;null;
-4.59681;1.072589;8.887166;stand;
-3.1376014;0.51355624;11.07438;stairsup;
-1.9440918000000003;-1.1204863999999999;10.582372;bike;
-6.172424299999999;0.42741394;7.990142999999999;stand;
7.731491;-0.61950684;6.0011444;sit;
-0.612908;-0.153227;10.266209;stairsup;
-5.516172;1.9919509999999998;7.354896000000001;null;
-0.7086836999999999;-1.0821792;9.701305;sit;
-3.8180695;-0.41598509999999994;8.483871;stairsup;
-2.608841;-1.2086487;9.390792999999999;stand;
-2.3138428;0.102493286;9.950378;stand;
-2.943283;1.0265198;12.379349000000001;walk;
-1.5514427;1.3024458;11.473015;walk;
1.5994873;0.6273651;10.132477;sit;
0.6332245;0.7837219;9.069443;walk;
-2.451632;-1.8387240000000002;3.6774480000000005;stairsup;
3.7253778;0.62249243;8.714894000000001;sit;
-0.7354889;-0.17913818;9.338425;null;
-2.3307555;0.5566519;9.196128999999999;stand;
7.9241333;-0.32835388;6.457184;sit;
-3.9456443999999995;0.90979666;6.8091097000000005;walk;
-3.6774480000000005;0.766135;8.427485;stand;
-3.9073372;0.45010993;7.6231384;stairsup;
-1.436521;-1.7142484;7.881711999999999;null;
5.248090299999999;0.79487497;8.169016000000001;sit;
-1.379043;-0.766135;10.112982;stairsdown;
-2.72939;-1.0151415000000001;9.595961;stand;
9.163283999999999;0.5873413000000001;3.5660248;sit;
-2.0565948;-0.6218872;6.573623700000001;null;
3.6870705999999998;0.61291564;8.619126;sit;
-0.26179504;-1.2848206;5.33226;stairsdown;
-5.056491;3.370994;7.814577000000001;walk;
3.6583402;-0.79487497;15.495273999999998;walk;
-7.017456;0.19056702;10.070587;walk;
8.839393;0.6715736;3.1232362;sit;
-3.3147724000000003;-1.1049241;6.2991447;walk;
-2.9113130000000003;1.685497;8.274258;walk;
4.729675299999999;1.5509491000000002;9.049408;null;
-1.2972565;-0.26602173;9.632400500000001;bike;
-8.434967;0.48454285;4.44458;stairsup;
-1.5993267;0.5566519;6.0884547;stairsup;
4.5761414;1.6330719;8.991089;sit;
-4.0509889999999995;0.92895025;9.873688000000001;bike;
-5.516172;-0.45968100000000006;7.814577000000001;null;
-8.540894;0.0037078857;5.5121765;walk;
-4.3369904;-0.5992736999999999;8.895676;null;
-1.9057846;0.009576807;9.356541;stand;
-5.6808777;0.36909485;8.399567;stand;
-5.056491;1.225816;8.121031;stand;
-0.21068975;0.59376204;9.902417999999999;stairsdown;
-1.2236328;0.7047272;10.299103;stairsdown;
-1.8829956;1.6009368999999998;7.740203999999999;walk;
2.9113130000000003;-2.451632;7.967803999999999;bike;
-1.4450073;1.8330231;7.343872;stairsup;
0.153227;0.9193620000000001;6.895214999999999;walk;
-0.5499878;-0.7080231;9.368378;walk;
-0.91697925;-0.053869538;9.367314;stand;
5.1440277000000005;0.3243103;8.341049;sit;
5.8107276;-0.011971008;6.6391215;walk;
-3.064578;2.7964275;8.781932000000001;walk;
-6.497345;0.8487396;13.131744;null;
-1.8387240000000002;1.53227;11.185571000000001;bike;
-2.8660889;-0.85679626;5.6157227;walk;
-5.362945;2.451632;7.048442;walk;
-1.3140869;0.26911926;6.1405945;walk;
9.114726;0.32202014;3.4464532999999995;sit;
-6.0925139999999995;-0.14105225;5.917831400000001;stairsup;
1.8186493000000001;1.4537964;9.750229;bike;
-6.0142345;0.11492168;7.680599000000001;stand;
-3.370994;-0.45968100000000006;7.967803999999999;stairsup;
4.5394063;1.685518;8.523358;sit;
-2.145178;2.451632;8.274258;bike;
-5.259384;-0.3755188;9.087296;bike;
-0.47884035;0.2693477;9.429563499999999;sit;
1.6472107;0.62249243;9.251195;sit;
-1.6782837;0.52381897;8.296020500000001;null;
-1.4509583000000001;0.07035828;10.045592999999998;stand;
1.7758026000000002;0.28622437;9.728806;sit;
-2.5685425;0.11558533;9.7778015;null;
3.0219269;-0.65045166;12.737594999999999;walk;
-1.3093261999999999;-1.4685516;6.843994;stairsup;
-2.7480927000000004;-2.0727234;14.338394000000001;walk;
-7.345411;0.9959879;6.3111157;stairsup;
9.621338;0.25245667;4.69928;sit;
-4.651199299999999;2.0250854;6.7247770000000004;stairsdown;
-0.29273987;-0.93847656;9.009933;bike;
-3.7229836000000005;-1.1755531000000001;8.310274;null;
-2.183512;1.8100165000000001;9.126697;stand;
0.06703765;-0.7182605;6.732495299999999;null;
-2.8863220000000003;0.4881134;7.584289599999999;null;
-0.6938324;-1.7025756999999997;9.668106;sit;
0.43786620000000004;1.6497345;13.908935999999999;walk;
-0.79487497;0.13407529999999998;9.643844999999999;stand;
-4.943985;2.984375;8.28035;walk;
-2.7625427000000005;-1.1781464;11.119141;bike;
-1.53227;-1.685497;9.500074;bike;
-1.7913512999999999;0.52381897;10.056305;bike;
-1.9578093999999997;-1.2241211;9.032547000000001;bike;
7.3657618000000005;-0.33399114;6.171055;sit;
-2.145178;-0.153227;9.806528;null;
-1.8744965;1.4085693000000001;9.420547500000001;stand;
9.308656;1.2258313;3.5434184;sit;
3.370994;0.45968100000000006;9.500074;sit;
-3.2564697;-0.084365845;5.4598083;stairsdown;
-6.2758026;-0.25531006;10.182266;stairsdown;
6.900089299999999;-1.7357962;6.5505357;stairsup;
-1.7780914;1.5359192;9.424118;stand;
-0.61068726;0.4797821;10.166992;bike;
-0.8854523000000001;-0.5314331;6.324875;walk;
-0.49761963;-1.6232758;10.031311;sit;
-6.660232499999999;-1.1360473999999998;12.394821;null;
-8.0445175;-0.9864110999999999;12.717999;walk;
-5.651123;-0.53782654;8.698303;bike;
-4.724991;-1.6632996;8.715958;bike;
3.7349546;0.5650316;9.040505;sit;
-5.3654785;-2.0922089;8.48407;null;
9.223816000000001;0.39646912;4.5314635999999995;sit;
4.137129;0.766135;8.427485;walk;
-1.8460999;2.160324;6.858276400000001;walk;
-0.48722005;0.35075054;9.442732000000001;sit;
0.9913025;-2.5647125;9.529053;bike;
-0.35553896;0.25737667;9.437942999999999;sit;
-2.4420857000000002;-0.05746084;7.077260000000001;walk;
3.9743748;0.26815059999999996;8.8777;sit;
8.087189;-0.34858704;6.313171400000001;sit;
-6.519411;2.2146366000000004;4.715380000000001;stairsup;
-2.5187001;-3.3997664;5.2289367;stairsdown;
-1.9411468999999997;-1.614502;3.6969452000000005;bike;
0.22984336;-0.24899697;9.710882000000002;sit;
-0.6997833000000001;-1.7001953;9.809738000000001;sit;
-6.2652589999999995;0.37147522;7.9187316999999995;stand;
-3.9670105;0.49049377;7.6211853000000005;stairsup;
-0.45968100000000006;-0.9193620000000001;9.959755;null;
3.2860417;0.050278235;8.90643;sit;
-2.5267181;0.8253784;8.419601;stairsup;
-5.649119000000001;2.7928362;9.313444;null;
-1.3424835;-1.9025269;6.841415400000001;null;
-2.451632;1.225816;8.427485;walk;
12.117055;-1.3742718;8.672996000000001;stairsup;
-3.9777222;-4.4892426;11.453583;stairsup;
-5.970093;-0.51164246;8.436461999999999;stairsup;
0.8702923;0.90500826;9.516952;sit;
-8.109879;-1.3907471000000002;7.793564;stairsdown;
-1.3341522;-0.57547;8.181564;walk;
-2.758086;0.612908;6.588761;stairsup;
5.8226260000000005;1.379043;6.588761;walk;
-0.68907166;-2.250061;9.378891000000001;bike;
-1.8100165000000001;1.4077905000000002;9.203311;stand;
-0.32680854;0.32441434;9.433155000000001;sit;
-1.7429788;0.21068975;8.973467999999999;stand;
0.01789856;-2.0477295;12.404342999999999;null;
-0.88323975;-0.058181763;10.149139;stand;
-1.2354081000000001;1.13964;4.1180267;stairsdown;
3.6200330000000003;0.59376204;8.734048;sit;
-1.1013328000000002;-0.641646;5.0374002;walk;
-3.9911342000000003;3.6727053999999995;9.263166;stairsup;
-0.24411010000000002;-0.33668518;10.234833;stand;
-8.887166;1.072589;6.12908;stairsdown;
-2.298405;1.53227;7.508122999999999;walk;
-2.604859;-1.685497;9.959755;bike;
-2.6112213;-0.36242676;9.265823;stand;
-2.1662597999999997;1.2879181;7.4152830000000005;stairsup;
-7.3233337;1.6711578;8.130585;stairsup;
-1.8387240000000002;3.6774480000000005;8.733939;bike;
-8.140991;-2.5052032000000004;13.0746155;walk;
4.010971;-0.5802307;8.969467;sit;
-0.9675751;-1.9965515;9.405075;stairsup;
-0.03463745;0.11677551;10.074158;null;
-0.612908;0.45968100000000006;9.959755;bike;
-2.598906;-1.2856863;6.754042999999999;stairsup;
-2.2315521;1.6466063999999998;7.697159;stairsdown;
4.0500793;-0.17124939;9.458832000000001;sit;
-7.3602295;2.9815521;7.066559;walk;
-1.685497;-3.06454;10.879116999999999;stairsup;
4.462791999999999;1.685518;8.580819;sit;
-2.4078673999999998;-0.79966736;10.465729;bike;
-4.59681;1.072589;8.887166;stand;
-7.077260000000001;3.0358477;17.353174;null;
4.903264;0.0;8.427485;bike;
-6.2847795;1.9967641999999999;9.440337;stairsdown;
-5.362945;0.612908;13.330748999999999;null;
3.9360676;0.20111294;8.944737;sit;
1.5131354;0.80445176;9.5385;sit;
-5.8226260000000005;-0.306454;4.290356;stairsdown;
-2.9592332999999997;-0.10295067;7.5608889999999995;stairsup;
-2.604859;1.685497;9.500074;stand;
-5.943741;-0.104156494;6.1570587;stairsup;
-0.5363011999999999;0.22026655;5.104438;walk;
-3.1598968999999997;0.32669067;7.967331;walk;
3.9941406;-0.09031677;9.559998;sit;
-1.1937103;-0.46359253;7.7328644;walk;
0.83317566;0.23028564;13.279129000000001;walk;
-4.137129;0.306454;7.814577000000001;stairsup;
1.4077905000000002;0.81402856;9.56723;sit;
1.7258148000000002;-2.6654357999999996;12.716171000000001;walk;
1.5167267;-1.1623849;12.712014;walk;
1.5753847;0.30526072;9.215282;null;
-2.1643584;0.6991069000000001;11.300632;walk;
-1.537674;-1.6192627;5.8618927;null;
-0.94377136;2.7546692000000004;8.949233999999999;bike;
-2.186493;0.14772034;7.998474000000001;stairsup;
-2.3942018;0.047884032;9.088389;stand;
-3.0934142999999996;1.6997223000000001;12.261719;walk;
-2.6910827;0.23942018;9.662998;bike;
-13.177522;3.370994;8.580712;walk;
-6.317627;3.493332;11.897522;stairsdown;
-5.027823400000001;-0.641646;8.169016000000001;bike;
-2.6316222999999996;2.1031952;8.562622;null;
-1.4652513999999999;0.22026655;9.222465;stand;
-0.153227;0.306454;9.959755;sit;
-3.6296098;1.13964;11.702858;stairsdown;
-5.8226260000000005;0.306454;11.338797999999999;stairsup;
0.24899697;-0.47884035;9.481038999999999;sit;
-0.8735504000000001;1.9941406000000004;10.623825;bike;
-0.30645782;1.6089035;9.050082000000002;stairsdown;
-8.097977;-1.1324768;8.686202999999999;stairsdown;
0.30645782;-0.2873042;9.749189;sit;
-0.076614454;0.38307226;14.154520000000002;walk;
-3.3374023;0.017990112;9.732574000000001;null;
0.014160156;-0.8556060999999999;7.912781;null;
-4.1586304;2.96846;7.458130000000001;null;
-5.056491;0.0;16.85497;null;
-7.9872894;0.11483765;8.890915;stairsup;
5.249954;0.22909546;8.254166;sit;
-1.072589;-0.153227;9.806528;stand;
-3.0358477;-0.5267244000000001;5.094861;stairsdown;
-2.758086;1.072589;7.201669;walk;
-7.208908;0.5778198;6.3367767;stairsup;
0.2777274;-0.46926352;9.442732000000001;sit;
-0.94810385;0.5746084;9.662998;bike;
-1.3311761999999998;-1.1683705;10.113108;bike;
-2.8897247000000004;0.19696045;9.314621;null;
3.8776703;-0.45169067;9.045639;sit;
-1.0247183000000002;0.18195933;6.2153480000000005;walk;
-2.445677;0.40342298;9.157822;stand;
-7.105990400000001;0.5267244000000001;5.4779334;walk;
-0.16793823;-0.31407166;10.1539;stand;
3.3973722;0.24301147;8.836999;sit;
-1.6485290000000001;1.5735626;8.35672;bike;
3.9839019999999996;1.379043;9.19362;sit;
-1.5705963;3.1411927000000004;9.950302;bike;
-6.0829926;0.7444458;8.289871;walk;
-1.1770477;-0.31124878;9.963272;bike;
-1.8878279999999998;3.6750996;7.837419000000001;bike;
-7.474487299999999;-0.45570374;5.721649;stairsup;
-1.53227;0.306454;9.959755;bike;
0.39501953;1.7949370999999998;10.020599;bike;
-9.19362;1.9919509999999998;13.483976;stairsup;
-1.5993267;1.0055646999999999;7.6518690000000005;walk;
-4.995502;7.681796;11.860875;stairsup;
-6.435534;-0.306454;8.121031;stairsdown;
0.30575562;-0.5330658;10.241974;sit;
-2.7040558;-0.84802246;9.359848;stand;
1.0128937;-0.7539978;9.671677;bike;
3.1842883;0.45848963;8.822633;sit;
0.31603462;-0.2777274;9.730036;sit;
11.798478999999999;2.9113130000000003;7.66135;walk;
9.452309;0.6703765;3.371036;sit;
9.440598;-0.37075806;3.272049;sit;
2.7065277;-3.0236816;10.104904;bike;
-1.4949951000000001;0.04417419400000001;10.236023;stand;
3.6583402;0.5746084;8.734048;sit;
-9.07869;2.9760437;5.3286896;stairsup;
-1.7556458;0.8439789000000001;10.778748;bike;
8.121031;-1.685497;10.266209;stairsup;
-2.767697;-0.7086836999999999;9.3661175;stand;
4.419037;1.5366669;9.150574;sit;
-1.5592651000000002;0.12986755;6.0560913;null;
-1.9919758;-1.283292;10.611102;walk;
0.55348206;2.6296997;9.985886;null;
-5.3058014;-1.7989807;6.9925690000000005;stairsdown;
-5.362945;0.153227;9.040393;walk;
-4.542892500000001;-0.17556763;5.2001495;stairsdown;
-0.10961914;1.3343353;11.876099;null;
-2.3886566000000005;0.8753662;6.395096;stairsup;
-2.451632;-0.45968100000000006;7.354896000000001;stairsup;
-2.9508536;-2.3235726000000003;11.247959;walk;
7.454347;-0.34955344;6.0285997;sit;
5.7125654;-1.0498575;7.523778999999999;stand;
-3.6774480000000005;0.9193620000000001;10.266209;stairsdown;
1.315033;-1.3602448;8.48288;bike;
8.101977999999999;-0.46806642;6.1040173;sit;
-6.951828;1.8001403999999999;5.3429720000000005;walk;
2.6431987;0.5686229;9.19972;stand;
-5.939148;-2.2386017000000002;3.0722961;stairsup;
-1.9919509999999998;-1.072589;9.806528;bike;
5.504486;0.6190338000000001;8.666167999999999;sit;
-3.205836;-0.27533320000000006;7.917625;bike;
-2.627884;0.16958618;7.5293427;stairsup;
-3.370994;1.8387240000000002;8.733939;stairsup;
-1.225816;-0.612908;11.951706;walk;
-1.7812861;-0.1436521;10.611102;bike;
-1.5138702;1.0848388999999998;9.486008;stand;
-5.142745;0.82360536;8.963891;bike;
-4.2620087;0.5064087;8.998032;bike;
-0.6713866999999999;-1.5494843;10.191986;sit;
-0.0761261;-0.16485596;7.830459599999999;stairsdown;
-2.5816345000000003;-3.2050322999999996;10.568085;stairsdown;
1.3886370000000001;0.78529817;9.634267999999999;bike;
-3.6774480000000005;-0.612908;12.564614;walk;
-2.604859;0.153227;7.201669;stairsup;
-1.53227;0.306454;10.879116999999999;bike;
-2.72939;0.08619126;9.481038999999999;walk;
-2.8203697;-0.06823475;8.99741;stand;
-4.034851000000001;0.052505493;4.680237;stairsup;
-2.364853;-0.261261;9.407455;stand;
-2.758086;2.451632;15.3227;walk;
-3.6870705999999998;0.45010993;8.7053175;null;
-2.7625427000000005;0.06916809;9.803986;stand;
-2.532837;0.2167511;6.8832702999999995;stairsdown;
-14.375182999999998;6.643753;8.562622;stairsup;
-6.767211;-1.6627731;18.016367000000002;stairsdown;
-1.1651459;0.10531616;7.828079;walk;
-11.176133;-3.217807;5.659893;stairsdown;
-6.2632318;-1.5897499;7.872135000000001;walk;
0.5590460999999999;1.6651672999999998;9.374496;sit;
-2.9373322;-0.29696655;9.357467999999999;stand;
-1.685497;-1.8387240000000002;10.266209;bike;
-2.7242889999999997;-1.3193358999999998;9.317001;stand;
-4.750037;-1.53227;7.508122999999999;stairsup;
4.1575313;-1.258153;6.470330000000001;stairsdown;
0.96154785;-1.272171;9.919433999999999;bike;
-4.598831;0.40286255;8.502914;bike;
-0.666626;-0.47831726;6.918976;walk;
-2.2864685000000002;0.16914368;10.948944000000001;bike;
-1.7471466;2.2881165;10.510757;bike;
-2.2590942000000003;-0.104599;8.819702000000001;stairsup;
-2.145178;0.153227;9.806528;stand;
0.22984336;-0.2777274;9.720459;sit;
-6.854400599999999;3.076767;9.583801;walk;
-0.97709656;-0.3588562;9.684769000000001;stand;
-3.524221;-2.758086;13.790429999999999;stairsdown;
8.763214;0.55833435;5.1194153;sit;
0.44976807;1.4188385000000001;10.426453;bike;
-0.9768343;1.283292;9.797073;bike;
-8.1493225;2.2924347000000003;7.7437744;null;
-3.524221;-0.153227;9.959755;bike;
-1.5852814;-0.88253784;10.13942;bike;
-0.766135;0.9193620000000001;8.580712;bike;
5.362945;0.766135;8.427485;stairsdown;
4.1918793;-0.031555176000000004;9.003983;sit;
-1.379043;0.306454;7.967803999999999;bike;
-4.0967407;0.18937683;5.9823;stairsdown;
2.604859;-1.072589;5.516172;null;
-5.113159;-1.5340118;8.614989999999999;stairsdown;
0.72351074;-0.058181763;9.756378;bike;
-5.593994;0.38694763;10.716858;stairsup;
-3.3423057000000003;1.3599066;8.935161;null;
-5.975853;-2.604859;9.653300999999999;stairsdown;
-5.0427704;-0.12677002;6.3022614;stairsdown;
-0.030899048;1.3883362;8.206558;bike;
-4.175488;-0.2777274;6.8186865;stairsdown;
4.8398786;-0.79008657;5.779603;null;
-5.8226260000000005;3.217767;9.19362;null;
-6.349423000000001;0.842759;7.077260000000001;stand;
-1.7316741999999998;-0.7778015;6.240371700000001;walk;
-1.3722382;1.2288513;4.433669999999999;walk;
-2.2220306;-0.8206482;11.493851;bike;
0.13929749;-2.1250916;8.047073;stairsup;
3.8151605;1.6496049;8.60117;sit;
-1.7139893;-0.33311462;6.4417114;walk;
-3.2070332;-0.5566519;8.288725999999999;stairsdown;
-5.621585400000001;-0.8619126;7.575253999999999;null;
-4.721366000000001;-1.0821792;7.4603324;walk;
-2.298405;1.072589;9.500074;null;
-1.53227;-3.6774480000000005;12.104933;walk;
-3.5574187999999993;0.32073975;8.942093;null;
-1.0736694;2.5138092;10.174133;null;
-2.1643584;1.6759412;8.8777;bike;
6.0130377;-0.78649527;7.3789296;stand;
-0.13104248;0.30839540000000004;10.133666999999999;bike;
-2.6076507999999996;1.0372314;5.6738434;walk;
-0.612908;-0.45968100000000006;10.112982;bike;
0.32561144;-0.4213795;9.56723;sit;
-0.31004912;0.2825158;9.5013895;sit;
1.7841339;0.26361084;9.706192;sit;
-4.9164934;0.9504981;8.277952;walk;
-0.18195933;0.29209262;9.504980999999999;sit;
-4.290356;-2.604859;9.806528;null;
7.4603324;-0.40462008;6.017826;sit;
3.6751709999999997;1.3367156999999998;9.345763999999999;null;
1.53227;2.298405;7.967803999999999;bike;
-3.0166939999999998;-1.4652513999999999;5.621585400000001;stairsdown;
-9.691728999999999;-0.50757074;6.7612257;stairsup;
-1.225816;-0.153227;4.290356;walk;
-0.679718;-1.6470794999999998;10.122955000000001;sit;
2.3970795;-2.8939513999999997;6.7652434999999995;bike;
3.642778;-0.45848963;5.483919;null;
-0.4141969;0.1592144;9.411607;sit;
-9.902298;0.49807740000000006;9.237259;stairsup;
-3.06454;0.153227;10.572663;stairsdown;
-1.2066777;-0.10534488;9.624691;bike;
-1.0653381000000002;0.11796569999999999;9.939667;bike;
-2.2864625;0.36631286;9.187749;stand;
-3.975174;-2.0667725;9.588364;stairsdown;
-7.747636999999999;-0.8367735000000001;12.217611;stairsup;
-2.7521348;-0.40940848;7.966706299999999;stairsdown;
5.711368;-0.2777274;7.855376;bike;
-6.1425019999999995;-6.187195;7.2972565000000005;walk;
-1.410492;0.15962219;10.137238;stand;
-6.7375945999999995;0.2421875;6.536728;stairsup;
1.8387240000000002;0.153227;9.959755;sit;
-3.9839019999999996;0.306454;7.967803999999999;stairsup;
4.6798553;0.8598938;8.555283;sit;
-8.0924015;0.8619126;13.962984;walk;
3.780075;-0.65164185;8.992080999999999;sit;
-1.1540052;1.8315643;5.3522377;walk;
-2.8897247000000004;0.82180786;7.9470979999999996;stairsup;
-4.698807;-0.05178833;7.238937400000001;bike;
-4.1371803;1.283292;13.129802;walk;
2.9113130000000003;-1.685497;14.250110999999999;null;
-6.1402893;0.38575745;7.956817599999999;stand;
8.274258;-0.612908;7.354896000000001;stairsup;
-3.6487634;-2.7868507;8.025364;stairsdown;
-3.2752678;0.49799395;8.781932000000001;null;
1.7067718999999997;0.13626099;9.7478485;sit;
-4.404831;0.47784424;8.455307000000001;walk;
-2.2732086;2.484497;10.346511999999999;stairsdown;
-4.650009;-1.3657532;6.211807299999999;stairsdown;
-3.3518825;-1.1875241;12.516886999999999;stairsdown;
1.8770541;-1.2258313;9.414000999999999;bike;
-1.5705963;2.2505496;10.275913000000001;bike;
-3.142212;1.2783966;9.515961;null;
1.0187328000000002;0.8523358;9.452309;sit;
-0.8675995000000001;-1.7858886999999999;9.815689;sit;
0.306454;2.298405;10.572663;walk;
-3.8977604;0.9768343;10.477027;bike;
-1.2712402;0.36076355;7.842560000000001;null;
-4.4149080000000005;-0.93852705;6.129156;stairsdown;
-2.7030334;-0.67707825;9.786133;stand;
-8.599973;-3.6008794;11.109096000000001;stairsup;
-8.848969;0.4213795;6.5122285;null;
-0.2524414;-0.26408386;10.255066000000001;stand;
-1.3108255;3.7672763;7.007828;bike;
8.297106;-0.6428431;11.725603;stairsdown;
4.867412;0.3854665;6.393716;bike;
-6.442796700000001;2.3451207000000003;11.517307;null;
-4.117996;0.7765808000000001;6.435562;walk;
0.15322891;-0.26815059999999996;9.758766;sit;
0.46524048;-2.3492889999999997;8.234131;bike;
-4.4607697;-1.2241211;5.6298065;stairsdown;
-5.995081;-0.7469909;9.576807;stairsdown;
-2.2601166;1.5299683000000002;9.850204;walk;
-4.443583;-1.8387240000000002;7.048442;bike;
-6.7133417;-2.1164744;7.891288799999999;walk;
-4.309563;-3.466804;14.518439;stairsdown;
8.944737;0.63206923;3.7636849999999997;sit;
-1.541866;1.3120226000000001;9.184157;bike;
-1.7118542;0.17238252;9.824607;bike;
-8.733939;1.685497;14.250110999999999;stairsdown;
-11.041306;-1.34552;12.532883;stairsup;
-0.63908386;1.7727661;11.337936000000001;stairsdown;
-4.2989044000000005;1.0193787;8.877823;stand;
-2.145178;-1.685497;9.806528;stairsdown;
-3.4691982000000006;-2.27928;6.2991447;stairsup;
-1.1865691999999999;-0.8123169;12.574539;stairsup;
-0.65693665;0.58377075;8.236313;bike;
-3.1555579;0.8451531999999999;9.040505;null;
0.13079834;0.37861633;6.252472;stairsdown;
-2.298405;0.45968100000000006;8.274258;null;
-9.021352;0.36391866;3.6679169999999996;stairsup;
1.8387240000000002;-0.45968100000000006;9.806528;sit;
-0.13801575;-3.372406;8.273209;bike;
5.295181299999999;0.1850586;8.188705;sit;
4.1095885999999995;-0.05342102;9.548096000000001;sit;
-4.59681;-0.153227;9.19362;stairsup;
-6.680465700000001;-2.6047363;7.582901;stairsup;
-9.326416;-1.2757416000000001;5.9204099999999995;stairsdown;
-7.872135000000001;2.135628;6.100425700000001;null;
-7.814577000000001;0.306454;4.903264;stairsdown;
-1.9919509999999998;0.0;15.016245999999999;walk;
-1.6735229999999999;0.24412537;8.519775;stairsup;
1.263855;-2.5813751;8.609039;bike;
-0.9576806999999999;2.2505496;9.3661175;stand;
4.771644;0.56982;8.153454;sit;
-2.0111293999999997;0.19153613;9.251195;stand;
3.7586517;-0.10534668;8.961136;sit;
-2.6144682999999995;0.34476504;9.050082000000002;stairsup;
-2.4863784;2.0111293999999997;7.852981599999999;stairsdown;
0.5363011999999999;-1.4173675;13.828909;walk;
-1.1300632;0.47884035;10.94629;bike;
-2.5833437000000004;0.15801731;9.11712;stand;
-4.290356;0.306454;6.588761;stairsup;
-1.53227;1.8387240000000002;10.879116999999999;bike;
-5.0374002;3.2369606;15.753847;walk;
-2.2781372;0.47621155;7.574768;walk;
-1.5011643999999997;0.1352724;10.842141999999999;bike;
-1.9919509999999998;-0.766135;6.741988;stairsdown;
1.7793732;-0.26602173;9.783553999999999;sit;
5.2118683;0.20767212;8.197037;sit;
-0.7374141;2.0494366000000004;9.442732000000001;bike;
-5.150055;1.5676117;8.560242;stand;
-6.234314;0.37147522;7.960388000000001;stand;
-5.3845215;2.9458466;8.988708500000001;walk;
-2.7030334;0.54048157;9.975372;null;
-3.6633453;-1.5787964;12.186539;walk;
5.4033203;0.74876404;8.660217;sit;
2.9113130000000003;0.612908;6.588761;walk;
-2.764923;-0.79966736;9.493347;walk;
0.36750996;-1.2569559;7.6135616;null;
2.533783;-3.0538787999999997;14.794433999999999;stairsdown;
-4.8451996;-0.27435303;8.367233;bike;
1.225816;0.306454;6.588761;null;
-1.0568389999999999;-0.82540894;10.569077;null;
-5.362945;0.766135;5.975853;stairsup;
4.155137;-0.80684596;7.430405;bike;
-5.4617157;0.28146362;8.674301;bike;
-2.9113130000000003;1.9919509999999998;10.72589;null;
-11.013328;0.7278373;17.975666;stairsdown;
-0.9780314;-0.07182605;9.43914;stand;
-0.54862976;-1.1646118;8.619553;bike;
-1.9494781000000003;-0.6564026;8.379135;stairsup;
4.040558;-0.039138794;9.429077000000001;sit;
-0.95448303;0.011291503999999999;9.959702;bike;
-3.1813202;1.7120667;7.557907000000001;stairsup;
-2.7016754;-1.3681335;9.391983;stand;
-2.758086;-0.766135;7.967803999999999;walk;
-0.7781156;0.7410054;9.685742999999999;null;
-3.0490158;1.6412252;8.026561000000001;walk;
1.8387240000000002;-2.298405;7.66135;bike;
-2.6240451;1.7717092;9.002198;stairsup;
-2.4007263;2.1484222;9.036316000000001;stairsdown;
-2.5498247000000003;-1.0426749;7.697358599999999;walk;
-2.4516625;-0.82360536;5.4779334;walk;
7.814577000000001;2.145178;5.056491;sit;
-4.903325;-0.63206923;8.130709;bike;
-2.8325958;0.20291138;10.426254;bike;
7.980072;-0.15696716;6.4309998;sit;
-5.085284;2.0590134;7.738060000000001;stand;
-2.604859;-1.225816;8.121031;stairsup;
-1.6759412;-1.5227122;6.7229185;stairsup;
0.25857377;-0.45010993;9.500193;null;
-1.9913025000000002;-0.8127594;11.261963;null;
-2.6240451;1.1300632;8.513782;bike;
-3.217767;0.306454;7.814577000000001;null;
1.3694833999999998;0.842759;9.500193;sit;
1.7137451000000001;-0.64494324;14.290985000000001;null;
-2.3184357;-1.5157166000000002;9.713333;bike;
5.161899;0.82360536;7.8625584;sit;
0.42477417;-0.56044006;10.284821;sit;
-1.2141113000000001;1.2534027;10.107483;stand;
-0.90261406;0.4429273;8.052897;stairsdown;
-4.644751;1.6208745;8.034941;stand;
-0.766135;3.830675;13.483976;walk;
-1.53227;-0.612908;9.653300999999999;bike;
-1.0986633;-0.21528625;6.991577;walk;
1.379043;-1.53227;13.177522;walk;
7.7248917;-3.4715924;9.995792;stairsdown;
-5.449203;0.5650316;6.5792660000000005;stairsup;
5.7760115;-3.2848446000000004;6.2668230000000005;stairsdown;
-5.0086699999999995;-0.038307227;13.330915;null;
-5.056491;1.685497;11.951706;stairsdown;
-1.9494781000000003;1.4585571000000002;9.426497999999999;stand;
1.6482849;-0.073654175;10.249115;sit;
-2.450714;1.7306671000000002;9.824219;bike;
-8.48984;-3.7086184;15.240291000000001;stairsup;
5.2642365;0.24932861;8.231552;sit;
4.4723687000000005;1.340753;8.312667999999999;sit;
-5.209718;1.9919509999999998;16.242062;stairsdown;
-2.4037786;2.9400797;9.394848;null;
-2.825158;0.17238252;7.0581064;walk;
1.8004397;0.18195933;10.726024;bike;
2.5325928;-2.3219147;13.430481;null;
-0.07391357400000001;0.2584076;10.827544999999999;stairsup;
-0.6809082;0.23698425;10.165802000000001;bike;
-0.50757074;1.043872;7.153875;bike;
-3.7924154000000003;2.9209259999999997;7.4028716;null;
1.3024458;0.51714754;9.3661175;sit;
1.7317657;0.2576599;9.63002;sit;
-2.145178;0.612908;9.346847;null;
-4.1538696;-0.23789978;8.530486999999999;null;
-2.2361843999999995;0.6775591;10.443508;bike;
-0.81658936;-2.4314117000000004;9.470734;bike;
-2.8302155;-1.7394714;7.286544999999999;walk;
-2.7780151;-0.046279907;9.782561999999999;stand;
0.0;-0.9193620000000001;14.096884;walk;
6.100425700000001;-0.29448682;4.999093;stairsup;
-8.733939;-2.451632;5.209718;null;
-1.7525556;0.22984336;9.279925;stand;
-1.2066777;0.2777274;9.021352;stand;
-1.5829010000000001;-0.755188;10.315567;walk;
-3.1194305;-1.0455933000000002;5.214432;walk;
-2.1260512;1.8195933000000002;9.11712;stand;
0.35434186;-0.4213795;9.557653;sit;
-7.201669;-0.9193620000000001;5.056491;stairsup;
-1.8899689;0.7218323;10.096573;bike;
-1.8698715;1.4712370000000001;4.6830587;stairsup;
-2.2743987999999997;2.6582642000000005;9.115860000000001;bike;
-3.51474;1.9496613;8.331726;bike;
-2.6649475;0.01322937;13.324554000000001;stairsup;
-0.766135;1.379043;7.508122999999999;stairsdown;
-0.31603462;-0.33518824;9.56723;stand;
0.0;1.225816;9.19362;walk;
-2.6576385;-2.8153992000000003;6.6057587;stairsup;
-1.730484;-0.21484375;9.649063;stand;
-3.726593;1.5414276000000002;8.249603;walk;
-1.0630256;0.02873042;4.7405194999999996;stairsdown;
-3.0446167;0.97013855;12.043915;null;
-0.46072388;-0.5318755999999999;5.5502625;walk;
-2.3116016;0.27174190000000004;9.149442;stand;
-1.9530487;-0.6885376;8.057785;stairsdown;
-3.122039;-1.043872;7.852981599999999;stairsup;
-4.675171;-0.6128081999999999;8.799469;bike;
-0.6700286999999999;-1.8299255;13.953964000000001;stairsdown;
-2.8077697999999995;0.06321716;9.798035;stand;
4.145294;0.31791687;9.373138;sit;
-2.6707306;-1.2229309;6.855697599999999;walk;
-8.742035000000001;2.128189;4.983733999999999;null;
-2.3957977;1.9096375;9.840683;stairsdown;
-0.942749;3.3088531000000003;8.6138;bike;
-3.1124623;-0.2777274;9.021352;stand;
-2.5852049999999998;-0.36763;8.310303;stairsup;
-2.5292664;-0.50331116;10.967986999999999;bike;
-1.3443443000000002;0.14604631;11.336545;null;
-1.9919509999999998;-0.306454;7.508122999999999;walk;
-5.056491;-3.370994;13.024295;stairsup;
-1.5388641;-0.43145752;9.69548;stand;
-2.4541168;-1.4347839;8.948044;stand;
-1.9919509999999998;0.9193620000000001;9.346847;null;
-1.9883845000000002;1.9261352999999999;8.497022;stairsdown;
-3.6739025;0.37708676;8.734048;stand;
-4.606444000000001;0.91937345;9.557653;bike;
-1.1200867;1.6628265;9.76947;null;
-0.7047119000000001;-1.4506989;10.074158;sit;
-2.145178;-0.306454;8.580712;stairsdown;
-5.1393433;0.81303406;10.939423;walk;
-0.306454;-1.225816;8.274258;null;
7.6315155;-0.6218872;6.1951447;sit;
-0.8247528000000001;1.7322998;9.528853999999999;stand;
-0.7086836999999999;3.1507695;11.166556;stairsup;
-1.5801731;1.4939818;9.404425;stand;
-3.7063599000000003;0.62498474;4.8706665000000005;walk;
-3.8763885;-3.135559;13.455276500000002;null;
-3.06454;-0.612908;9.346847;stand;
-2.7976246;1.0845733999999998;7.376535400000001;stairsup;
-3.0190883;0.08499416;9.030928999999999;stand;
-3.2741547000000004;-0.32434082;5.526260400000001;null;
-1.8423615000000002;-2.365509;6.9770966;walk;
-3.0684204;-2.2005157000000004;11.684479;walk;
-3.370994;1.685497;8.427485;walk;
0.8141326999999999;0.3243103;11.370071000000001;walk;
-5.391742;-0.40222588;7.5944076;stairsdown;
-0.17238252;2.4181437000000003;8.176199;bike;
-1.0342950999999998;-1.0630256;9.605537;sit;
-3.3503265;-4.391205;8.562424;null;
-0.9193620000000001;-0.45968100000000006;8.733939;bike;
-1.9919509999999998;-0.306454;9.653300999999999;stand;
-6.842331;-2.0727234;9.139664;walk;
3.9157562000000006;-0.46954346;9.007553;sit;
-2.2971802;0.44883728;9.951569000000001;null;
-2.3626404;-1.0757903999999998;9.243408;bike;
-1.1683705;0.5746084;9.605537;null;
9.059659;0.90979666;3.3901896000000002;sit;
-4.3764343;0.8499298000000001;9.743286;stairsup;
-2.526886;-0.2938385;9.9122925;stand;
-2.930503;1.7812861;8.810661999999999;bike;
-1.2258313;0.93852705;12.785036999999999;bike;
-4.327469000000001;0.5290222;7.7400055;stairsup;
0.59020996;-1.0139008;10.763275;walk;
-0.23577881;1.1986542;7.773528999999999;null;
5.9005103;0.7469909;8.055291;walk;
-4.261679;-0.8810662;5.0757074;null;
3.8014984;-0.085113525;9.018265;sit;
-7.374141000000001;-0.11372458;6.4248405;stairsdown;
-1.8566436999999998;-1.9656067;10.198929;stairsdown;
-1.7812861;0.37349546;9.490616000000001;stairsdown;
1.6663644;0.63206923;9.279925;sit;
-3.217767;-1.9919509999999998;8.580712;stairsdown;
-4.2429657;-0.0006103515599999999;7.6876373;stairsdown;
-1.8804473999999998;1.4776001;9.365799;stand;
-8.312667999999999;-2.4229321;8.542512;walk;
-3.6870705999999998;0.46926352;3.466804;stairsup;
8.839393;0.6607997;4.501099;sit;
4.7644614999999995;-0.736217;7.97748;stairsdown;
-5.676117;0.17271423;7.389099000000001;stairsup;
-5.889736;1.1013328000000002;11.233594;walk;
3.8307227999999998;0.31603462;8.63828;sit;
1.379043;-0.9193620000000001;11.492025;bike;
-0.42975920000000006;3.4871547;8.955511;null;
3.9839019999999996;1.072589;9.500074;bike;
-4.941632299999999;3.7349546;4.290409599999999;stairsup;
-6.081272;0.076614454;7.5944076;stand;
-6.754257000000001;-0.37313843;12.38768;walk;
-6.540959;1.1683705;11.980585000000001;stairsup;
3.4835510000000003;1.537857;14.608765;walk;
-2.604859;-2.298405;9.346847;null;
-5.334281400000001;-0.45968673;7.642291999999999;stairsup;
-3.5552062999999996;1.4723969;6.9237366;stairsup;
3.9465332;0.34648132;9.614746;sit;
-18.945328;-1.3229065;13.870651;stairsdown;
-1.9639282;1.7961273000000002;9.858734;stand;
-3.1627405;0.3890578;8.865729;stand;
-4.290356;0.0;6.588761;null;
-4.003105000000001;1.6280571000000001;8.7053175;null;
-11.358092999999998;2.8538885;9.5385;walk;
-2.6826324;-0.6218872;9.381271;stand;
-2.145178;-0.45968100000000006;9.959755;bike;
-3.3482912000000002;1.1803415000000002;8.678981;stairsup;
-2.827835;2.003662;8.648117;stairsdown;
1.5542603000000002;0.6261749;10.093200999999999;sit;
-3.3327288999999998;0.2908955;7.801506;walk;
3.524221;-1.9919509999999998;8.733939;bike;
-4.0693665;1.94133;8.284119;walk;
-4.6591167;2.5953147;3.8019924;stairsdown;
-0.6559143;0.45240784;10.222930999999999;null;
-6.2247925;3.7420807000000003;6.119171;walk;
-2.6982727000000004;0.3155365;7.5640564;null;
-5.4683566;1.4748282;7.996633500000001;stand;
-3.6774480000000005;-1.685497;5.516172;stairsup;
0.7758789;2.1174774;15.062225;walk;
6.125565;-0.7350199000000001;7.195773;stand;
-3.5529952000000007;2.767697;7.546523599999999;stairsdown;
-0.13937378;1.2557831;8.689972000000001;bike;
-2.962326;-0.90634155;9.469345;bike;
0.08200073;-0.46998596;10.307433999999999;null;
1.6950948000000001;0.6703765;9.270349000000001;sit;
-0.16280572;-0.5650316;8.619126;null;
-1.8770541;0.15322891;10.534488;walk;
-7.5082164;-1.5993267;6.4547677000000006;null;
-4.137129;-1.072589;8.580712;stairsup;
-2.6719291000000003;-1.1300632;8.063671000000001;bike;
-4.750037;0.153227;11.645252000000001;stairsup;
-1.9151306000000001;-1.52211;10.21936;stairsup;
-2.585738;-2.7102362999999996;9.605537;stairsup;
-1.2627411;1.322876;9.003983;bike;
-1.0901642;2.804657;7.764999400000001;stairsup;
-2.5981292999999996;-0.21246338;6.0666046;stairsup;
-0.9367981;-0.9139252;10.107483;null;
-2.9017725;-0.29688102;9.11712;stand;
4.31914;1.6376339;8.7053175;sit;
-5.120300299999999;1.2926788;12.286713;stairsup;
-3.4718932999999996;-1.4661713;12.435486000000001;walk;
7.7029266000000005;-0.8801575;5.999954;sit;
5.056491;-0.306454;5.8226260000000005;stairsdown;
-12.895615;1.5585327;15.07869;stairsdown;
0.109375;-0.14506531;5.9216003;stairsdown;
1.6950948000000001;0.5554548;9.299078999999999;sit;
-10.25676;2.3750482;11.281479;walk;
-1.9919509999999998;-0.612908;9.653300999999999;bike;
-3.6391866000000004;-2.834735;10.793061;stairsup;
-7.118453999999999;0.9836731;8.460068;stairsup;
-0.7188263;1.7787169999999999;9.239639;bike;
1.3599066;0.40222588;9.308656;sit;
-4.099121;0.8689728000000001;4.663574;walk;
-4.2229004;0.29292297;9.054169;bike;
3.8443449999999997;-0.5147705;9.034927;sit;
-4.903264;0.306454;8.274258;stairsdown;
-2.7326202;-1.3371886999999998;9.347946;stand;
-1.4748282;0.019153614;9.069236;walk;
4.0294414;1.7106571;8.474277;sit;
-6.1295776;2.9529877;12.604492;null;
-5.401016;-0.10772705;10.3965;stairsdown;
3.524221;-0.153227;9.500074;sit;
-2.4037786;-0.34476504;5.094861;walk;
2.6013002;0.6907272;9.113529;stand;
0.14048767;-1.9513245;10.686905;null;
-4.587097;0.20722961;9.812317;walk;
2.5187001;0.9504981;9.144653;stand;
1.5227122;0.93852705;9.56723;sit;
-3.0005797999999997;1.4319305;9.38623;null;
-2.0851593;-0.98727417;10.65715;stairsdown;
-0.2777274;1.5610195;9.682152;bike;
-0.45010993;-0.18195933;8.714894000000001;null;
4.6798553;0.88012695;8.555283;sit;
-3.5781345;2.5713725;14.255076999999998;null;
-5.0487212999999995;0.15768433;8.022079;bike;
-4.137129;1.225816;7.354896000000001;stairsup;
-2.764923;-0.9615326;6.114410400000001;walk;
-2.0207062;1.8100165000000001;9.193734;null;
-0.71525574;-1.4621582;9.633591000000001;sit;
-2.3065338;1.9441528000000001;7.795944;walk;
-3.2100525;-0.84846497;8.265075999999999;walk;
-3.2154129;4.120421;9.260772;bike;
-5.362945;-0.153227;13.330748999999999;null;
-1.3694833999999998;-0.80445176;10.869676;null;
-4.443583;0.0;12.25816;null;
0.9193620000000001;1.225816;9.959755;sit;
3.4311828999999996;-2.7777557;9.475494;bike;
-3.4859576;-0.25857377;7.9583262999999995;walk;
4.423797599999999;1.5640411;9.158905;sit;
3.786026;-0.10177612;8.973038;sit;
-4.8559113;-0.82421875;9.935898;walk;
-4.938041;0.51235914;9.330204;walk;
-0.67733765;-1.3197784;10.052734;sit;
-5.975927400000001;-0.50757074;6.943185000000001;walk;
-3.032547;-0.66711426;9.222977;stand;
1.0807343;0.6932678000000001;9.620499;null;
7.814577000000001;-0.766135;6.741988;sit;
0.7374141;0.63206923;11.60709;bike;
0.766135;1.072589;9.959755;sit;
0.612908;-0.9193620000000001;9.959755;sit;
-2.634819;1.8758569999999999;8.969876;stand;
-7.434021;-4.5547028;10.320526;walk;
4.666595500000001;1.6175995;9.031555;sit;
-0.037017822;-1.1293488;10.916808999999999;null;
0.44976807;2.1543732;10.028931;bike;
-3.995407;-0.20294189999999998;11.459335000000001;null;
-4.098873;-1.0151415000000001;4.9320555;walk;
-5.66947;1.484405;8.063671000000001;stand;
7.354896000000001;1.072589;9.19362;stairsup;
-4.8745947;1.3599066;7.105990400000001;walk;
-3.3076477;0.69163513;6.8059080000000005;null;
-1.2737153;1.2162545;10.189722;bike;
-3.5434184;3.5338415999999997;6.081272;stairsdown;
-2.298405;-1.53227;7.66135;walk;
-2.0055847;-0.61161804;9.288635000000001;bike;
-1.6078948999999998;-0.33148193;9.658585;stand;
9.19362;0.45968100000000006;4.137129;sit;
4.509491000000001;1.5604706;9.007750999999999;sit;
-2.451632;-0.45968100000000006;6.12908;stairsdown;
4.5785217000000005;1.6402130000000001;9.099396;sit;
-1.8449096999999999;-1.1805267;10.326477;stairsup;
3.524221;-0.153227;9.500074;sit;
4.1742907;1.6448165000000001;8.397662;sit;
-1.685497;1.8387240000000002;10.879116999999999;bike;
-0.5855255;-0.6314086999999999;4.478897;stairsdown;
-6.12908;-0.766135;8.887166;bike;
0.32003784;-0.009384155;10.677582000000001;stairsup;
-5.0558624000000005;-0.39932249999999997;5.7452545;null;
-8.639679;-0.23789978;5.7882996;stairsup;
-2.8766327;3.0510254;12.418625;walk;
-1.685497;-0.306454;10.112982;walk;
-4.616852;-0.027236938;8.3281555;null;
-6.6423798;1.5823364;7.396042;stairsup;
-2.3558946;2.1260512;6.0908489999999995;stairsdown;
-3.3158112;-0.9111023000000001;9.7799835;bike;
-0.45968100000000006;-1.53227;9.959755;sit;
2.7218322999999995;1.3867035;9.689728;null;
-0.05746084;-0.91937345;10.362105;walk;
-2.2697031;3.5721489999999996;9.174581;stairsdown;
-2.9113493;0.31603462;9.883265;bike;
5.056491;1.9919509999999998;7.814577000000001;walk;
0.34476504;-0.17238252;9.797073;null;
-0.44032288;-0.7135315;9.706192;stand;
-2.250763;1.5878448;9.369568;null;
-3.1253815;-0.07797241;9.158707000000001;bike;
5.975853;-0.45968100000000006;8.121031;stand;
-1.8674773;-0.7086836999999999;9.509769;null;
-6.0389557;0.34335327;9.006363;bike;
-2.0531921000000004;-1.8029938;11.702332;walk;
0.14762878;-0.70877075;9.894241000000001;sit;
-4.817133999999999;1.4173675;8.293514;stand;
-1.9913025000000002;1.838974;9.827789;stand;
-2.087744;0.08619126;7.0006455999999995;bike;
5.248090299999999;0.89064306;8.130709;sit;
-5.90889;1.1492168;8.073248;null;
3.5553896000000003;0.641646;5.129576999999999;walk;
-5.669398999999999;0.306454;9.500074;stairsup;
-8.893021000000001;-1.9584656000000003;4.734787;null;
-0.766135;-0.612908;6.895214999999999;stairsdown;
-5.862808;0.33383179999999996;7.8804474;stand;
-2.5256958;-0.12483215;9.869446;stand;
8.011016999999999;-0.30812073;6.3262634;sit;
-2.3654714;-0.7757214;9.902417999999999;walk;
-0.90979666;0.48841715;8.034941;walk;
-2.5041046000000002;2.2190857000000004;9.928757000000001;bike;
-5.66947;-2.4037786;8.322245;null;
-5.3809510000000005;-1.3721466;9.107727;walk;
-5.3247046;2.0398598000000003;5.3821654;stairsdown;
3.8834534;-0.030807495;9.496917999999999;sit;
-12.50731;-5.947197;9.959878999999999;null;
-1.3587095;2.432509;9.051279;stand;
-2.7599945;-0.18270874;7.415085;stairsdown;
-0.8330841;-0.42193604;9.688339;stand;
-4.271256;0.641646;8.791509;bike;
-9.056076;-2.1715088;11.611678999999999;stairsdown;
-2.8589477999999997;0.82255554;10.099152;stairsdown;
-2.545929;-1.278122;9.76947;stand;
-3.3647766000000003;-4.7820279999999995;12.533081;walk;
-0.8104706;2.1155396;9.363419;bike;
-3.8498763999999994;2.5629928;4.8973393;walk;
-1.685497;-0.612908;10.572663;stairsup;
-1.53227;-1.53227;10.266209;bike;
-1.8804473999999998;-1.0991516000000001;9.407455;bike;
-2.298405;0.306454;9.959755;stand;
0.53308105;-4.389267;12.616394;null;
-1.225816;0.45968100000000006;9.19362;stairsup;
-3.6104562000000007;-0.6895300999999999;11.530476;bike;
-5.414276;-0.55448914;6.3726807;stairsup;
3.8007953000000003;0.29568392;5.279215;stairsdown;
-2.2697031;-2.2122424;9.720459;null;
-3.3622284;0.46832275;6.5855255;stairsup;
-2.9720154;-0.77586365;9.3671875;walk;
4.0262756;0.32505798;9.543335;sit;
8.809465;0.49320555;3.7062242;sit;
-0.8356323;-1.1198273;10.119385000000001;sit;
-1.2329865;0.19696045;5.413192700000001;stairsdown;
-1.1731589;0.022744916;9.448717;stand;
4.5713805999999995;1.5961761;9.120819000000001;sit;
5.28685;-0.03274536;8.258925999999999;null;
-2.6374054;2.8344116;12.394821;walk;
-2.604859;1.8387240000000002;9.346847;stand;
-4.3238983;-0.8123169;8.175613;walk;
-5.978256;0.019622803;7.092544599999999;walk;
-2.6719291000000003;0.5267244000000001;9.212888000000001;null;
-2.7185059;-0.99961853;9.671875;stand;
-3.5300446000000005;0.09936523400000001;8.512436;null;
-4.817133999999999;0.6799533;6.732495299999999;bike;
-1.5271301000000002;1.1046295;7.8020935;bike;
-2.481491;-0.261261;9.532425;stand;
-6.9395940000000005;-0.23104046;9.624691;stairsup;
-3.545517;0.9979553;7.1318207;stairsdown;
-4.1659107;-0.7278373;6.655881;stairsdown;
-3.830675;1.53227;8.580712;null;
5.209718;0.766135;8.733939;sit;
0.8246764999999999;-1.0662688999999999;10.385986;bike;
-7.575253999999999;-0.35434186;7.3645644;walk;
3.9264907999999994;0.20111294;8.954314;sit;
1.6508331000000003;0.24337769;9.706192;sit;
-1.5888518999999999;-0.30291748;9.607407;stand;
-7.3471375;-2.7825165000000003;11.644012;stairsup;
-1.3503298000000001;-1.3215994;7.680599000000001;walk;
3.9869995000000005;-0.0879364;9.475494;sit;
-6.741988;6.282307;13.177522;stairsup;
7.202881;1.9115753;5.020630000000001;sit;
-0.45010993;0.08619126;11.808203;bike;
-6.646304;0.4405331;7.603985000000001;stairsup;
-9.346847;2.451632;6.588761;stairsup;
0.05224609400000001;0.80589294;10.459778;walk;
3.7646027;-0.045837402;8.976608;sit;
-1.7806396;-1.0579376;7.90683;bike;
-0.5554548;-0.019153614;10.802638;walk;
0.45968100000000006;0.153227;12.871068;bike;
-0.46905518;-0.24266052;10.131287;stand;
-2.145178;1.53227;11.032344;bike;
5.2863975;0.90979666;8.178593;sit;
1.9919509999999998;0.306454;4.59681;stairsdown;
-0.45370123;0.30526072;9.414000999999999;sit;
-0.7581024000000001;-1.5966492;9.6931;sit;
-7.9104424;-0.94810385;4.635174299999999;null;
0.766135;-1.072589;10.112982;sit;
7.6710224;0.18195933;5.6886234;sit;
-3.7349546;1.8866308999999997;7.3166804;stairsup;
-0.6509857;3.7568053999999997;7.791183500000001;bike;
-5.000091599999999;1.7378082;7.107025;stairsup;
3.916914;0.18195933;8.935161;sit;
-2.751831;-1.8970183999999997;9.865875;stairsup;
2.9053638;-1.0019734;5.5090580000000005;null;
-0.6547241;-1.4864044;10.146759;sit;
-1.3652649;-1.1852875;9.788513;null;
-4.750037;1.379043;8.427485;null;
-2.7992706000000003;0.95510864;7.6209869999999995;stairsdown;
-1.6604308999999997;0.10130310000000001;6.125122;walk;
-5.157196;-3.2585907000000005;9.942047;null;
-4.3776245000000005;0.8999176;9.217224;stand;
-0.80451965;-0.9765625;10.752365;walk;
-1.6650238000000002;1.8453674;5.4001007;null;
5.085284;0.9576806999999999;7.8625584;sit;
-5.9280434;-3.0071173;6.3685765;stairsup;
-2.2313959999999997;2.087744;9.279925;stand;
4.3478703;0.91937345;8.350976;null;
-1.0629578000000002;0.19056702;11.690430000000001;bike;
-5.142914;-1.3388214;8.269836;stairsdown;
-6.588761;-2.604859;6.741988;walk;
-2.604859;-1.685497;6.741988;stairsup;
-3.9647980000000005;3.6966474000000002;12.842497999999999;walk;
-2.6588287;-1.0920105;9.470535;stand;
-7.200577;2.0060425;8.252975;walk;
-7.240066000000001;-3.4189199999999995;3.5529952000000007;walk;
4.6822357000000006;0.86465454;8.5612335;null;
5.392939;2.670732;11.417947999999999;walk;
-2.758086;0.612908;9.19362;null;
-2.455307;2.1476745999999998;10.563125999999999;bike;
-6.0716953;0.16280572;7.6135616;stand;
0.30645782;-2.384625;8.111555000000001;null;
-5.5166319999999995;-0.36167908;9.693298;bike;
-2.9684448;0.65830994;9.833739999999999;null;
-2.0111293999999997;1.1204863999999999;7.575253999999999;walk;
-2.9735985;0.4345476;8.690952000000001;bike;
-1.9919758;0.0;12.50731;stairsdown;
-2.6132712000000002;0.35075054;5.4767364999999995;null;
8.508992999999998;1.661576;4.88058;walk;
-4.6267949999999995;0.89902276;7.4339960000000005;stairsdown;
1.1341248;-0.6639862;13.030579;null;
-2.4695892;-0.5707091999999999;5.6286163;walk;
-1.7556458;1.3022003;10.15033;walk;
-2.6192567;0.997185;8.163031;null;
1.3947753999999999;0.51667786;10.181274;sit;
-7.048442;-4.443583;12.871068;walk;
0.30830383;-0.7444763000000001;9.851395;sit;
-1.7054901000000002;0.7444458;10.089432;walk;
-5.056491;-4.750037;9.959755;stairsdown;
1.1456255;0.8283938;9.473856;sit;
-6.1474304;-0.98295593;8.244843;bike;
-4.0287323;0.13388062;6.133255;stairsdown;
-0.7182605;0.08619126;9.730036;stand;
-4.59681;0.153227;7.201669;walk;
-4.55856;-0.46926352;5.592855;stairsdown;
-2.6240451;-0.5746084;10.371682;bike;
-0.7975464;-1.3257294;10.118195;sit;
-0.6991069000000001;-2.825158;8.197746;bike;
-2.604859;3.06454;7.048442;stairsup;
-2.145178;-1.379043;6.282307;stairsup;
-2.451632;0.306454;6.588761;walk;
-0.45968100000000006;-0.306454;10.879116999999999;bike;
-3.0514099999999997;-0.79487497;9.112331;null;
-1.52594;-2.4421234;7.5188293;stairsdown;
-0.3558197;-1.3502808000000002;7.071121000000001;walk;
0.33448792;-0.73257446;9.829971;sit;
-3.7230225;-2.369522;7.883025999999999;null;
-0.45968100000000006;-0.45968100000000006;9.653300999999999;bike;
-2.145178;-0.153227;11.338797999999999;walk;
-3.4189199999999995;-0.4213795;10.352528999999999;stairsup;
-4.993973;0.3493042;8.181564;null;
-4.4930725;1.8187408;9.32077;bike;
-1.1427002;-2.3361970000000003;12.066528;walk;
-6.1866174;0.842759;7.0102224;stand;
-1.685518;-0.94810385;4.5872903;null;
-4.290741000000001;2.1746062999999998;12.825867;stairsdown;
-2.9257145;-0.81043726;8.212111;bike;
3.06454;-1.072589;7.967803999999999;walk;
-8.427485;1.8387240000000002;6.895214999999999;stairsdown;
-0.4405331;-0.9672575000000001;9.739613;walk;
6.588761;-0.45968100000000006;7.354896000000001;bike;
-4.4752197;1.0379790999999998;9.041077;stand;
-4.280833;0.32561144;8.781932000000001;null;
0.2736206;-0.24266052;9.670685;bike;
4.903264;0.766135;8.887166;sit;
-5.329605;3.9877013999999997;7.8245087;stairsup;
4.716751;0.7861023;8.567184;null;
-5.1393433;0.6880646;10.038452000000001;stairsup;
-1.5366516000000001;0.0013275146;10.095581;stand;
-1.6567876;4.4244847;14.470555;walk;
0.25712585;-0.96466064;10.3358;bike;
-0.22132874;-0.7361449999999999;6.287979;null;
-5.452362;2.2329254;14.70636;walk;
-0.766135;-0.766135;9.806528;stand;
1.526886;0.54167175;10.103912;sit;
-2.9851074;2.3947906000000003;10.979889;null;
-5.487509999999999;0.02873042;6.7133417;stairsup;
-1.5995636;2.3452453999999996;9.092056;bike;
-4.4436383;-0.62249243;10.888829;bike;
4.0060425;-0.065322876;9.506439;sit;
-0.57481384;-0.47787476;10.184647;walk;
-0.33279404;0.33518824;9.461885;sit;
0.6915435999999999;0.38619995;9.358658;walk;
-1.4866638;0.41075134;9.695679;bike;
-1.53227;-1.225816;9.500074;walk;
-3.7099303999999997;1.2176971;5.1134644;stairsup;
-0.81402856;0.06703765;9.749189;stand;
-1.2689268999999999;-2.4372973;8.925583999999999;bike;
5.106832;0.6655880999999999;6.5840545;stairsup;
-6.260498;2.0210724;7.121307400000001;stairsdown;
-4.290356;0.45968100000000006;5.209718;walk;
-6.08197;-1.8422699;13.654236;null;
-2.2409727999999998;0.38307226;8.896853;stairsdown;
1.3503298000000001;0.7661445;9.576807;sit;
-2.2122424;1.9823990000000002;9.404425;stand;
-4.617218;0.44532153;8.195352999999999;null;
-2.2410736;-0.32791138;4.947830000000001;walk;
-10.360686999999999;1.422409;8.603088;null;
-6.291962;1.3215994;7.1730285;stand;
-0.49745178;0.8825073;8.0673065;bike;
-2.5994873;-0.47593690000000005;8.601898;stairsdown;
-1.7709503;-0.21960449;9.525284;stand;
-6.959136999999999;-2.7194366000000003;13.866089;stairsdown;
0.13407529999999998;1.8962077000000002;8.542512;walk;
0.40930176;-0.5568695;10.320526;sit;
3.9073372;0.21068975;8.90643;sit;
-0.82951355;0.28146362;7.6209869999999995;walk;
0.5104675;-0.5580596999999999;10.270538;null;
-1.3311761999999998;1.5035586;10.04607;walk;
7.795521000000001;0.12449849;5.592855;sit;
-0.47619629999999996;-0.52711487;5.012298599999999;null;
-0.7374141;-0.15322891;9.433155000000001;stand;
-0.9594116;3.6373443999999995;9.343384;bike;
-1.8471221999999998;-0.9908447;9.514572;bike;
1.6839905;0.8404083000000001;10.170563000000001;sit;
-6.6995087;0.09698486;7.647171000000001;stairsdown;
-3.265691;1.4939818;8.973467999999999;bike;
8.887166;0.766135;4.443583;sit;
-1.9919509999999998;0.153227;10.572663;stairsdown;
-1.7238252;-0.12449849;9.414000999999999;stand;
1.5899658;0.6130829000000001;10.113434;sit;
-3.3734303;0.1592144;9.119514;null;
-2.3690627;0.7098808000000001;9.333796000000001;bike;
-1.9309237000000001;0.60094464;9.757569;walk;
-7.105990400000001;3.4189199999999995;12.727576;stairsup;
-1.4745941;-0.25650024;9.422928;bike;
5.447357;0.6595001;8.737579;sit;
-3.5099792;-1.2376556;9.981323;null;
-4.59681;1.072589;8.733939;stand;
-5.4396260000000005;0.45968673;9.136273;walk;
-1.9057846;-0.6799533;4.8841715;null;
-2.7576141;0.5718689;9.281296000000001;walk;
-2.145178;0.9193620000000001;11.951706;stairsup;
0.36391866;-0.5267244000000001;9.471461999999999;sit;
-1.9249381999999997;0.33518824;8.5473;null;
-2.135628;1.7621324;9.193734;stand;
-3.0422363;-0.105789185;8.618561;stairsup;
0.4973755;-0.5818634;10.28125;sit;
-6.209152;0.48736572;7.5864716;stand;
4.750037;0.153227;8.274258;bike;
-1.379043;-0.612908;9.653300999999999;null;
0.65686035;1.7973175;8.349578999999999;bike;
-3.4189199999999995;2.4372973;8.637083;stairsup;
-0.48961425;1.5370774999999999;8.664616;bike;
4.3574470000000005;1.2066777;8.312667999999999;sit;
3.8402996;0.15322891;8.63828;sit;
-1.225816;0.9193620000000001;8.274258;bike;
-1.6888275000000001;-0.4005127;9.662155;stand;
-10.070114;0.7277832;9.256302;null;
3.81221;-0.63974;8.975418;sit;
-5.368997;2.9400797;5.9388175;walk;
-2.6792297;-0.9353485;7.497406;walk;
-0.7469909;2.4037786;7.0581064;stairsdown;
-5.516172;0.45968100000000006;8.580712;stairsup;
-4.727371;3.2593078999999996;9.461014;walk;
5.8478374;-0.712275;7.4746976;stand;
-5.2916870000000005;0.5630951;12.07843;stairsup;
-2.7922974;0.20603943;10.695435;stairsup;
-3.1622772;1.2693176000000002;7.1472929999999995;walk;
-7.5345526;3.5027169999999996;7.4746976;walk;
-6.895214999999999;-1.9919509999999998;2.604859;stairsup;
-4.4417267;2.3416748;11.242722;stairsdown;
-3.0358477;-1.2545617;10.783484;walk;
-3.169923;-0.45010993;11.559206;bike;
-3.1908417;1.3181152;5.740494;stairsdown;
-3.830675;-0.766135;7.354896000000001;stairsup;
2.9113130000000003;-1.379043;8.887166;bike;
0.0;-0.612908;12.411387;bike;
-2.123413;-0.5723419;8.87088;stairsup;
-5.3642883;1.0891571000000002;8.286499000000001;stairsup;
-2.1978772;1.4688427;7.302314999999999;stairsup;
0.6512229;0.30645782;9.241617999999999;bike;
0.2873042;-0.25857377;9.682152;sit;
3.370994;0.45968100000000006;9.500074;sit;
-2.566584;1.5131354;9.749189;stairsdown;
-1.3694833999999998;4.5202527;6.397307;bike;
-6.6654577;2.3750482;8.350976;stairsdown;
-0.306454;0.612908;10.879116999999999;bike;
-5.1667175;0.22151184;8.905395500000001;bike;
-3.0539702999999996;-0.24340820000000005;9.176559;stand;
-5.975853;0.153227;9.346847;null;
-3.739743;1.6938977;7.398083;null;
-1.8114166;-0.7813720999999999;9.813309;bike;
-2.1710205;0.9499054;7.055847;stairsdown;
-4.462791999999999;0.37349546;7.9391727;stairsdown;
-5.4779334;-1.3120226000000001;5.430049400000001;null;
1.7756348000000002;2.5221405;7.446228;bike;
-3.1986535;0.7086836999999999;9.136273;null;
-0.766135;-0.45968100000000006;7.967803999999999;stairsdown;
3.168726;0.46806642;8.893262;sit;
-2.8634652999999997;-0.91937345;9.232041;stand;
3.1088709999999997;0.830788;8.939949;stand;
4.64653;0.8920288000000001;8.637405000000001;sit;
-3.6730347;1.3914642;11.244110000000001;walk;
-5.257667;0.34356794;9.822212;walk;
1.5610195;0.19153613;9.576807;sit;
-7.857558999999999;3.6580199999999996;5.747635;stairsup;
-2.3750482;1.9057846;9.165004;stairsup;
3.9679565;0.37028503;9.44693;sit;
0.25857377;-0.46926352;9.471461999999999;sit;
-9.456146;-1.4019012;13.2864685;null;
-2.6078186000000003;0.07511902;9.842072;stand;
5.056491;0.9193620000000001;8.733939;sit;
3.8786068;-0.15442601;4.581305;walk;
2.1350708;2.4769134999999998;8.253174000000001;bike;
-1.5897499;1.401805;7.620744;null;
-0.766135;1.8387240000000002;9.500074;null;
4.0322266;-0.13673401;9.436217999999998;null;
-5.2617645;-0.0006103515599999999;5.581009;stairsdown;
-6.120056;0.0001373291;7.956817599999999;stand;
-1.0821792;0.009576807;9.509769;bike;
0.45968100000000006;-1.53227;11.032344;walk;
-3.9839019999999996;1.53227;8.887166;null;
-3.0862732000000004;-2.4135590000000002;11.301239;walk;
-1.072589;-0.306454;12.564614;bike;
3.830675;-0.612908;9.346847;sit;
8.759186999999999;-1.1587936;13.719973000000001;stairsdown;
-4.614471400000001;0.6868744000000001;8.968475;stand;
0.306454;1.8387240000000002;9.19362;bike;
-2.3769226000000003;1.3402863;7.6914063;bike;
-5.028487999999999;-0.9848938;6.787857000000001;stairsup;
-3.3622284;-0.8468323;9.199173;null;
-0.40222588;0.78529817;9.078813;bike;
0.66059875;-0.8277893;9.876389;null;
-2.6144682999999995;4.2425256;5.755661;stairsup;
-2.2014685000000003;0.70509243;3.9923312999999996;stairsup;
2.2149810000000003;1.5180664;8.396988;bike;
-3.6355953000000003;0.47764325;9.332599;null;
-1.072589;0.306454;9.806528;stand;
-2.4037786;-0.21068975;4.453215;null;
-0.86776733;4.306228599999999;22.446136;null;
-4.462791999999999;0.7661445;9.251195;walk;
-5.8770904999999996;2.9927063;9.020645;walk;
1.8483237000000001;-9.216479;16.010026999999997;stairsdown;
-1.1282501;0.08746338;6.8307037;stairsdown;
-10.921097;2.842743;10.514327999999999;stairsup;
-1.436521;1.7621324;11.291056;null;
-0.9193620000000001;1.8387240000000002;9.500074;stand;
-0.94810385;1.7525556;8.408437;stairsdown;
3.217767;0.612908;9.500074;null;
-1.072589;1.072589;9.806528;null;
-2.507843;-1.1876678;9.709961;stand;
0.46166992;-1.0698395;6.125122;bike;
-2.2840881;0.06916809;9.970612;stand;
-1.379043;1.8387240000000002;15.782380999999999;walk;
-1.4939818;-0.50757074;4.6255975;walk;
8.905233;0.59855044;3.5625722;sit;
-2.9016266;1.1181641000000002;9.274155;walk;
-2.6899414;-1.4102325;8.009186;walk;
-0.6895300999999999;-1.292869;9.615114;sit;
-2.2409727999999998;1.7046716;9.241617999999999;null;
0.766135;-0.9193620000000001;9.959755;sit;
1.066452;-1.7478026999999998;8.563614;bike;
-6.117676;1.248642;8.374573;stairsup;
-8.621658;2.5832825;5.7321625;stairsup;
-2.0039468;-0.6631939;6.6606693;stairsdown;
-5.5162406;0.0;9.193734;stairsup;
-6.976822;2.413086;6.35701;null;
-5.362945;1.9919509999999998;7.66135;stairsdown;
-1.7638092;-0.70758057;9.320572;bike;
-1.2258313;1.8195933000000002;9.011775;stand;
-3.19339;3.2124481;7.9353943;stairsup;
-0.9648633;-0.36511576;4.6040497;stairsdown;
-11.185571000000001;0.45968100000000006;8.887166;stairsdown;
-7.354896000000001;-0.612908;7.967803999999999;stairsup;
-8.054108;2.4376373;7.427185000000001;walk;
-0.766135;-0.153227;4.59681;walk;
-1.5305328;0.9753417999999999;9.551468;stand;
0.88944596;1.2186487;9.496601;sit;
1.5768738000000002;-0.039138794;10.136047;sit;
5.267244;0.79487497;8.236053;sit;
-1.379043;-0.153227;9.040393;null;
-2.4133554;1.13964;6.1483099999999995;walk;
-1.8962077000000002;1.3024458;4.7405194999999996;walk;
-2.3636627;1.0443726;9.255111999999999;bike;
-6.4164605;1.340753;8.178593;walk;
-1.8387240000000002;-0.153227;9.806528;stand;
-10.639832499999999;-3.7253778;10.544064500000001;stairsup;
-3.0087433;-0.39932249999999997;9.280106;stand;
8.2276745;-3.594894;5.8969190000000005;stairsup;
-9.589447;-0.44023132;12.91037;stairsup;
1.3611037;0.30166942;9.357738000000001;sit;
3.9647980000000005;0.22026655;8.954314;sit;
-1.7401733;-0.5556793000000001;10.274109;bike;
-2.6527755;0.48841715;8.781932000000001;stairsdown;
-0.7757214;-1.2162545;5.583278;stairsdown;
-1.379043;-0.45968100000000006;9.806528;bike;
-2.758086;-0.306454;8.887166;stairsdown;
-2.3315277;0.029144287;7.218704;walk;
-4.960786;0.18195933;12.210428;stairsdown;
-2.0732574;1.4335632;9.370560000000001;stand;
-3.0551605;-0.588562;9.162277;stand;
-9.988609;-1.1300632;6.1387334000000005;stairsdown;
-2.451632;-1.9919509999999998;7.66135;walk;
-4.0180206;-1.0801086000000002;8.844498;null;
-0.793808;-0.12200928;6.4236603;walk;
4.7848120000000005;0.58897364;8.165425;sit;
-1.6711528000000002;3.4177230000000005;7.2101383000000006;stairsup;
-4.721366000000001;-4.3574470000000005;9.184157;stairsdown;
-5.768951400000001;0.45954895;8.3591;stand;
-1.616394;2.0972443;6.204864499999999;stairsup;
-6.1032257;2.0310363999999996;7.6697845000000004;stairsup;
0.45968100000000006;-1.072589;10.112982;sit;
-2.9496564999999997;-0.02873042;9.097966;stand;
-1.6245575;-0.25769043;9.632400500000001;stand;
2.145178;2.604859;5.209718;walk;
-8.614517;-2.9379882999999998;11.791397;walk;
1.7621324;0.24899697;9.682152;bike;
-3.5913025999999997;1.1683705;8.944737;null;
-5.257667;4.7979803;6.378153299999999;stairsdown;
-2.6578063999999997;-0.42951965;10.5026245;bike;
-2.7198130000000003;0.13407529999999998;9.299078999999999;stand;
1.685497;0.306454;12.564614;walk;
-3.5529952000000007;1.9345150000000002;8.973467999999999;null;
-5.553528;1.4783478;5.638336;stairsup;
-6.126762;-2.099715;7.522581599999999;stairsup;
-3.217767;1.53227;6.895214999999999;walk;
1.5579987;-0.007751465;9.725235000000001;sit;
-0.49799395;0.842759;8.781932000000001;bike;
-4.59681;-1.9919509999999998;4.59681;stairsdown;
-1.5604552999999999;0.20722961;10.034882000000001;stand;
-2.451632;-1.379043;9.500074;stand;
-3.1663318;0.39145198;6.787561999999999;stairsdown;
-0.8331822;0.0;9.787497;stand;
-5.046977;2.3175871;8.360553;stairsup;
-5.790207;1.2133789;6.576003999999999;null;
0.5094452;1.1645813;8.830214999999999;null;
-0.8925934000000001;-0.72543335;6.706924400000001;walk;
-0.70233154;-0.52949524;6.0822754;null;
-3.9418488;-0.8849181999999999;9.370560000000001;null;
-6.1413116;0.21362305;7.5900419999999995;stand;
-4.213794999999999;-4.999093;15.648501999999999;stairsup;
9.13591;0.043426514000000006;3.2256317;sit;
-6.70903;-2.9594116;7.6685944;null;
0.44738770000000005;-0.49497986;10.332428;null;
4.715561;0.83132935;8.530289;sit;
4.402374299999999;1.6187897;9.145813;sit;
-4.290356;-0.45968100000000006;3.6774480000000005;stairsup;
-0.306454;2.604859;5.056491;walk;
-2.451632;-0.766135;13.024295;null;
5.2142487;0.20529175;8.158951;sit;
-6.2823853;0.18195933;7.441178999999999;stand;
-7.814577000000001;2.604859;11.032344;walk;
-0.029708862000000003;2.3738097999999996;11.706894;stairsup;
-3.217767;4.137129;11.492025;stairsdown;
5.3047028;0.21481323;8.269638;sit;
-4.3726959999999995;1.4871216;9.856155000000001;walk;
-1.2663116;2.611847;7.844742;bike;
9.229766999999999;0.767807;4.116089;sit;
-6.2345014;-1.5897499;8.274361;bike;
-0.003692627;-0.48902893;13.889892999999999;walk;
-1.4067535;2.176239;6.909256;stairsdown;
-1.0055646999999999;-0.24899697;5.21936;walk;
-2.3175871;1.8962077000000002;9.423578;stand;
-2.145178;-1.685497;9.346847;stand;
-5.056491;1.225816;8.121031;null;
-0.8439561;-0.80205756;8.827422;walk;
-2.5570072999999995;-0.9576806999999999;9.069236;stand;
-7.1529694;1.3204956;10.229874;stairsdown;
-3.5793315999999997;0.33159694;8.772355000000001;stand;
-2.3463178;0.7086836999999999;4.2999864;walk;
-4.59681;-0.153227;6.895214999999999;stairsdown;
-0.90979666;-0.21068975;9.509769;stand;
-5.5892334;0.9070587;7.511688;walk;
-3.7445314;1.0151415000000001;5.8705826;stairsup;
0.51420593;-0.7528076;9.812119000000001;sit;
4.462791999999999;1.7046716;8.513782;sit;
-1.3960419;1.3085938;7.2091827;walk;
-0.39985657;-0.012512207;12.060379;walk;
-3.5169525;2.4928284;4.718124400000001;walk;
5.046977;0.90021986;7.996633500000001;sit;
-0.52142334;-0.20814514;10.199127;stand;
0.45968100000000006;-0.45968100000000006;5.362945;stairsdown;
-1.53227;2.145178;12.411387;walk;
3.3171665999999997;0.15083471;8.842984;sit;
-5.056491;0.766135;13.024295;stairsdown;
2.932897;-2.847903;8.419210000000001;bike;
-3.0166939999999998;-1.1779473;9.222465;stand;
-2.8060042999999997;-0.91937345;3.4476504;walk;
-1.225816;0.306454;10.112982;bike;
-2.2505496;-0.05746084;9.14585;stand;
0.45968100000000006;0.612908;9.040393;walk;
-3.9839019999999996;0.306454;11.032344;null;
-4.440536499999999;-1.1884155;9.685959;walk;
-3.6774480000000005;-0.9193620000000001;6.895214999999999;null;
-1.8365784;1.6747284;9.859924000000001;stand;
-2.298405;4.750037;8.274258;bike;
7.6313477;-0.24623108;6.8987427;sit;
3.9839019999999996;-0.45968100000000006;9.346847;sit;
-1.484405;0.022744916;9.951499;bike;
-2.8314056;-0.35409546;9.318192;stand;
-4.879715;1.6977843999999997;8.270828;stand;
-4.673482;2.3080103;10.515334;walk;
7.920019;-0.009576807;5.4970870000000005;sit;
-0.6892395;-1.4399872;10.02298;sit;
-5.7843914000000005;1.2964603000000001;9.500193;null;
-4.0549164;1.489502;14.400284;walk;
-6.984131;3.54451;10.092010499999999;null;
-0.8535328999999999;2.1906946;7.9391727;walk;
-11.348516;-0.8619126;11.405977;walk;
-1.3615264999999999;0.28027344;6.6759796;null;
3.6391866000000004;0.59376204;8.762777999999999;sit;
-1.1520538;0.49093628;7.951858500000001;stairsdown;
-2.7198130000000003;-0.13407529999999998;6.8091097000000005;walk;
0.0;0.612908;9.346847;bike;
-3.5195007000000005;1.2355499;7.6628419999999995;stairsup;
6.895214999999999;-0.612908;6.588761;stairsup;
-0.5554548;0.038307227;9.739613;stand;
-3.6774480000000005;-0.612908;11.338797999999999;null;
3.983429;0.30958557;9.533813;sit;
-0.40461729999999996;-2.0167846999999997;7.391280999999999;bike;
-2.3674011000000004;-1.175766;7.324828999999999;stairsdown;
-2.4911804;0.16319275;7.784240700000001;stairsup;
1.2078748;-0.7086836999999999;12.260707;walk;
-2.979584;1.079785;9.2907;null;
-5.4779334;0.7565677;7.728483;stairsup;
-2.882619;-1.6184803;7.0964136;walk;
-6.611435;0.8848877;7.848312400000001;walk;
1.8866308999999997;2.135628;7.1826053;bike;
4.1024475;-0.03794861;9.555237;sit;
-3.802765;2.1508026;14.121979000000001;null;
-1.6472107;-1.5514427;8.724471000000001;bike;
6.8749504;-0.59376204;7.8637557000000005;stairsdown;
-0.77119446;-1.6490173;9.650253;sit;
-2.6623523;1.8387468999999996;9.404425;stand;
-2.7964275;-1.0630256;9.155427;stand;
-5.2369385;-1.015091;8.87088;null;
8.911219000000001;0.37708676;3.867833;sit;
-3.217767;0.0;9.500074;stand;
-6.7061589999999995;0.8499416;11.085154;walk;
-5.5162406;1.4652513999999999;7.891288799999999;null;
-3.3327288999999998;0.40222588;6.684611299999999;null;
5.3271484000000004;0.65592957;12.353363;walk;
-5.3273926;-0.90678406;4.9813538;stairsup;
-4.6279917;1.2473791;8.231264999999999;stand;
-9.192537;4.5034933;14.769831;stairsdown;
-4.3179474;-1.1848450000000001;7.0818330000000005;null;
4.421417;1.562851;9.195801;sit;
0.39756775;-0.6778259;9.726425;null;
-1.3497925;1.6068878;8.572144;null;
-2.2984335;-1.1204863999999999;8.772355000000001;bike;
-1.1587936;1.3120226000000001;11.109096000000001;stairsdown;
-2.3558946;-0.05746084;9.452309;stand;
-7.508122999999999;-1.225816;5.362945;stairsup;
2.1763293999999997;0.7685388000000001;5.872977;walk;
-7.182892;1.3307648;10.40741;walk;
-11.188889;1.3788147;10.943985000000001;walk;
-2.298405;-1.53227;9.500074;stand;
3.7924154000000003;0.32561144;8.561666;sit;
-1.9919509999999998;-1.379043;10.419436;bike;
-3.9863458;-0.34356794;7.590816499999999;null;
-3.0933087;-1.1109096;10.25676;walk;
-0.23101807;0.45478820000000003;6.713073700000001;null;
1.4999673;0.19033903;9.3661175;sit;
-1.5662383999999998;0.7349243000000001;6.745010400000001;bike;
-1.2283936000000002;0.14414978;5.6788025;walk;
1.6316483999999998;0.39983168;9.466674000000001;sit;
-5.861618;-0.057739257999999995;8.170853;null;
3.8360138;-0.48620605;8.898056;sit;
-2.6947021;1.210556;8.953003;bike;
-0.615448;-0.45094300000000004;10.977509;stairsup;
0.2868805;-0.60165405;10.125136999999999;bike;
-3.8942413;2.8796387;9.769272;null;
-2.9113130000000003;1.685497;8.427485;stairsup;
-1.0151415000000001;-1.8195933000000002;9.662998;sit;
-2.2208405;2.7213439999999998;10.585739;stairsup;
-0.5129242;-0.5957031;9.682388000000001;stand;
-3.0262709;-0.34356794;12.537237;walk;
2.145178;-0.9193620000000001;8.121031;bike;
-2.6697083;3.4778595;8.833984;bike;
-4.750037;1.072589;7.66135;stand;
-7.5232850000000004;0.44050598;6.6868896;stairsup;
-2.000824;1.5902252000000001;8.593567;stairsup;
-3.4955344;1.2545617;9.854534;stairsdown;
-3.9870758;-2.8475342;7.207992599999999;walk;
-2.9400797;-0.94810385;7.086836999999999;stairsup;
-1.8579005000000002;-0.22026655;8.360553;null;
-1.9919509999999998;-1.379043;10.266209;bike;
-5.867737;-0.59614563;8.929199;bike;
-1.4652513999999999;1.4460978999999998;7.0964136;stairsdown;
-2.9077453999999996;-1.0865021000000001;9.727814;stand;
4.465454;1.5604706;9.101776;sit;
-1.7142484;-1.3886370000000001;7.6710224;stairsdown;
-2.1068976000000004;-3.1316159;5.841851999999999;walk;
-11.778198;2.9077606;12.639008;walk;
-1.7947540000000002;-0.38027954;11.29866;walk;
-10.342952;-0.08619126;6.7516490000000005;stairsdown;
-6.7360864000000005;-3.7912182999999997;5.5126495;walk;
-1.1300632;-1.6950948000000001;9.643844999999999;sit;
0.77944946;-1.3614349;14.974151999999998;stairsdown;
-2.6362152;0.2505188;9.355087;null;
-6.862732;2.563797;6.566681;walk;
5.209718;0.153227;8.887166;sit;
-4.903264;-1.9919509999999998;15.3227;walk;
3.489502;0.56785583;12.773499000000001;null;
-1.7429788;-0.31603462;10.084377;stairsdown;
-1.3984222;-0.23269653;9.663345;stand;
-1.0726023999999998;-0.17238252;8.1881695;bike;
-4.183624299999999;0.29530334;8.595947;bike;
-0.7392273;1.7282866999999997;21.82367;stairsdown;
-1.072589;-0.612908;9.959755;stand;
-2.0043945;0.02394104;9.338623;null;
-2.6493073;-0.61831665;9.414597;stand;
-4.137129;1.072589;8.733939;walk;
-0.545878;1.2258313;8.896853;walk;
9.212082;-0.024414063;3.5600739000000003;sit;
-5.362945;1.685497;5.975853;null;
-6.272808599999999;1.4748282;7.201759;null;
-3.5682983;0.63331604;7.4259949999999995;stairsup;
1.7424773999999998;0.29693604;9.69548;sit;
-5.421249400000001;-0.27911377;7.463882400000001;stairsup;
1.3503298000000001;-0.90021986;2.681506;stairsup;
-3.524221;0.153227;9.346847;stand;
-6.741988;-0.766135;8.733939;walk;
-2.3451207000000003;2.018312;14.064738;walk;
3.830675;-0.306454;9.346847;sit;
-5.547409;1.0384216;7.8542633;stairsup;
-3.8836975;3.0232086;10.237213;stairsup;
7.868362400000001;-0.58499146;5.8416595000000004;sit;
-0.766135;-0.766135;9.19362;null;
-3.0885203;-2.5354595;12.861651;stairsup;
-3.2561142000000003;-1.2737153;7.249642999999999;walk;
0.90979666;0.5554548;10.773908;bike;
8.044342;-0.36167908;6.365539599999999;sit;
-8.236038;-1.0301208;5.541733;stairsup;
-2.9528046000000003;0.25289917;9.287247;null;
-2.1547816;1.8004397;9.165004;stand;
0.67471313;0.23817444;12.241486;walk;
3.9989013999999994;0.47859192;9.667114;null;
0.153227;0.612908;7.508122999999999;stairsdown;
-2.5761611;-0.60333884;9.040505;null;
-2.8635406000000003;-0.31719970000000003;9.359848;stand;
4.19943;1.6747441000000003;8.349778;sit;
-3.5529952000000007;1.2354081000000001;5.9280434;stairsdown;
-3.4763808;-4.865018;7.5561004;stairsup;
4.857025;1.5937958;8.929199;null;
-12.412399;0.2338562;13.914688;stairsdown;
-9.002198;-4.912902;11.233594;null;
-7.09346;3.1688537999999995;10.446487;stairsdown;
-6.435534;4.59681;9.959755;null;
-4.1276035;-0.79487497;13.139379000000002;stairsup;
-5.45878;0.08619126;7.584830800000001;stairsup;
-3.9839516;0.23942018;9.500193;walk;
3.370994;0.306454;9.653300999999999;sit;
-7.017456;2.2900543;11.11795;null;
-2.4420857000000002;0.60333884;9.251195;null;
-0.49523926;-1.5506744;10.064636;sit;
1.6851807;-0.12007141;10.246735000000001;sit;
-8.341399000000001;2.528277;8.025364;stairsdown;
-7.3876038;-1.8874970000000002;11.5095215;null;
7.489063000000001;-0.095768064;5.774814599999999;sit;
-6.6079965;-0.45010993;6.023811299999999;stairsup;
1.685497;0.0;9.959755;sit;
-5.097519;1.8394165;8.056595;null;
-3.8869865;0.3890578;9.466674000000001;walk;
-0.5166626;1.1522369;9.467163000000001;stairsup;
-6.101013;-0.50450134;8.711395;bike;
-3.3423057000000003;-0.5554548;9.260772;stand;
4.43927;1.6402130000000001;9.06369;sit;
-3.2082303;1.9345150000000002;11.310209;stairsup;
-3.217767;0.153227;9.346847;stand;
-6.5187683;1.9698944;7.33078;stairsup;
-1.9405005000000002;2.8072014;7.565677;walk;
8.166931;-0.017715454;6.095367400000001;sit;
-3.6355953000000003;0.015562311;8.775947;stand;
-3.524221;-0.766135;10.72589;stairsup;
-4.389768599999999;0.79487497;5.7819970000000005;walk;
-2.4612392999999995;-1.9057846;8.561666;bike;
7.967803999999999;-0.766135;6.588761;sit;
-4.032303;1.983429;5.869034;stairsup;
-1.281784;1.1300659;9.425308;stand;
-1.2200623;2.3697967999999996;14.45166;stairsdown;
0.36169434;-0.4997406;10.303864;sit;
-2.5210943;1.5933412;9.241617999999999;stairsdown;
-0.66781616;2.5756989;12.572357;walk;
-1.9651183999999997;1.7473296999999999;9.874207;stand;
-4.012682;-0.641646;6.2823853;stairsup;
-1.2246552;1.2264709999999999;9.706192;stand;
-4.632324;-1.3221588;8.988708500000001;bike;
3.8211459999999997;0.5746084;8.983044999999999;sit;
0.12449849;0.90979666;10.524911;bike;
-0.711853;0.5785675;7.5152589999999995;stairsdown;
-3.1028854999999997;0.21068975;7.8625584;walk;
-6.1222687;2.471405;7.06279;walk;
-0.96995544;0.73373413;8.737381;bike;
4.2880154;-0.46926352;5.5246205;walk;
1.2449848999999997;0.81402856;9.528922999999999;sit;
-6.2247925;1.0570221000000002;7.8984985;null;
-5.5054669999999994;1.5275006000000002;7.7919292;walk;
-4.8905945;-1.7541962;9.623077;stairsup;
0.63305664;0.5726166;10.449066;stairsup;
-1.072589;1.225816;7.201669;walk;
-7.374141000000001;-3.4380736000000005;13.445837;stairsup;
-0.46769714;-0.6659241;9.657394;stand;
-6.162903;-0.13792420000000002;5.418152;stairsup;
-9.998186;-3.2082303;8.571242;null;
-3.5824127;0.6873169;7.5876617;stairsup;
-10.727264;2.4043121;11.56546;stairsup;
-0.2536316;-1.0377045;12.821106;bike;
-2.7470703;-0.1867218;9.474304;stairsup;
-2.5447387999999997;1.4343108999999998;10.53595;bike;
-2.9592332999999997;-0.6607997;6.885724000000001;walk;
-5.4855194;3.4187927000000005;5.760726999999999;stairsup;
-3.489549;1.520318;8.669404;null;
-5.396530599999999;-0.70509243;12.879608000000001;null;
-3.9001922999999996;-1.1360473999999998;6.6747894;stairsup;
1.4185646;0.48841715;9.340978;sit;
-2.327164;2.0302830000000003;9.308656;stand;
8.078857000000001;-0.011764526;6.234619;sit;
3.9109955000000003;-0.47073364;8.851639;sit;
-1.8962077000000002;1.733402;9.174581;stand;
-1.1891174;-0.9710540999999999;9.500488;stairsdown;
-9.307373;4.7156525;15.140778;walk;
-2.3578796000000004;1.280777;9.9122925;stand;
-10.691559;0.8035126;11.545227;stairsup;
-1.225816;-1.225816;6.588761;stairsup;
-4.721366000000001;1.8770541;13.685257;null;
-4.3478703;-1.5035586;8.494628;stairsdown;
-1.072589;2.451632;9.500074;stand;
5.094861;0.91937345;7.891288799999999;sit;
-2.5362396;0.18267822;9.516952499999999;null;
5.405700700000001;0.69996643;8.682831;sit;
-4.0270470000000005;-0.08738836;5.5701103;stairsdown;
4.717774400000001;0.61890113;8.209717999999999;sit;
-2.9113493;-0.90979666;9.136273;stand;
-1.5733795;-0.26483154;9.640732;stand;
5.282089;0.21838379;8.197037;sit;
-0.9689331;1.0546417;11.893951;walk;
-3.217767;-0.612908;9.19362;stand;
-4.751343;-1.3031158;7.984192;stairsup;
-2.9694672000000004;0.36120605;7.2448883;null;
-1.2377472;1.2193298000000001;9.858536;bike;
-2.451632;1.8387240000000002;9.500074;null;
-3.0231934;1.5521393;9.707581;bike;
-4.119224;-0.3196259;5.5820813;walk;
-7.077260000000001;3.0550013;5.583278;null;
-2.9849396;-0.21365356;9.327713000000001;stand;
-5.905655;-1.6216431;7.3877106;stairsup;
-4.290356;0.45968100000000006;8.580712;stand;
3.830675;-0.306454;9.346847;sit;
3.2348022000000003;-6.3923492;11.937988;stairsdown;
-2.5731354;1.3502502;9.292007;bike;
-3.830675;0.45968100000000006;10.419436;walk;
-3.06454;2.145178;7.66135;null;
-2.758086;-0.153227;9.040393;stairsdown;
-4.271256;0.41060558;6.1088057000000004;stairsup;
-3.6801758;-0.57115173;8.188903999999999;stairsdown;
-3.8680573;1.3835753999999998;14.771622;null;
-4.8733974;1.1516110000000002;7.5106106;stairsup;
-4.4723687000000005;0.7374141;8.293514;null;
0.38668823;0.21437073;10.5216675;stairsdown;
-6.789956;-1.5993267;5.535394;stairsdown;
-5.180832;1.483551;11.2332;walk;
-5.5545480000000005;1.4748282;7.479486;walk;
-1.9919509999999998;-0.45968100000000006;10.419436;null;
-0.025139118;0.9684546;9.813833;bike;
3.8594532;0.61291564;8.954314;sit;
-2.3175871;1.532289;9.136273;bike;
0.15682021;1.733402;7.7643960000000005;walk;
-2.9113130000000003;-0.45968100000000006;6.282307;walk;
1.6149597;0.56666565;10.200317;sit;
-5.1235914000000005;3.6008794;11.84651;walk;
-5.209718;0.0;7.967803999999999;null;
-1.225816;0.0;9.346847;bike;
-3.1280246;-1.2880806;8.953117;null;
-6.3757779999999995;0.98724365;7.075882000000001;null;
-4.59681;-0.45968100000000006;7.201669;bike;
-4.166794;0.22076416;6.516494799999999;walk;
1.340753;0.61291564;9.557653;sit;
-0.41311646;-0.2688446;10.127716;stand;
0.31603462;1.1587936;7.5561004;walk;
-0.45968100000000006;1.072589;9.653300999999999;bike;
-1.379043;0.612908;11.492025;stairsdown;
-6.6496887000000005;-0.25694275;12.231964;null;
-10.879116999999999;1.072589;9.19362;stairsdown;
-0.7521515000000001;-1.0063171;9.734755999999999;walk;
-3.2082303;0.5650316;8.954314;null;
-3.0313567999999997;-0.6040344;7.5233917;stairsup;
-0.153227;0.306454;9.959755;sit;
-5.995081;0.9768343;7.201759;stairsdown;
0.59632874;-3.0605773999999997;9.532425;bike;
-7.7064056;-0.43026733;7.728103599999999;walk;
-3.0729580000000003;1.9955671000000001;6.4906807;stairsdown;
-7.66135;1.072589;13.943657;stairsup;
-4.9224787;-0.061052144;6.8821330000000005;walk;
-1.8818054;1.7973175;9.694489;stand;
3.8307227999999998;0.58418524;8.925583999999999;sit;
0.7398083000000001;1.2785037000000001;9.431957;sit;
-2.451632;-1.072589;8.121031;stairsdown;
-0.08938599;-0.25932312;10.200317;stand;
-0.306454;2.9113130000000003;7.66135;bike;
-9.239532;-3.7215729;13.451904;stairsup;
-3.2501287;-1.520318;7.880514999999999;null;
-7.2592196;-0.05746084;7.2592196;stairsup;
3.5913025999999997;0.641646;8.714894000000001;sit;
-0.8273010000000001;-1.4245148;10.0408325;sit;
0.5354614000000001;-1.2221832000000001;13.093658;walk;
-1.4507903999999998;-0.31600952;10.068008;stairsup;
3.9839019999999996;-0.9193620000000001;5.516172;stairsdown;
-1.3424835;-0.6492614999999999;11.693802;stairsdown;
4.5203705;0.85513306;8.593369000000001;sit;
-5.650316;-2.3175871;13.953407;null;
-3.9839019999999996;1.8387240000000002;11.492025;walk;
-2.7434998;-0.7199249;6.477417;stairsup;
-0.29393005;-1.4633483999999999;7.4579315;walk;
3.9786682;-0.04270935;9.571899;sit;
-2.7389667;0.80445176;8.312667999999999;stairsup;
8.733939;0.0;5.516172;sit;
7.814577000000001;-0.153227;6.895214999999999;sit;
-5.267244;-0.92895025;5.7939680000000005;stairsup;
-1.9851836999999999;0.76586914;8.039932;stairsup;
4.461595;-2.4181437000000003;8.792705999999999;bike;
-1.9919509999999998;0.612908;9.806528;stand;
0.92822266;3.2648162999999997;8.243652;bike;
-2.7207183999999995;-1.2717285;9.4384;stand;
-6.2632318;-1.5610195;4.999093;stairsup;
4.113159;0.40122986;9.488586;sit;
1.5899658;1.8044586;13.828003;null;
-0.34867859999999995;-1.2336426;11.078476;walk;
8.733939;0.766135;4.137129;sit;
-4.0797195;-2.135628;6.6654577;null;
-6.2345014;0.7374141;7.431602000000001;stand;
-13.483976;-2.298405;12.411387;stairsdown;
4.55856;1.6663644;8.542512;sit;
-3.9552212;1.6280571000000001;8.7532015;null;
-3.726575;-0.7086836999999999;13.966576000000002;bike;
0.3678131;-0.75875854;9.881149;sit;
-3.8658447;-2.233841;7.997284;null;
0.3523407;-0.7849425999999999;9.825211;null;
-2.4911804;0.06440735;9.152954;stairsup;
-2.6240451;0.32561144;8.868122999999999;null;
-3.1265717;-0.6694945999999999;10.596451;stairsup;
1.6603789;0.51235914;9.329007;sit;
-2.8155810000000003;0.46926352;9.011775;null;
-0.89064306;2.3463178;9.385271000000001;stand;
0.45350647;-0.77423096;9.845444;null;
3.370994;0.45968100000000006;9.653300999999999;sit;
-2.154358;1.7509003;9.845642;stand;
5.5641245999999995;0.2873042;7.7847466;bike;
-2.3463178;0.60333884;8.255207;null;
-4.416733;-1.8572998;11.179642;stairsdown;
-8.464722;1.3176727;15.084839;walk;
5.2832794000000005;0.26361084;8.139908;sit;
-3.916914;1.3215994;7.5082164;stairsup;
-2.758086;0.9193620000000001;7.354896000000001;stairsup;
-2.2840683;0.3172317;9.592369;bike;
-3.1507695;1.2258313;7.881711999999999;stairsdown;
-1.0629578000000002;2.7137604;9.024414;bike;
3.3087866000000004;0.50996494;8.797494;sit;
1.0259857;-1.2157898;11.029678;bike;
-1.6937561;0.5726166;9.986084;bike;
1.3233643;0.33576965;11.060822;walk;
-0.4405331;-0.009576807;9.768343;stand;
4.776432499999999;0.58298814;8.184579;sit;
-1.091756;-0.92895025;10.04607;stairsdown;
-5.8117980000000005;0.09535217;8.238892;stand;
5.146408;0.10412598;8.338669;sit;
1.5506897;0.43336487;10.062256;sit;
-3.3614593;-1.9632453999999997;14.020445;stairsup;
-2.9496564999999997;1.6759412;7.383717999999999;stairsup;
-1.8291701;-0.5267244000000001;11.473015;bike;
-2.145178;1.379043;8.274258;null;
-3.2369606;0.9576806999999999;8.829816000000001;bike;
7.1981673;-2.5342624;4.891354;stairsup;
-5.899312999999999;1.0055646999999999;7.3166804;null;
-2.9101257;-0.3105011;8.837555;walk;
-6.339846;3.0166939999999998;12.861651;stairsup;
-1.3009948999999998;-0.0034332275;8.916107;walk;
0.46540833;-0.6694945999999999;9.8871;sit;
-7.646896400000001;1.9417725;7.5852813999999995;stairsup;
-3.0083144;2.019509;11.051635000000001;bike;
0.9193620000000001;-1.072589;9.806528;bike;
-1.8387240000000002;-0.45968100000000006;9.653300999999999;stand;
7.946747;-0.32240295;6.3714905;sit;
-3.2600403;3.3445587;9.388611000000001;walk;
-1.8030853;-1.7192383000000002;7.250839;stairsup;
-4.7405194999999996;-1.4077905000000002;7.3645644;stairsup;
-0.5487976;-0.18196106;10.144378999999999;stand;
-3.06454;1.225816;8.733939;stairsdown;
-0.8451538000000001;2.1234283;9.989655;stand;
-3.2540894000000002;1.2926788;6.264374;stairsdown;
-5.3079453;2.134431;7.653065700000001;stand;
-0.766135;0.306454;5.056491;walk;
-3.3312836000000003;1.1598206;4.566971;stairsup;
4.443583;1.379043;9.040393;sit;
1.685518;0.5746084;9.299078999999999;sit;
-3.7924154000000003;-1.1875241;3.8211459999999997;stairsdown;
-3.9549407999999997;-3.1974487000000003;9.843063;stairsup;
-1.6196774;1.364695;10.583569;bike;
-1.2066777;2.2409727999999998;13.886370000000001;stairsdown;
3.6487634;0.58418524;8.686164;sit;
-4.903325;1.8195933000000002;10.103531;walk;
0.43310547;-1.6101836999999999;7.5914307;stairsdown;
5.877765;-0.6607997;7.499836999999999;stand;
-2.224411;0.25289917;8.224411;stairsup;
-0.1448492;-0.8678981;8.280347;walk;
-1.9919509999999998;-0.306454;9.653300999999999;stand;
-4.796402;1.7215881000000002;8.368423;stand;
3.13401;0.42975920000000006;8.8884735;sit;
-4.59681;-1.225816;5.975853;null;
-4.9775453;2.1380222;7.854178999999999;stand;
-2.3307555;0.50517654;9.188946000000001;stand;
-3.2345665;1.9333179;8.620322999999999;bike;
-1.9889221000000001;1.210556;9.64093;stand;
-3.9839516;1.4173675;8.954314;null;
-5.758072;-2.9879759999999997;8.658828999999999;null;
-2.1113433999999995;0.97058105;11.281998;walk;
-2.087744;0.6512229;6.684611299999999;stairsdown;
-5.669398999999999;-0.153227;8.733939;null;
-5.935226;0.7242460000000001;8.482656500000001;walk;
4.235343;-0.6548142;8.300697;bike;
-4.443583;0.612908;10.72589;null;
-2.145178;0.45968100000000006;9.806528;stand;
-1.2103728999999999;1.0848388999999998;4.838333;stairsdown;
1.6663644;0.59376204;9.251195;sit;
4.6512910000000005;0.92178345;8.687393;sit;
0.008377075;-3.0784302;11.823532;stairsdown;
7.9350130000000005;-0.9503784;5.8095245;sit;
9.196609500000001;-0.05178833;3.4267730000000003;sit;
-1.6484078000000002;-1.127669;7.193378999999999;bike;
-7.077260000000001;3.6966474000000002;6.9048777;null;
-3.532425;2.3071593999999997;9.288437;null;
-3.7527769999999996;-0.55329895;9.147003;stairsup;
-5.975853;-2.9113130000000003;5.975853;walk;
-1.9054413000000001;1.3966675;8.507675;bike;
3.8211459999999997;0.5554548;8.954314;sit;
-1.4077905000000002;-7.7667904000000005;11.032481;stairsup;
-6.247406;-3.2978668;12.767548;stairsdown;
1.2258313;-1.091756;8.034941;bike;
-0.1298523;-0.25813293;10.21579;stand;
0.039504327;-0.4357447;9.560047;bike;
-6.569689299999999;0.94810385;5.430049400000001;stairsup;
-0.7661445;-0.8619126;9.394848;bike;
0.61639404;1.4450226000000002;8.93515;walk;
-5.506664;1.0055646999999999;6.5984197;null;
1.685497;0.612908;9.806528;sit;
4.381119;0.8206177;8.682632;sit;
-0.9193620000000001;1.072589;7.354896000000001;stairsdown;
-4.736928;-0.38187516;9.112331;stairsdown;
-2.2050598;0.7613561;8.723274;walk;
8.399017;0.79875183;5.565735;sit;
8.586803999999999;0.2657564;4.375403400000001;sit;
-1.8387240000000002;-0.306454;9.959755;stand;
-3.370994;-0.45968100000000006;8.580712;stairsdown;
-6.100425700000001;0.095768064;7.6518690000000005;stand;
-2.0077971999999997;1.5002136000000001;9.396744;stand;
-6.0908489999999995;-0.23942018;7.690175999999999;stairsdown;
0.31646729999999995;-0.50450134;10.265778;sit;
-6.4556885;0.37028503;8.6138;stairsup;
-5.394043;-0.4342804;10.970367;stairsup;
0.2873042;-0.2873042;9.595961;walk;
-0.40240479999999995;-0.33311462;10.144378999999999;stand;
-13.494278;-4.8113402999999995;9.674057000000001;stairsup;
7.970718400000001;-0.5552368000000001;5.755966;sit;
-7.3852234;-2.061264;11.125092;null;
-2.451632;1.8387240000000002;9.500074;stand;
-3.370994;-0.612908;10.112982;stairsup;
-2.9148865;0.025131226;5.778778;stairsup;
-6.210342400000001;0.23742676;10.641678;stairsdown;
-1.7496948;0.04536438;6.465515;walk;
3.6583402;0.60333884;8.695741;sit;
-1.102066;0.97772217;9.121811;stairsdown;
8.121031;-0.9193620000000001;7.048442;walk;
-2.9113130000000003;-1.8387240000000002;9.346847;bike;
-2.96881;-0.82360536;9.165004;stand;
-4.443583;-2.604859;13.177522;walk;
-5.4683566;4.692635500000001;10.352528999999999;walk;
4.6691437;0.8348999;8.569564999999999;sit;
-3.7109528;-0.5659485;7.8625945999999995;stairsup;
-5.803545;3.2273839;9.346964;null;
-2.451632;-1.685497;9.500074;stand;
0.766135;-0.9193620000000001;9.959755;sit;
-5.2474823;0.64923096;7.286544999999999;stairsup;
1.0712128;-1.9501343;8.814743;walk;
-2.9373322;-0.27078247;9.414597;stand;
-1.4604796999999998;0.040603638;10.289581;null;
-5.535394;-1.7908629;6.129156;null;
-3.8289489999999997;-3.0134125;9.141052;walk;
-1.2807617;-0.8199004999999999;10.428833000000001;walk;
5.90889;-0.7218518;7.461529700000001;stand;
-0.8810662;-1.1587936;9.653421;sit;
0.21068975;-0.009576807;8.475474;null;
-4.3238983;-2.159607;14.422897;walk;
3.830675;-0.306454;9.500074;sit;
-12.9944;1.4002379999999999;11.215347;null;
4.1623197;1.6603789;8.416816;sit;
0.37376404;-0.7968445;9.802597;sit;
0.29759216;-0.7968445;9.796646;sit;
3.1256304;0.45130703;8.859743;sit;
-3.5145720999999996;2.0964966;4.893081700000001;walk;
-0.30361938;-0.4009552;5.4110107;walk;
-6.956756599999999;0.64759827;5.8013916;stairsup;
-5.056491;0.612908;10.419436;null;
-6.0645127;3.6487634;8.845378;walk;
-2.930503;-0.59376204;6.2632318;walk;
5.453308;0.67378235;8.651886;sit;
-2.5790862999999997;-0.63497925;9.343185;stand;
-0.46310425;-0.18196106;10.21579;stand;
3.1986535;0.49081135;8.882488;sit;
-1.53227;2.451632;12.564614;walk;
-2.826645;-0.5076294;9.764511;null;
-5.177461;1.0893618;7.8853035;stairsup;
-7.2304892999999995;2.4145525;8.924387;walk;
-2.7268372000000003;0.6856842;9.807556;null;
-3.1921997;-2.2731169999999996;15.0312805;stairsdown;
-5.726930599999999;-0.36391866;7.431602000000001;bike;
-3.2945557;1.9687042000000001;14.376678;stairsup;
7.967803999999999;-0.612908;6.895214999999999;sit;
-2.9783869;-0.059855044;7.323863;stairsup;
-1.8950106;0.22385786;8.617929;stairsup;
7.632714999999999;0.11492168;5.6407394;sit;
-1.2737153;0.8714894;9.672575;stand;
-0.45968100000000006;-2.145178;12.564614;walk;
-6.244078;-3.4189199999999995;5.430049400000001;walk;
-2.9113130000000003;-2.9113130000000003;9.959755;null;
7.3552246;-0.32121277;13.839904999999998;stairsup;
-0.45968100000000006;-1.8387240000000002;9.653300999999999;sit;
-3.8466339999999994;-0.09344482400000001;10.91066;walk;
-0.6975708;-0.4247589;7.746155;walk;
-3.2944214;0.40222588;7.326257000000001;stairsup;
0.45452879999999996;-0.55329895;10.2717285;sit;
-2.1065826000000003;0.93844604;6.6747894;stairsdown;
-3.3158112;0.68374634;9.249161;null;
-2.7861786;2.2357482999999996;9.511002000000001;bike;
-4.213379;-0.45808409999999994;6.008483999999999;walk;
-8.399094;-1.2586365;8.670731;stairsdown;
0.40930176;1.4831085;9.515961;walk;
0.34476504;-0.49799395;9.471461999999999;sit;
-1.53227;0.306454;9.19362;bike;
-0.88323975;-0.97224426;10.128906;sit;
2.280477;3.3135752999999997;8.178593;bike;
-2.8921957000000003;-0.9672575000000001;5.4970870000000005;walk;
1.5131354;2.2313959999999997;9.193734;bike;
3.8014984;-0.43026733;9.048019;sit;
-1.2748108;-0.49021912;10.15271;null;
-6.3604736;-0.9424896;8.666167999999999;stairsdown;
-2.7957;-0.50405884;9.424118;stand;
-7.571663;4.794389;9.870096;stairsup;
-2.3989902;1.0127473;8.996213000000001;bike;
5.1355624;1.9261352999999999;8.810661999999999;stairsup;
-2.6778717;-6.15625;11.336746;walk;
-0.306454;0.45968100000000006;10.112982;sit;
-2.758086;-0.153227;10.879116999999999;bike;
-2.2984335;1.1109096;7.5273699999999995;stairsdown;
-2.145178;0.306454;9.806528;stand;
-2.758086;-0.45968100000000006;9.346847;stand;
-4.1513214;1.0027161;10.022781;walk;
-3.6583402;2.7868507;9.203311;null;
-9.356541;5.4970870000000005;11.712435000000001;walk;
-2.8434752999999997;-1.5494843;9.237457000000001;walk;
-5.9342194;0.46118164;7.8685455;stand;
-2.9592332999999997;-0.24899697;9.059659;stand;
-5.063003500000001;-1.21698;8.270828;null;
-2.1912537;0.6118927;6.419098;walk;
3.727707;-0.66711426;9.039688;sit;
-5.975853;-1.379043;13.483976;stairsup;
-0.9193620000000001;-0.766135;9.806528;stand;
-1.7031096999999997;0.39215088;9.659775;null;
-0.39264908;-0.095768064;9.595961;stand;
-5.602432;5.602432;8.207322999999999;stairsup;
-2.046051;3.4350127999999995;7.447417999999999;bike;
0.612908;-2.298405;7.66135;bike;
-3.9839019999999996;3.217767;9.19362;stairsdown;
4.047699;-0.10697937;9.467163000000001;sit;
-5.4226074;-2.6170807000000003;8.861359;stairsdown;
-3.6966705;2.5713806;9.008742999999999;stairsdown;
-4.9895163;3.2752678;6.540959;null;
0.32717896;0.4714508;8.894684;null;
-4.8458643;0.8619126;8.37013;stand;
0.9193620000000001;1.379043;9.806528;sit;
-3.06454;0.153227;9.19362;null;
-0.142455;-0.21906945;10.751163;bike;
-6.0525417;4.807557;11.204864;stairsdown;
-6.3888702;-3.2914733999999997;8.383896;null;
-2.2339325;0.4718933;11.539078;stairsup;
-0.94036865;-0.05580139;7.358154300000001;walk;
5.570114;-0.8456421000000001;13.188675;walk;
-1.567005;-0.5386954;9.259575;bike;
-2.4326935;-1.5216675;9.932327;null;
4.157196;0.0048980713;9.456451;sit;
1.8186493000000001;-2.0667725;9.50029;bike;
-4.1371803;3.9935283999999998;7.077260000000001;stairsup;
0.2873042;1.2641385;8.063671000000001;walk;
-3.830675;0.9193620000000001;8.887166;stand;
5.4759215999999995;0.6785431;8.585236;sit;
-0.306454;0.45968100000000006;9.959755;null;
-1.043872;-1.541866;9.442732000000001;sit;
-10.714172;2.5661774;4.535034;stairsup;
-2.4719696;2.8641662999999995;6.111831700000001;stairsup;
-1.0389861999999999;1.0634155;5.5714874000000005;walk;
7.680599000000001;-0.08619126;5.726930599999999;sit;
-3.524221;3.830675;9.19362;stairsdown;
-2.451632;1.225816;8.580712;null;
0.39756775;-0.7111510999999999;9.832352;sit;
-0.7342987;-0.15652466;8.170853;bike;
-0.80564886;0.5506664000000001;7.451953;null;
-1.072589;-0.153227;9.959755;stand;
-6.714981;0.16244507;7.230606;stairsup;
-3.0029602000000004;0.7523346;10.608551;stairsdown;
4.1024647000000005;1.6950948000000001;8.401254;sit;
0.095768064;-0.37349546;9.77792;sit;
-2.5953147;1.0151415000000001;9.021352;null;
-1.4342957;0.12748718;10.08844;stand;
-0.153227;0.45968100000000006;9.959755;sit;
1.9919509999999998;0.153227;9.806528;null;
-2.358902;-2.0489197;10.997542999999999;bike;
-5.6844482;-0.97224426;14.450470000000001;walk;
0.07383728;-1.0384521;8.458878;null;
-1.4545288;-0.0010528564;10.115814;stand;
-2.4731598;-1.1324768;9.416977000000001;stand;
-6.6530914;0.011291503999999999;8.427933;walk;
-3.776413;-0.60046387;7.2710724;stairsup;
-1.5993267;-0.62249243;10.113108;bike;
-5.669398999999999;-1.8387240000000002;7.967803999999999;stairsdown;
4.0048523000000005;0.33695984;9.462402;sit;
3.8134002999999996;-0.11486816400000001;9.006363;sit;
1.0914458999999999;1.1931458000000001;12.492416;walk;
-3.4380736000000005;0.45010993;8.858546;null;
-2.4301147000000003;0.2896984;3.705027;walk;
-0.011971008;-0.6787562;9.842564;bike;
-0.45968100000000006;-1.8387240000000002;9.806528;sit;
-2.6506653;0.065597534;9.933716;stand;
3.8402996;0.31603462;8.628703;sit;
-3.6774480000000005;0.153227;8.121031;stairsdown;
-2.5911560000000002;-1.7256316999999999;11.451202;bike;
-4.896142500000001;-4.528632599999999;9.907207000000001;stairsup;
-0.17150879;0.46788025;6.7309265;stairsdown;
-3.370994;1.8387240000000002;9.19362;null;
-0.32742309999999997;0.29292297;12.260529;walk;
-9.125107;1.5049743999999998;7.409134;stairsup;
5.825093;-0.91219085;5.245696;stairsup;
-0.6225891;1.2557831;8.271027;bike;
-6.688965;-0.15339660000000002;7.118927;stairsup;
-6.587631;2.9855652000000004;5.6619415;stairsup;
-1.365097;-0.43978882;9.660965;stand;
-4.2880154;-2.8167782000000003;11.895591;walk;
-2.4516625;-2.2505496;12.593501;walk;
-9.08345;2.8058472;9.477675999999999;stairsup;
0.019153614;-1.2641385;8.082825;stairsdown;
0.129776;-3.2272034;14.958480999999999;stairsdown;
6.895214999999999;0.306454;7.66135;null;
-1.4735718;0.014419556000000002;10.122955000000001;stand;
-0.612908;-0.766135;11.185571000000001;stairsdown;
-8.002761999999999;0.168396;8.501724000000001;null;
-2.6314545;-1.512146;7.9078217;stairsup;
-3.524221;-0.306454;7.354896000000001;null;
-9.08345;3.580658;11.467667;stairsdown;
0.014328003;-2.275055;12.586441;bike;
-4.290356;0.612908;8.580712;stand;
-2.7581203;1.5705963;8.90643;null;
-4.105072;-2.1909943;13.238860999999998;stairsdown;
-1.225816;0.45968100000000006;9.959755;null;
-9.212888000000001;1.6089035;4.6255975;walk;
-3.370994;0.766135;5.8226260000000005;walk;
3.9596252;0.033462524;9.5469055;sit;
0.33805847;-0.78375244;9.849014;sit;
1.9674224999999999;-1.3776549999999999;12.659042;walk;
-0.15322891;0.82599956;6.908469;walk;
-2.2601166;1.9536743000000003;8.293442;walk;
-3.8587036;1.1320038000000001;8.888733;stairsdown;
-0.39264908;0.2873042;9.433155000000001;sit;
-1.436521;1.3886370000000001;8.130709;bike;
-4.941632299999999;1.7812861;3.2465374;stairsup;
-2.8208618;2.9660797000000003;22.261657999999997;stairsdown;
-1.1139678999999998;0.21719360000000001;12.3329315;walk;
0.37121582;-0.62709045;10.246735000000001;sit;
-1.4077905000000002;-1.6759412;7.546523599999999;walk;
-4.715637;-0.11531067;5.257477;stairsdown;
-1.7709503;2.4535522000000003;6.351058999999999;stairsdown;
3.9839516;0.11492168;8.8777;null;
-3.830675;-1.9919509999999998;7.048442;stairsdown;
3.524221;0.306454;9.346847;sit;
0.153227;-0.306454;9.959755;bike;
-2.808792;-1.1646118;9.403885;stand;
-2.7635650000000003;-1.1539001;9.419357000000002;stand;
-5.3452454000000005;-0.40809629999999997;7.3664856;walk;
-0.007095336999999999;1.2109985;8.625504;bike;
-0.86997986;-0.9122925;7.5102997;walk;
-1.9306029999999998;1.9115753;9.830169999999999;stand;
-2.9815369;-2.1981354;11.555939;stairsdown;
0.9843291999999999;-3.7223205999999998;13.275557999999998;stairsup;
-0.41180268;-0.2777274;6.0908489999999995;walk;
1.7525556;0.45010993;9.251195;sit;
-2.2293396;-0.2450409;9.984894;stand;
-5.027823400000001;0.59376204;9.165004;stairsup;
-0.0025024414000000004;0.7344818000000001;9.066071;bike;
-10.278564;2.2091217;4.2827150000000005;stairsup;
-0.122543335;-1.2526855;10.116806;bike;
-3.06454;0.45968100000000006;4.443583;walk;
2.604859;-3.06454;8.274258;bike;
0.17364502;-1.2459869;8.3471985;walk;
-2.5953147;-1.0630256;9.174581;bike;
-6.1091766;0.6040039;7.550766;stand;
-0.6703765;-0.30645782;9.5385;stand;
-4.9429625999999995;2.9839325;13.002013999999999;stairsdown;
-5.2474823;-2.2583922999999997;8.245834;stairsdown;
3.8264922999999995;-0.5552368000000001;9.034927;sit;
1.541866;0.8331822;9.528922999999999;sit;
3.8498763999999994;0.5650316;8.896853;sit;
-0.095768064;2.528277;7.1634517;bike;
-0.153227;-1.225816;9.500074;stairsup;
0.5640259;-0.8139496;7.070129400000001;stairsdown;
-0.45968100000000006;-1.8387240000000002;9.959755;sit;
0.21054077;0.4964447;11.166748;null;
0.2777274;0.08020575;7.4256167;bike;
-1.5937805;3.4314422999999996;12.091522;walk;
-2.4528596;-0.8535328999999999;9.312247;stairsdown;
-5.145139;-1.8148049;6.3757589999999995;walk;
-2.5481415000000003;-1.2300719999999998;9.43721;stand;
-3.6774480000000005;-2.145178;11.798478999999999;stairsup;
8.037201;-0.11412048;6.364349400000001;sit;
7.785944000000001;0.06703765;5.650316;sit;
-6.471161;-1.2912139999999999;6.694031;stairsup;
-5.8986816;1.8842009999999998;16.25003;walk;
4.59681;0.153227;10.419436;walk;
-1.8483124;1.4633178999999998;9.458633;stand;
-4.5394063;2.9017725;7.393294999999999;stairsdown;
-0.61052144;2.420538;9.367314;null;
-2.9051971;0.25646973;6.0475616;walk;
-2.9496564999999997;-0.9672575000000001;8.916007;stand;
1.8055573;0.3243103;9.705002;sit;
-1.9919509999999998;0.766135;17.774332;stairsdown;
-2.492364;-0.13407529999999998;8.103176;bike;
-9.506178;-2.0901381999999997;11.675324;stairsup;
9.14585;1.2449848999999997;3.2369606;sit;
-2.604859;-0.153227;8.580712;null;
-1.5354614;1.3617096000000002;9.352905;bike;
-5.2002063;1.4173675;8.264783999999999;walk;
-12.508972;0.14772034;8.445984;stairsdown;
-6.060547;0.089401245;7.978241000000001;stand;
5.209718;0.153227;8.733939;sit;
-14.040741;3.2921906;11.407166;stairsup;
-1.9090118000000003;1.5502014;9.409836;stand;
5.209718;0.306454;9.040393;sit;
-7.4290924;-1.0491638;13.989670000000002;bike;
-0.48928833;-0.3176422;10.141998;stand;
-3.2369606;-1.283292;9.011775;null;
-3.169923;-0.6895300999999999;6.627150500000001;stairsup;
1.4852295;0.32862854;12.855621000000001;stairsdown;
-5.303589;0.33457947;6.0394287;stairsdown;
1.1067505;0.5226288;11.773743;bike;
-14.807220000000001;1.1070098999999998;11.607117;stairsdown;
-4.7561035;1.7580414;7.231994599999999;stairsup;
-2.56419;1.9416976000000001;9.008183500000001;stand;
-2.5378537;2.384625;13.982138;stairsdown;
-0.153227;0.306454;9.959755;sit;
-0.9818573;0.72302246;7.2603607000000006;stairsdown;
-0.94155884;4.7489777;12.624725;walk;
-0.91937345;-1.2066777;9.442732000000001;sit;
-1.072589;-0.9193620000000001;9.959755;stand;
-4.1276855;-0.15934753;7.0737;walk;
-10.208176;-1.8358765;9.211075;walk;
-0.86776733;1.2629242;10.601410000000001;stand;
-2.758086;0.766135;9.19362;null;
-0.3974762;-0.29577637;5.823807;walk;
1.4496917999999999;-1.0134583000000001;10.473861999999999;bike;
8.992621;0.48841715;4.1180267;sit;
-4.7405194999999996;3.0741549999999997;10.304644999999999;walk;
-2.3827057000000003;-0.7028198;7.327011;stairsup;
-5.8843994;0.38456726;8.156769;stand;
-2.6542357999999995;0.046554565;9.811127;stand;
0.93196106;0.777771;8.583847;walk;
-2.9351196;2.6768646;8.224609;stairsdown;
-3.187271;0.31240845;9.155136;null;
0.53681946;-0.59332275;11.327225;bike;
-6.042965000000001;-0.16280572;7.6710224;stand;
-1.4174652;0.5242614999999999;10.328659;stairsup;
-3.9731777000000004;-0.24540567;10.675745;bike;
-2.0198669999999996;0.18223572;8.130585;stairsup;
11.185571000000001;0.9193620000000001;9.040393;stairsdown;
1.7274165000000001;0.49919105;9.315839;sit;
-9.696396;0.7444458;6.3034514999999995;stairsup;
-4.3358;1.4109497;9.136092999999999;stand;
-2.4685669999999997;1.7830352999999999;10.723999000000001;null;
0.6437683000000001;1.1343842;10.549042;bike;
-0.6999512;0.07392883;10.117004;walk;
-3.295578;-1.5466613999999999;11.699753;stairsdown;
0.35434186;-0.23942018;9.643844999999999;sit;
-5.50473;-0.29026794;8.833984;bike;
-2.9879637000000003;3.0358477;9.3661175;stairsup;
-4.5202527;-1.6950948000000001;6.7229185;stairsup;
-4.418091;-1.9874724999999998;6.245331;stairsup;
-3.6978607000000006;2.1667175;4.8300019999999995;bike;
-10.42717;2.8356017999999996;13.914688;stairsup;
-7.374141000000001;-1.5514427;6.0908489999999995;stairsup;
0.36424255;-0.74328613;9.846634;sit;
3.8407745;-0.6647339;9.061111;sit;
-3.0442273999999996;0.5231331;5.6682725;stairsup;
-1.249649;-0.31005859999999996;9.878769;stand;
-8.193192;-1.1419983;5.510788;walk;
3.0088348;-0.8527832000000001;12.261519999999999;walk;
-4.5405120000000005;0.7015991;8.739761;stand;
-7.9583262999999995;3.2848446000000004;8.169016000000001;stairsup;
-2.8220520000000002;0.45240784;9.674255;walk;
4.702469000000001;0.76348877;8.624313;sit;
-0.9094238000000001;0.7832794;7.909210000000001;walk;
-3.2944214;1.6472107;9.174581;stairsup;
-0.90021986;-1.4556746;9.337387;sit;
-5.1345825;0.04417419400000001;8.858978;bike;
-3.6774480000000005;0.45968100000000006;10.112982;walk;
-3.1587067;0.47546387;9.015884;null;
-2.5614014;-1.7137299;10.365753;bike;
-2.4133554;0.641646;8.082825;stairsup;
0.47969055;-0.70162964;9.838303;null;
-1.9020386000000002;1.6782990000000002;9.808746000000001;stand;
-2.057785;0.18267822;8.610031;stairsdown;
-1.2533875;-0.030807495;10.124145500000001;stand;
-4.817133999999999;3.122039;9.691728999999999;null;
-1.8126068;1.3788147;9.50267;stand;
-2.9879637000000003;0.22026655;9.203311;stand;
11.129447;-3.2728736;9.631872999999999;null;
-0.8810662;1.436521;9.825804;null;
-3.217767;-0.612908;9.19362;stand;
-4.443583;-0.306454;10.266209;stairsup;
8.427485;0.45968100000000006;5.669398999999999;sit;
-3.830675;-0.766135;9.346847;stairsup;
-2.1625214;2.3583374;7.788803;stairsup;
-1.0630256;-1.1683705;9.433155000000001;sit;
-3.0945058;0.58657944;8.50181;bike;
-1.3805695;-0.052978515999999996;9.5359955;stand;
-2.2697031;2.873042;7.3071036;stairsdown;
-0.48841715;-0.4309563;8.465898;null;
-3.0358477;0.21068975;9.260772;stand;
-2.6838226;0.9753417999999999;9.18251;bike;
-0.69026184;-0.68258667;9.772842;stand;
0.22720337;1.095108;9.401703;bike;
-5.205826;-0.16366577;8.194656;null;
7.912399300000001;-0.41717529999999997;6.362961;sit;
0.32836914;1.127243;10.018219;null;
-2.8756104;0.1096344;9.76947;stand;
-3.2445679;0.7213898;7.9639587;stairsdown;
3.4320881;0.5781997;8.850166;sit;
-1.072589;-0.766135;9.653300999999999;stand;
-0.70114136;-1.5340118;9.358856;stairsdown;
-2.758086;1.072589;10.72589;stairsup;
-0.90979666;0.11492168;5.45878;walk;
-0.306454;-2.145178;9.653300999999999;sit;
-6.00325;0.20529175;7.912582400000001;null;
-3.2265472;1.8620299999999999;5.9095;stairsdown;
-2.1519775;-1.0995941;9.561188000000001;bike;
-2.0518308000000003;1.8112136000000003;10.295067;bike;
-1.072589;-0.612908;9.959755;stand;
-5.2768207;-0.7182605;9.14585;null;
-4.7788267;1.1683705;10.70687;null;
0.612908;-1.072589;9.959755;sit;
-2.8196716;0.6595001;9.818268;null;
-2.432509;0.90979666;8.858546;bike;
-5.624771;-0.47073364;7.9661407;walk;
-2.0494366000000004;1.8962077000000002;11.166556;bike;
0.2777274;-1.1683705;8.599973;bike;
-3.212265;-1.2419738999999999;7.077072;null;
-3.7636849999999997;0.37349546;2.9975405;stairsdown;
-0.9235382;0.10293579;6.147537000000001;null;
-3.169923;-1.0726023999999998;9.825804;walk;
-2.566584;-0.641646;8.159439;null;
-1.1260376;-1.4114227;6.747589;walk;
-2.9879637000000003;2.4037786;11.702858;walk;
-2.0554047;-0.18984985;8.710007000000001;null;
-8.012450999999999;-0.12959289999999998;5.950165;null;
4.0893555;0.41908264;9.482635499999999;sit;
-0.6616974;-1.6133118;9.590744;sit;
-3.4045547999999997;1.6316483999999998;7.675811;stairsup;
-7.5923157;0.6142731;7.3676759999999994;walk;
-1.1300632;-0.28491;10.056845;bike;
-2.9975405;3.0071173;8.963891;bike;
-0.60333884;0.22984336;9.691728999999999;stand;
-2.5017242000000004;-1.6799621999999999;9.411026;stand;
-4.6273956;-1.0396423000000001;8.417221000000001;stairsdown;
4.5156097;0.8456116;8.737381;sit;
0.12960815;-0.04866028;10.516907000000002;null;
-7.203125;-3.8941498;17.821075;walk;
-5.3725886;1.2066777;6.0142345;stairsup;
-2.4136505;1.7751465;8.468399;stairsdown;
-3.314621;-1.2134094;7.886398299999999;stairsup;
-2.0111293999999997;-1.1971009;8.848969;bike;
3.524221;-1.9919509999999998;3.370994;stairsup;
-2.1257935000000003;-0.6139984;7.893738000000001;stairsup;
-3.6774480000000005;-0.45968100000000006;9.346847;stairsup;
-2.384625;0.22026655;8.724471000000001;stairsdown;
-0.7565677;-1.541866;9.327810000000001;null;
-6.378153299999999;0.11492168;7.4028716;stand;
-3.1124623;1.1683705;9.14585;null;
-4.6830587;1.541866;4.76925;stairsup;
9.385271000000001;0.79487497;3.466804;sit;
-0.020355225;-0.058181763;8.620941;stairsdown;
-2.576706;-0.08630371;9.145615;null;
-1.9829712;-1.3721466;8.057983;null;
-5.602157599999999;1.1098328000000002;5.7131195;stairsup;
-2.2313959999999997;2.4229321;10.093954;stairsdown;
-2.7042236;0.09416199;8.99704;stairsup;
-2.7994385;-1.0400848;9.726624000000001;stand;
7.985000599999999;-0.43264769999999997;5.7333527;sit;
-2.2543335;-0.5342560000000001;10.0598755;stairsdown;
5.481525;0.59256494;6.411672;null;
-5.7735443;0.8741760000000001;7.837600699999999;stand;
-3.6669160000000005;-0.8623046999999998;9.301528999999999;stairsup;
-1.53227;-2.298405;11.492025;bike;
-0.612908;-1.8387240000000002;9.959755;sit;
2.540924;2.5138092;8.55072;bike;
-3.6774480000000005;1.379043;9.959755;bike;
-1.685497;-0.306454;6.12908;null;
-4.10845;-1.2737153;9.289502;null;
3.830675;-0.306454;9.346847;sit;
-0.9193620000000001;1.8387240000000002;9.346847;bike;
-3.083732;-0.29688102;5.93762;stairsdown;
-2.60968;1.9536686;8.961497;stand;
-10.486678999999999;8.116455;19.800156;null;
-5.9605713;-0.71635437;10.529999;null;
-1.6819267;-0.30526072;12.248735;walk;
-3.8515625;-1.6435089;10.177703999999999;walk;
1.2114868;-3.2443085;14.276703;stairsdown;
-0.45968100000000006;0.45968100000000006;10.72589;null;
-2.3577117999999997;0.6551819000000001;5.7012177;stairsup;
-2.7113647000000003;1.49263;10.869202;null;
-1.6781158;-0.5802307;9.451492;stairsdown;
-1.8962077000000002;-0.40222588;8.791509;walk;
-2.604859;-1.072589;11.798478999999999;bike;
-4.1157837;0.2822113;6.2167664;walk;
6.1626754;-0.676362;5.517437999999999;walk;
-0.153227;0.45968100000000006;10.112982;sit;
6.588761;-0.306454;9.346847;bike;
-7.489792;-1.6585387999999999;12.485275;walk;
4.05365;-0.07008362;9.515961;sit;
-0.74739075;-1.6680602999999998;9.546707000000001;sit;
-3.524221;0.0;9.346847;stand;
4.304779;0.37028503;9.343384;sit;
9.223662;-0.80684596;4.392163;stairsdown;
-5.329493;0.0011971008;9.858125999999999;walk;
5.3628540000000005;0.70591736;8.711395;sit;
-6.339846;0.7757214;7.4124484;stand;
-1.3009948999999998;-0.18553162;10.879913;stairsup;
-5.010803;-1.5066376;13.36145;walk;
-4.8745947;-1.5227122;8.714894000000001;null;
-2.6838226;-0.22912598;10.346511999999999;bike;
-4.750037;3.830675;9.500074;walk;
7.6614455999999995;0.08619126;5.6982;sit;
-4.3645325;0.53334045;9.844452;stairsup;
-2.8538885;0.08619126;3.6391866000000004;stairsdown;
-2.135628;0.48841715;9.279925;bike;
-2.313675;-0.8277893;9.324142;stand;
9.806528;-2.604859;11.338797999999999;stairsdown;
-6.951996;-0.19862366;7.098694;null;
-12.391144;1.0058440999999998;7.7413940000000006;stairsup;
7.66135;-0.612908;7.048442;sit;
4.4915223;1.3120226000000001;8.24563;sit;
-0.34510803;1.5180664;8.769516000000001;bike;
-3.2481383999999998;-0.46641540000000004;5.765686;walk;
-2.767697;-0.7374141;9.203311;stand;
-6.137741;2.1286316000000003;7.662643400000001;walk;
-4.4988556;0.80752563;8.887344;stand;
-2.7581203;-0.11492168;9.337387;stand;
-0.306454;1.8387240000000002;9.500074;bike;
-0.60573304;1.5753847;7.681796;walk;
-2.9113130000000003;-4.443583;11.032344;stairsup;
-1.5227122;-4.7500963;10.5919485;null;
-2.96881;3.1603463;12.53604;walk;
-0.91937345;-0.6895300999999999;7.326257000000001;stairsdown;
-3.1603463;2.0111293999999997;7.0006455999999995;stairsdown;
-3.1627405;0.089782566;8.962694;stand;
5.346252400000001;-1.2198458;10.589554;walk;
0.44024658;-0.5223541;10.265778;sit;
-0.90979666;-0.36391866;4.5298295;stairsup;
-1.5897499;-0.9864110999999999;8.015787;bike;
-7.819473299999999;1.5918579;4.274185;walk;
4.290356;1.379043;9.040393;sit;
-1.5346833;-1.9141643;12.72997;null;
3.9490814;-0.13272095;9.061111;sit;
-5.876568;1.1935096;8.009802;walk;
-4.309563;1.6184803;8.408437;stand;
-1.416275;2.151245;11.602158;stairsdown;
-2.9932708999999997;-0.2850647;9.208694;stand;
-0.95703125;-0.011764526;8.105591;walk;
-5.7891846;0.10606384;8.29007;stand;
-0.30286652;1.4927847;9.337387;null;
-0.8714894;-1.4652513999999999;9.327810000000001;sit;
-4.59681;1.072589;8.274258;stand;
1.6912994;-0.39099120000000004;9.744278;sit;
4.903264;0.9193620000000001;8.274258;bike;
-6.3128660000000005;-0.5830536000000001;9.356475999999999;walk;
0.53189087;-0.5175934;10.243164;null;
-1.4604629999999998;0.32680854;9.291897;null;
-3.6774480000000005;2.298405;15.3227;walk;
-4.175488;-2.2697031;8.159439;stairsup;
3.3466796999999997;0.74876404;9.674255;null;
-1.9416976000000001;-3.3315318;13.3225355;stairsup;
-8.801085;-3.1603463;15.476120000000002;walk;
-4.489502;0.7416229;9.407653999999999;walk;
-2.5091232999999997;0.31603462;8.887277000000001;bike;
0.44976807;-0.5413971;10.218169999999999;sit;
-2.4876099;0.18461609;5.8597107;stairsup;
0.443985;-0.7313843000000001;9.894241000000001;null;
-3.6774480000000005;0.9193620000000001;9.346847;null;
-2.2733765;0.5476227;8.054413;bike;
1.3694833999999998;0.63206923;9.519346;sit;
-2.7665;-1.4437037;10.506953999999999;stairsdown;
-4.699818;1.6065093000000001;8.2037325;stand;
-6.8186865;1.1971009;10.802638;walk;
-0.8963318000000001;0.3976593;10.164612;null;
-3.6431122000000005;-0.28982544;10.854721000000001;walk;
4.6830587;1.3599066;8.408437;sit;
-3.5338415999999997;0.05746084;8.7951;stand;
-4.7500963;1.1683705;7.8625584;stand;
3.6479644999999996;-0.055358887;9.070633;sit;
9.460663;0.49406433;3.7661742999999994;sit;
-3.3969116;-1.7434845;8.562622;stairsup;
-1.9935150000000001;1.4561768;9.424118;stand;
-0.31416320000000003;-0.59213257;12.673325;walk;
-0.17597382;1.0630256;9.229648;null;
-0.6895300999999999;2.336741;9.404425;stand;
-2.5673522999999996;0.07035828;9.514770500000001;null;
1.2317200000000001;0.2572174;10.157471000000001;sit;
8.804871;0.43693542;5.0634765999999996;sit;
0.153227;-1.8387240000000002;6.12908;null;
-7.8398743;3.0612946;12.943695;null;
-2.9807810000000003;1.4173675;8.402451;null;
-0.3262329;-0.027236938;9.500488;walk;
-3.6883392;3.0450744999999997;9.136092999999999;null;
-1.5215151000000002;-0.82001406;7.8865004;stairsdown;
-0.7521515000000001;-1.5835571000000002;9.800217;sit;
-0.641646;-0.89064306;8.379706;null;
-11.971008;0.12449849;10.333375;walk;
-4.5202527;2.7485435000000003;8.801085;null;
-2.3750482;0.7182605;2.9592332999999997;stairsdown;
-0.16198729999999997;0.33338928;12.352172999999999;walk;
-2.6240451;0.009576807;6.9527617;stairsup;
-2.9017725;-0.45968673;5.6790465999999995;null;
-5.9998474;0.20246887;8.068695;stand;
1.6877289;-0.5338135;13.048233;null;
5.085284;0.94810385;7.920019;sit;
4.8003745;0.59855044;8.148665;sit;
10.112982;1.53227;11.798478999999999;stairsdown;
-0.5057831;1.2419434;9.440781;bike;
-0.533907;1.3551182;7.8625584;walk;
-0.153227;0.0;9.806528;null;
-3.6176388;-1.7693150000000002;12.791022;stairsdown;
-4.212021;-4.9482117;12.83638;null;
0.37852478;-0.6623535;9.808548;sit;
-6.2057709999999995;-0.91937345;5.889736;stairsup;
-5.6140594;1.0253296;8.463638000000001;stairsup;
-2.2626647999999996;0.30958557;10.937042;null;
-2.5887756;1.2891083;8.013947;null;
-3.6135254;-0.0058135986;7.8080444;stairsup;
-5.3464355;-0.13554382;9.210083000000001;bike;
-4.443583;-0.306454;12.104933;null;
-2.429123;-0.9539489999999999;8.874252;bike;
0.306454;-0.45968100000000006;7.354896000000001;walk;
0.0;0.153227;10.112982;sit;
1.6685181;0.37266540000000004;10.187225;sit;
-9.672575;-4.0797195;7.5273699999999995;walk;
-0.26417542;-1.2741089;7.938766499999999;stairsdown;
-4.8249664;1.8501282;5.780959999999999;stairsup;
-5.056491;1.379043;13.024295;stairsup;
0.16905212;-0.1362915;10.445297;walk;
-4.284424;4.936844000000001;7.795521000000001;walk;
-3.0885203;-0.17836803;11.259931;null;
-2.9113493;0.076614454;9.174581;null;
-1.6745453000000001;-0.27435303;9.652633999999999;stand;
-2.6144682999999995;2.0111293999999997;9.643844999999999;null;
-2.1127013999999997;0.5547638;10.413361;stairsup;
0.32377625;-0.70877075;9.889481;sit;
-5.3653107;-0.03869629;5.002578700000001;stairsup;
-1.225816;-1.8387240000000002;9.346847;bike;
-4.099121;-0.9174957;7.9711;stairsup;
-5.9567738;1.685518;10.084377;walk;
-0.94331545;0.053869538;9.321824000000001;stand;
-13.169307;5.2241483;13.92348;stairsdown;
-5.085284;2.0398598000000003;7.795521000000001;stand;
1.225816;-0.766135;10.572663;bike;
-2.4133554;1.8483237000000001;9.490616000000001;stand;
-3.8646545;0.060836792;10.225311;null;
-2.4078673999999998;2.51857;8.918488;bike;
2.9041667;-0.6859388000000001;6.226121400000001;stairsdown;
-0.35793316;0.31124622;9.473856;sit;
-1.7429788;-0.06703765;10.611102;stairsup;
1.2626648;-0.17243958;9.077972;bike;
4.55856;1.3120226000000001;8.207322999999999;sit;
-7.6683197;-8.731812;9.615738;stairsup;
0.39620972;-0.54615784;10.3479;sit;
-0.7604828;-1.7668456999999997;9.680008;sit;
8.133103;0.05626374;4.8338933;stairsup;
1.4804688;0.47621155;10.208649000000001;sit;
-1.5045166;-1.8529816000000003;9.548096000000001;bike;
-1.243866;2.0389252;9.461212;null;
-9.854534;-0.6799533;6.1195793;stairsup;
-1.0177307;-0.2700348;10.177703999999999;stand;
-1.7020874;0.5797576999999999;9.470734;bike;
3.8211459999999997;0.5650316;8.983044999999999;sit;
0.4273224;0.013671875;6.498642;walk;
-0.82360536;0.6703765;9.682152;null;
-0.21068975;-0.36391866;10.160992;walk;
7.465121000000001;-0.36032736;5.9687448;sit;
-2.7922974;0.60832214;9.7052;null;
-7.7208557;0.06678772;13.000824;stairsdown;
-4.338293599999999;-0.8619126;6.837839999999999;bike;
4.1226807;0.012039185;9.469543;sit;
-6.9144545;0.30047232;6.9503675000000005;stairsup;
-5.2309875;1.9008636000000003;9.817078;walk;
-2.9980316000000005;-0.26602173;6.2760773;stairsdown;
-4.137129;0.45968100000000006;7.66135;stairsup;
-4.6716003;1.1688995;8.667358;stairsdown;
-1.2688598999999998;0.2988739;7.036803999999999;walk;
-5.0577510000000006;1.6675615000000001;5.4671597;stairsdown;
0.56300354;0.7551575;12.9423065;walk;
-1.6985168000000002;1.4033661;13.523315;null;
5.3344574;0.17077637;8.239883;sit;
3.217767;0.153227;5.8226260000000005;stairsdown;
0.76771545;0.36834717;7.4305573;stairsdown;
-0.64979553;-0.5814209;9.744278;stand;
0.6544800000000001;2.3031464;5.349121;bike;
-3.288437;-0.21484375;10.935654;stairsup;
-1.53227;-0.9193620000000001;9.806528;bike;
4.073883;-0.20100403;9.537384;sit;
-5.315128;0.78529817;8.513782;bike;
-4.5750275;-0.01727295;8.480300999999999;stairsdown;
5.2463837;0.23861694;8.231552;sit;
-1.072589;-0.153227;9.959755;stand;
10.205285;-3.2836475;8.072051;stairsup;
-3.9812927000000005;-1.1472015;5.496704;walk;
9.308656;1.1683705;3.5434184;sit;
9.059659;1.0055646999999999;3.1028854999999997;sit;
-1.5682021000000002;0.10055647;4.346673;walk;
7.915802;-0.36524963;6.3917236;sit;
-2.6600189999999997;-0.54452515;8.779036999999999;stairsdown;
0.047884032;-0.50757074;9.452309;sit;
-4.4244847;1.532289;8.973467999999999;stand;
-4.2521024;0.18195933;10.611102;stairsup;
2.3278809;0.9975128000000001;12.536652;walk;
-3.887268;0.0025177002;10.203888000000001;walk;
1.0821792;0.51714754;8.513782;bike;
-4.325088500000001;1.8394165;6.600998;stairsup;
4.4915223;1.2641385;8.303091;sit;
-3.370994;-1.072589;9.653300999999999;bike;
-6.891710000000001;0.6691794;7.1742253;stairsdown;
3.0741549999999997;-1.0821792;15.715539999999999;stairsdown;
-3.0182648;-2.0179749;7.9459076;walk;
-1.9919509999999998;1.685497;9.959755;stand;
0.49023438;-0.6092377;10.277679;sit;
-4.750037;-2.145178;9.19362;stairsup;
-4.443583;-3.6774480000000005;6.588761;walk;
3.2118216;0.48243165;8.834603999999999;sit;
1.6067963;-0.06845093;9.721664;sit;
0.30645782;-0.29688102;9.701305;sit;
-6.4664;0.9165802;8.643555000000001;bike;
-2.9496564999999997;-1.13964;10.113108;bike;
-1.3994108;0.17118542;9.339781;stand;
-1.0415344000000002;-0.42832947;11.688049000000001;null;
-2.7198130000000003;-1.1492168;8.552089;stand;
9.087193;0.20590134;3.4201171;sit;
-0.4165911;0.34596214;9.41041;sit;
-1.9149628;-0.38385009999999997;5.3917694;null;
5.3023224;0.23028564;8.274399;sit;
-1.8387468999999996;2.27928;9.637858999999999;walk;
3.1280246;0.46088383;8.892064999999999;sit;
-7.1826053;-0.22026655;6.042965000000001;stairsup;
-4.982239;-0.035568237;6.4821777;stairsdown;
-0.5023804000000001;-0.026046753;10.133666999999999;bike;
-0.25857377;1.8686744;7.5046253;walk;
10.146626;3.240552;11.988964999999999;walk;
1.7103423999999998;0.283844;9.676437;sit;
3.6774480000000005;-0.153227;9.500074;sit;
-4.019211;2.5523376;8.913528;stairsup;
0.0;-1.225816;4.443583;walk;
-1.9919509999999998;0.153227;7.201669;stairsdown;
-6.1486206;5.391678;11.811829;walk;
0.0;0.45968100000000006;10.72589;bike;
-1.7816619999999999;-0.99679565;9.657394;null;
-2.6470947;-0.64494324;12.167694000000001;walk;
-0.6237793;-1.4542694;10.046783;sit;
-2.145178;1.225816;9.500074;null;
3.9846190999999997;-0.2117157;9.483825999999999;sit;
-2.3208159999999998;1.547821;9.083725;walk;
-0.14844051;1.1180921999999998;7.20535;walk;
-5.975927400000001;0.58418524;7.517792999999999;stand;
-0.19871521;-0.819458;10.560744999999999;walk;
-2.758086;-1.072589;9.19362;walk;
-4.283432;0.03152466;7.675735499999999;null;
-2.0994415;1.2847899999999999;6.6200410000000005;stairsdown;
1.4556427;-0.007751465;9.785934;sit;
-4.7309427;3.8594532;15.677233;walk;
-5.1571107000000005;2.2661119;7.708132300000001;null;
-0.92895025;0.16280572;9.662998;stand;
-3.217767;4.290356;9.346847;stairsdown;
-1.9030609;0.050567627000000004;9.556229;stand;
-0.153227;0.153227;10.266209;stairsup;
-1.8387240000000002;0.612908;9.653300999999999;stand;
-2.758086;0.0;11.338797999999999;bike;
-3.3814392;1.3569489;9.443359;null;
-2.336741;0.8714894;6.789956;stairsdown;
-2.087744;1.8770541;9.126697;stand;
0.31603462;-0.25857377;9.730036;sit;
6.2259064;-1.5454712;13.937301999999999;walk;
-5.348648000000001;1.0562744;5.3346405;null;
-0.70454407;-2.0596313000000004;7.3793793;stairsdown;
-4.500046;-1.2181701999999999;8.593369000000001;null;
-6.588761;-4.137129;8.427485;walk;
-0.612908;-1.9919509999999998;8.274258;walk;
0.054626465;-0.54377747;10.574036;walk;
-0.28678894;1.6430359;6.536728;bike;
-6.221222;0.20960999;6.823761;stairsup;
5.2975616;0.23504639;8.250595;sit;
-2.681506;1.2162545;10.630256;bike;
-4.354843;0.8289489999999999;8.688583;stand;
0.25857377;-0.51714754;9.433155000000001;sit;
3.524221;0.306454;9.500074;sit;
0.45968100000000006;-1.225816;9.500074;walk;
-4.59681;-1.072589;8.733939;stairsup;
-1.3843079;0.04298401;10.183655;stand;
-3.3327288999999998;1.1109096;8.791509;null;
-3.8402996;1.0247183000000002;9.136273;stairsup;
-5.161899;-0.92895025;3.0262709;stairsup;
-2.1507874;-0.48545837;9.532623;stairsup;
-2.018509;-1.6121216;3.7005157;stairsdown;
-5.472595;5.743973;11.799927;stairsup;
-1.2378023;-0.10534488;9.376891;stand;
-2.0973208;-0.35434186;5.334281400000001;stairsup;
-5.893921;0.30958557;8.244843;stand;
-2.9113130000000003;0.9193620000000001;9.806528;walk;
-1.5497437;-0.48069763;10.803741;bike;
-1.8627625;2.062729;8.910156;stairsdown;
-1.3994108;0.1352724;9.400833;stand;
8.717986999999999;0.87968445;5.0849;sit;
-6.191299400000001;-0.25650024;7.942336999999999;stairsup;
-2.9113130000000003;4.59681;11.338797999999999;null;
-3.5682983;3.917038;18.68158;walk;
-0.93544006;-0.588562;7.9042509999999995;stairsdown;
-3.0111237;-0.38623047;9.30867;stand;
8.552089;0.6607997;5.334281400000001;sit;
0.612908;-1.072589;9.959755;sit;
-3.6583402;0.41180268;8.063671000000001;walk;
5.9244523000000004;-0.5638345;7.4603324;stand;
-9.507156;0.9848633;7.5983734;stairsup;
6.3230867;-0.89064306;7.216124000000001;stand;
-6.986511;0.19175720000000002;6.3060303;bike;
3.9798584000000004;-0.08198547;9.540955;sit;
-4.4819455;0.90979666;8.446744;bike;
-3.5781345;0.5674258000000001;7.9954367;stairsup;
-4.271256;2.4229321;4.941632299999999;stairsup;
5.975853;0.612908;7.354896000000001;bike;
-5.195282;-1.1745758;15.365723000000001;null;
-1.3790601;-1.6663644;6.0142345;null;
0.08319092;1.6271209999999998;7.667602499999999;stairsdown;
9.524135000000001;-0.5602431999999999;11.130644;null;
-0.45968100000000006;-0.306454;9.806528;bike;
-5.571212999999999;-1.6585387999999999;8.119675;walk;
6.780379300000001;0.45130703;7.523778999999999;bike;
-2.27928;-0.0011971008;10.201694;walk;
-0.34715924;2.5845408;8.482656500000001;walk;
-1.7235107;-2.029129;10.674011;bike;
-8.082825;1.340753;9.931149000000001;stairsdown;
-0.2777274;1.4939818;9.423578;walk;
-1.5897499;0.30645782;10.860099;null;
-1.7401733;1.7497101000000002;11.827301;walk;
5.816713;-0.80445176;5.518635;stairsup;
-0.6712189000000001;-0.4338379;9.62645;stand;
-5.3381042;0.29530334;11.295288000000001;stairsup;
0.025039673;-2.0239258;8.579086;null;
-1.53227;0.45968100000000006;10.572663;bike;
-3.7924154000000003;3.1507695;7.565677;walk;
-6.5080566;2.275772;15.826324;walk;
-2.7147675;0.99557495;8.944473;bike;
1.072589;1.225816;9.806528;sit;
-2.4185790000000003;-0.8520355;9.902771000000001;stand;
-4.284622;0.6682739000000001;8.386275999999999;stairsdown;
-2.0258179;0.65592957;8.240082000000001;walk;
-5.072525;2.0131836;11.259383999999999;walk;
5.2309113;0.25408936;8.257736;sit;
-0.416687;-0.22837829999999998;10.243164;stand;
-6.1890116;3.4117374;8.153454;walk;
-2.604859;0.612908;8.580712;stairsup;
-4.964218;-1.3633728;4.1420746;stairsdown;
-4.0168304;-2.2191162;8.839737;stairsup;
-2.6048915;-1.5035586;14.882357999999998;stairsup;
1.541336;0.23623657;9.740707;sit;
-1.5227122;-0.545878;10.371682;null;
-3.7789612;-0.8437041999999999;14.519501000000002;walk;
-5.027823400000001;4.2999864;10.103531;stairsup;
-7.134721300000001;1.4269443000000002;8.504205;null;
-2.6030578999999996;1.6497345;8.670929;stairsdown;
0.13407529999999998;-0.2873042;9.710882000000002;sit;
-3.371036;-0.16280572;9.950302;null;
-4.131195;-1.2665327;10.477027;bike;
-2.9113130000000003;0.766135;8.427485;stairsup;
3.786026;-0.09106445;9.132522999999999;sit;
0.33091736;-0.7111510999999999;9.88591;sit;
-1.3377228;1.8084717000000001;8.931381;bike;
-3.8384705;0.8987274;9.599274000000001;stairsup;
4.028656;0.010848999;9.490967;sit;
-3.3889925;-0.025139118;8.911219000000001;stand;
-3.8115692;0.076614454;4.405330999999999;stairsdown;
0.15322891;3.122039;8.954314;null;
-9.643844999999999;-1.2641385;8.887277000000001;stairsdown;
-3.1004913;4.344279;8.139089;bike;
-2.244564;0.46327803;9.235633;stand;
-0.4309563;-0.60333884;6.7229185;stairsdown;
-1.864975;-0.6885376;9.474105999999999;bike;
0.32955933;1.2200775;8.775665;walk;
-5.5128937;1.1205444;7.9970856;stairsdown;
8.825027;0.7146691999999999;3.8630445;sit;
-1.8387240000000002;1.072589;9.500074;stand;
-2.6185303;0.09535217;9.8992;stand;
-2.9113130000000003;0.766135;10.879116999999999;stairsup;
-4.55856;0.6703765;4.6160207;stairsdown;
-5.883041400000001;0.5052185;10.782119999999999;stairsdown;
-2.4779205;2.5011597;5.9106903;stairsdown;
-0.9576806999999999;0.1436521;9.442732000000001;bike;
-2.9458313;-0.18196106;5.9287415;walk;
0.4057312;-0.5318755999999999;10.201508;sit;
-2.451632;1.9919509999999998;9.346847;stand;
-5.1713104;-0.60165405;8.041122;null;
-3.5913025999999997;0.5554548;8.667010000000001;null;
1.541336;0.07318115;9.731186;sit;
-5.6142273000000005;0.31672668;10.203888000000001;walk;
-3.9851487;-3.9408559999999997;6.133945;stairsup;
-2.9553528;-0.31526184;9.700439;null;
-3.1884612999999997;0.12792969;7.154433999999999;null;
-2.814911;1.1736603;9.51239;bike;
5.1523223;0.90021986;7.8625584;sit;
0.095768064;0.8331822;8.714894000000001;stairsdown;
-1.53227;1.379043;9.040393;stand;
-3.5051112;1.1204863999999999;9.078813;null;
-5.669398999999999;1.685497;10.572663;stairsdown;
-0.28371290000000005;3.5350387000000003;8.754398;null;
-0.90979666;-0.23942018;9.509769;stand;
-5.0721164000000005;-2.8395232999999998;4.984728;stairsdown;
-1.6184803;0.33518824;10.687716499999999;null;
-1.1300632;-0.05746084;6.8091097000000005;stairsdown;
-1.2449848999999997;-1.1204863999999999;7.2209125;bike;
-1.9805907999999999;0.4297943;10.869202;stairsdown;
-8.269531;3.019638;6.4559937000000005;stairsup;
1.1390533;-0.7611389000000001;10.697617;bike;
3.7741241000000003;-0.5135803;9.089675999999999;sit;
-3.6766052000000005;-1.028183;7.742584;stairsdown;
-1.8387240000000002;0.45968100000000006;5.362945;null;
3.0873232;0.48003745;8.89805;sit;
-0.6343231;-1.8001709;9.647872999999999;sit;
1.7621324;0.038307227;9.337387;sit;
-1.1731589;2.349909;12.117055;walk;
-0.7182605;1.6986861;9.099164;walk;
-3.2729645;-1.4359741000000001;5.0727997;walk;
1.3495483;0.2500763;10.195557;sit;
1.9007721000000002;-1.7097168000000003;12.159164;walk;
-7.690933;-0.9765625;5.2953644;walk;
-2.918457;-1.5685272;10.096771;bike;
-2.1643584;2.8634652999999997;7.6614455999999995;stairsup;
-6.2823853;0.82360536;7.28795;stand;
0.06703765;-1.13964;9.203311;null;
-4.560954;2.1176715;11.488577000000001;stairsup;
-5.612008599999999;-0.7182605;5.8322754;stairsdown;
1.7424773999999998;-1.691864;5.639328;null;
-0.43318176;-0.6242675999999999;9.6931;stand;
3.524221;0.45968100000000006;7.048442;stairsdown;
-1.1522217;-1.8339386000000002;9.845642;stairsdown;
-7.7224975;-2.7820622999999998;7.7344685;stairsdown;
-0.34646606;1.2902985;8.248413000000001;stairsdown;
-8.762777999999999;2.2601264;14.269442999999999;stairsdown;
-0.39264908;-0.06703765;10.007763;bike;
-9.414000999999999;-0.91937345;12.469003;walk;
-4.380005000000001;3.4766692999999997;6.810669;stairsup;
-2.3558946;0.06703765;10.017339999999999;stairsup;
-2.72939;1.9823990000000002;8.916007;null;
-0.93852705;-1.0534488000000002;7.1634517;stairsdown;
-1.072589;-0.306454;7.048442;stairsdown;
-2.6144682999999995;0.15322891;4.6160207;stairsdown;
-2.7952304;0.0011971008;9.67018;bike;
-1.7449341;0.6963959;9.167236;bike;
9.040393;0.9193620000000001;3.370994;sit;
-5.1345825;1.6056976;8.609039;stand;
-2.5862274;-1.4133606;9.302719;stand;
4.5858307;0.7944336;8.656448;sit;
1.303299;0.002960205;9.903763;sit;
-11.608002;1.3057709;10.385986;stairsup;
6.895214999999999;-1.379043;7.66135;walk;
-3.1316159;0.038307227;8.954314;stand;
-4.654328;-0.41180268;9.509769;stairsup;
-0.11492168;0.41180268;8.63828;walk;
-5.3154907;0.4059906;8.326965;stairsup;
4.0084230000000005;0.44764709999999996;9.609985;sit;
5.6299653;-1.2354081000000001;6.603208;walk;
-5.601235;-1.3347674999999999;8.523358;stairsup;
7.7779083;-0.63616943;6.0844574;sit;
-0.612908;-1.685497;9.806528;sit;
-6.042965000000001;0.047884032;7.5944076;stand;
-1.5473633;0.14057922;10.108673;stand;
-2.298405;-1.225816;11.798478999999999;stairsup;
-2.944641;-0.84846497;13.165070000000002;walk;
-2.7006595;-1.8100165000000001;6.3589997;walk;
-3.9839019999999996;-0.766135;13.790429999999999;walk;
-1.4077905000000002;4.1012673;11.683703999999999;walk;
6.435534;1.072589;6.588761;stairsup;
1.0630256;1.5897499;9.548077000000001;sit;
-4.55856;-0.45968673;6.4068837;stairsup;
-1.7888031000000002;-0.6302185;10.034683;null;
-2.7409515;-1.5276184;5.6179046999999995;walk;
-1.5131354;1.733402;9.768343;bike;
-0.7757214;0.047884032;9.730036;stand;
-3.0206451000000003;-0.23150635;9.247971000000001;stand;
-1.8197478999999999;-0.24816895;9.584793;stand;
-5.334281400000001;0.05746084;7.9583262999999995;bike;
-3.4524388;-0.9516952;13.986926;walk;
2.625595;-1.2050781000000002;11.733077999999999;walk;
-2.1068976000000004;0.093373865;4.605247;walk;
2.6982652999999996;0.89902276;7.309498;walk;
-3.8402996;-2.1452047999999997;10.381259;stairsup;
-6.078232;-3.5164185;5.632187;stairsdown;
0.19999695;1.2478943;10.936844;stairsdown;
-2.451632;0.9193620000000001;5.362945;walk;
-6.8328093999999995;-0.6694945999999999;11.341507;walk;
3.9405822999999995;0.30363464;9.342194000000001;sit;
-4.449624;1.4867992;8.273164;stand;
-1.1288661;0.074220255;9.409213000000001;stand;
-2.713745;-1.0948334;9.764709;stand;
-5.607086;-0.28074646;7.8735046;walk;
-3.8313292999999997;3.525467;9.411224;null;
7.4842744;-0.6655880999999999;5.8693852;sit;
-2.4661865;0.08583069;9.920624;stand;
-3.4324492999999996;-1.415741;8.704056;null;
-3.3326415999999996;2.306717;8.127013999999999;stairsup;
-5.1417236;0.089401245;7.2617493;stairsup;
-1.3664551;0.16438293;12.110565;walk;
-6.218841599999999;0.20365906;7.933014;stand;
-2.4338837000000004;-0.36361694;9.444351;stand;
-6.4675902999999995;-0.11888122599999999;5.990631;stairsdown;
-4.3014526;-1.9815216;7.702118;walk;
-2.1924438;-0.29264832;9.937286;stand;
-1.6555905;1.2785037000000001;12.34211;stairsdown;
-3.830675;0.9193620000000001;8.887166;walk;
4.137129;-0.306454;8.580712;bike;
-3.8115692;-0.545878;4.635174299999999;stairsdown;
4.476166;0.37980652;9.217224;sit;
-2.8563994999999998;-0.32315063;9.296768;stand;
-2.269638;1.3930969;3.8385773000000003;stairsdown;
-7.8516083;1.1657715;9.028976;stairsdown;
-1.7142484;1.3886370000000001;8.379706;bike;
-6.282307;0.45968100000000006;7.814577000000001;null;
-4.783615;-0.6536171;10.503363;stairsup;
-3.8371123999999996;0.61590576;8.834976;stairsdown;
-4.1905975;-0.61950684;9.028976;walk;
-4.071747;1.0058440999999998;11.933228;stairsup;
0.25857377;0.30645782;9.442732000000001;bike;
-0.80086046;0.3184288;4.8865657;walk;
5.433075;0.6844939999999999;8.698303;sit;
9.3661175;0.92895025;2.9783869;sit;
-1.9728221999999997;1.8195933000000002;9.136273;stand;
-3.371036;-3.8594532;14.547170000000001;stairsdown;
-0.766135;0.9193620000000001;11.032344;bike;
-2.3942018;1.1683705;12.430696000000001;bike;
-0.49642944;1.8377838;9.213654;bike;
-1.5514427;0.095768064;8.130709;bike;
-2.9708252;-2.990799;9.736145;walk;
-2.1930888;1.2162545;7.843405000000001;stairsup;
-1.7519073;-0.9694214;10.01564;null;
1.1031799;-0.7806244000000001;11.441680999999999;null;
-2.2697031;-0.038307227;9.375694000000001;null;
3.6774480000000005;0.0;9.500074;sit;
-6.608032000000001;1.1427155;6.740448;stairsdown;
-4.903264;2.298405;10.419436;walk;
-5.9483943;0.017956512;9.865308;stairsdown;
0.0;0.9193620000000001;9.19362;null;
-7.195816000000001;-3.8163452000000007;11.092758;walk;
-5.4618835;2.2995758;14.444519;walk;
-1.7537526999999997;-0.9540894;10.638636;bike;
7.814577000000001;-1.8387240000000002;11.338797999999999;walk;
-5.669398999999999;2.604859;8.121031;walk;
-10.189722;0.019153614;10.228029;stairsdown;
-2.298405;-0.306454;6.588761;null;
-2.0448608;-0.3438263;10.005127;stand;
5.8226260000000005;0.153227;8.733939;bike;
-4.957077;-2.3190918;11.503372;stairsup;
5.8226260000000005;0.306454;6.741988;stairsdown;
-1.9919509999999998;0.306454;10.879116999999999;bike;
-3.217767;1.8387240000000002;12.104933;walk;
5.114014599999999;0.8523358;7.9008656;sit;
-1.7352448;-0.17080688;9.666916;stand;
-5.027823400000001;-2.1164744;6.0621184999999995;stairsup;
-1.9919509999999998;0.9193620000000001;9.653300999999999;null;
-4.5561523;2.3983612;8.656647;stairsdown;
2.7808652;0.78410107;9.080010000000001;stand;
9.349976;0.48216248;3.8756714;sit;
0.19166565;-1.1312866000000001;7.7138214000000005;walk;
-1.1687163999999999;-1.2586365;9.684769000000001;sit;
-4.8362875;0.90021986;8.37013;stand;
0.58187866;-1.535202;8.973236;walk;
-2.7530212000000005;0.11677551;6.029907;stairsup;
2.4708161;3.5146879999999996;8.283937;null;
-5.366668700000001;-2.0255585;7.016571000000001;walk;
-3.5956726000000003;-0.64375305;9.970612;walk;
-3.5817258;3.3423057000000003;17.00841;stairsdown;
-0.28695679999999996;1.2176971;10.234833;bike;
-3.06454;-3.370994;9.806528;stairsdown;
-0.306454;0.45968100000000006;9.959755;sit;
-2.8119897999999997;-1.3623008;6.0118403;walk;
4.338293599999999;1.1779473;8.331821000000001;sit;
-5.481949;-0.41360474;12.362686;stairsup;
-1.6663818;1.396225;10.065826;stand;
-5.152267500000001;-1.7263794;10.209640499999999;stairsdown;
-2.4899697;-0.34476504;10.553641;stairsdown;
5.3914184999999994;0.7582855;8.762573;sit;
-0.55355835;-0.17601013;10.137238;stand;
-5.452362;1.6009368999999998;9.0208435;walk;
4.7953033;0.8110961999999999;8.577896;null;
-1.5897499;0.5363011999999999;5.094861;walk;
-3.3806129;-1.5801731;4.060566000000001;null;
-12.105083;1.0247183000000002;16.941372;stairsdown;
-0.016759411999999998;1.3623008;11.862072;walk;
-4.9072569999999995;1.9853668000000002;7.6806946;stairsdown;
4.484497;1.62117;9.037506;sit;
-0.45968100000000006;2.9113130000000003;8.121031;stairsdown;
-2.4791107000000006;-1.069397;9.336044000000001;stand;
-1.6294861;0.22746277;7.3605347000000005;stairsup;
4.5394063;1.6950948000000001;8.532935;sit;
-3.6111449999999996;0.18818665;6.060852;stairsdown;
-3.217767;-0.612908;9.19362;stand;
-1.4783325;-1.2198029;8.136536;walk;
-1.379043;-0.612908;5.8226260000000005;walk;
-3.830675;1.53227;14.250110999999999;walk;
-0.332016;1.8703613000000001;9.295577999999999;bike;
-0.5855255;1.7394409;9.574081;stand;
-7.36217;0.3866636;4.981137;stairsdown;
3.6200330000000003;0.59376204;8.676587;sit;
4.0318356;-0.51954174;6.9719152;walk;
-1.5610195;-0.58418524;9.940725;null;
-11.472321;-5.600876;9.389801;stairsup;
8.213348;-0.08317566;6.2929379999999995;sit;
-2.5290985;1.4133301;10.364365;walk;
-11.510239;0.92297363;7.8875885;stairsup;
3.2812532999999995;0.06344634;9.369708000000001;sit;
-3.7517139999999998;1.270124;8.692149;stairsup;
5.215439;0.19934082;8.272018;sit;
-2.6719291000000003;-3.122039;10.017339999999999;stairsdown;
-3.217767;1.8387240000000002;5.056491;stairsup;
-0.562912;-1.3038635;10.588119500000001;bike;
-1.436521;0.61291564;9.327810000000001;stairsup;
4.2221746;1.5334862;6.7145386;stairsup;
-2.2232208;-2.6380615;14.245560000000001;null;
-0.6033783;-0.7563781999999999;9.768082000000001;stand;
-4.59681;0.45968100000000006;8.887166;null;
-6.116317700000001;1.6239928999999997;6.979477;walk;
-3.370994;1.072589;7.967803999999999;walk;
-3.9347076000000003;-2.8796692000000004;7.7864227;walk;
7.544129400000001;-0.28491;5.852626;sit;
-5.248090299999999;-0.91937345;8.255207;walk;
8.771713;-0.061309814000000004;4.515793;sit;
-3.4229279000000004;0.5206909000000001;9.871628;bike;
-3.370994;0.45968100000000006;9.19362;null;
-0.9672575000000001;3.1794999;12.813767;walk;
-0.54403687;0.3476715;9.6813965;bike;
-9.445435;3.6361542;9.408844;stairsup;
-1.9639282;-1.1483917;11.031067;stairsup;
-3.9204254;1.598999;9.482437;bike;
-1.401805;-0.320823;5.8789620000000005;stairsdown;
-0.74263;0.10888672;5.751205400000001;walk;
-1.53227;1.8387240000000002;10.72589;bike;
-2.290039;2.043686;9.801605;null;
-2.145178;-0.45968100000000006;9.500074;stand;
-1.1109096;-0.92895025;13.388376000000001;walk;
0.32139587;-0.70996094;9.907333;sit;
-0.6117096;-0.6468811;9.721664;stand;
-5.1882353;-1.4951789;10.779893;stairsup;
0.16786194;-0.55999756;9.718094;stairsdown;
-8.00412;-2.4373627;7.837799;null;
-7.7093296;4.003105000000001;15.753847;null;
-1.8387240000000002;-0.306454;10.72589;bike;
-0.5374983;0.26336220000000005;9.435549;sit;
7.66135;-0.612908;6.895214999999999;sit;
0.33210754;2.9498596;9.193222;null;
3.6549377;-0.17362976;9.931335;sit;
0.9516952;0.8774749;9.380483;sit;
-3.06454;-1.072589;7.814577000000001;stairsup;
-0.7592926;2.2893066;10.151321000000001;bike;
-5.995081;0.7374141;7.4124484;stand;
-2.298405;0.0;7.508122999999999;stairsdown;
-1.0282745;-3.379547;11.969925;stairsup;
9.308656;1.3790601;3.466804;sit;
-1.292869;1.541866;9.710882000000002;bike;
0.15222168;-0.7389679;10.039642;bike;
0.6104430999999999;1.7628021;7.892547599999999;bike;
-3.006363;-0.27435303;6.703353999999999;stairsdown;
-1.3484344;-1.3931274;10.457199000000001;walk;
3.2908301;0.24301147;8.8645315;sit;
-5.2863975;-0.5363011999999999;8.197746;bike;
3.7445314;-0.78529817;7.329848299999999;bike;
-2.270996;-0.9377289000000001;9.811127;bike;
-3.5968628;-0.3604889;9.494537;walk;
1.8387240000000002;0.766135;9.959755;sit;
-4.5872903;-0.40222588;6.6654577;null;
-2.0508118000000004;-0.16410828;9.994415;stand;
12.871068;-2.298405;18.080786;null;
-3.6825562000000005;-3.1978912;8.907776;stairsdown;
3.9743748;0.61291564;8.963891;sit;
-1.6759412;3.323152;8.159439;null;
-3.4480896;-2.946762;9.308867999999999;stairsup;
-2.4612392999999995;0.7278373;6.196194;walk;
-2.687561;0.46073914;9.148193;walk;
3.370994;0.45968100000000006;9.653300999999999;sit;
-1.1081848;-1.374527;7.8139954;bike;
-6.042965000000001;1.5993267;10.764331;stairsdown;
5.409439;-0.19699097;8.231552;null;
-1.6280571000000001;1.9536686;9.088389;bike;
-2.0589752;1.3383483999999999;9.50148;stand;
-0.612908;-2.298405;9.040393;null;
7.4471645;-0.35194764;6.0501475;sit;
-1.2030864;0.25617957;9.677363;stairsdown;
-1.0653381000000002;-1.0162811;10.145569;stairsdown;
-4.2425256;-0.08619126;7.0102224;walk;
-1.2545617;2.528277;5.334281400000001;stairsdown;
-2.298405;2.758086;10.572663;walk;
5.996278299999999;1.6687585999999999;7.5944076;null;
-2.1722107000000004;3.4016876000000003;11.11438;stairsdown;
-3.7396849999999997;0.2167511;8.3591;stairsdown;
-2.8155810000000003;-1.2641385;9.059659;stand;
-0.3224945;1.1038818000000001;10.834488;walk;
-0.7182605;0.16280572;9.193734;bike;
-4.1205444;-0.62828064;12.819916000000001;null;
-0.21792603;2.6102142;8.248413000000001;bike;
-0.15322891;-3.1411927000000004;8.992621;bike;
-3.3327288999999998;0.02873042;8.90643;stand;
-1.6174164;-0.35766602;9.632400500000001;stand;
2.9113130000000003;-0.9193620000000001;13.024295;null;
-1.1456255;-0.7577648;7.571663;bike;
0.2777274;-0.30645782;9.710882000000002;sit;
-0.84498596;-1.5597534;6.9889984;null;
-4.257248000000001;-1.3943176000000002;9.281296000000001;walk;
-5.2289367;0.21068975;7.632714999999999;bike;
-5.2385135;-1.4939818;8.743625;null;
-2.1739352000000003;-0.11971009;9.246407000000001;null;
-6.1195793;0.49799395;7.8625584;walk;
3.9647980000000005;0.23942018;8.90643;sit;
-1.541866;-0.7757214;10.496181;null;
-5.7664029999999995;-1.3395691;10.942795;null;
-1.436521;-2.4708161;12.698846000000001;walk;
-2.2601264;2.2218192;9.394848;stand;
-0.45010993;1.7621324;9.797073;null;
-1.379043;1.225816;9.653300999999999;stand;
-0.9672575000000001;-1.4077905000000002;9.3661175;sit;
-0.91282654;-0.60165405;9.669296000000001;stand;
-6.047753299999999;2.3906104999999997;10.994174000000001;walk;
-6.2153480000000005;0.8810662;7.268796400000001;stand;
2.5268097000000003;-1.3609924;11.059433;bike;
-5.151244999999999;1.5783234;8.568572999999999;stand;
-1.7496948;-1.6518401999999999;11.077484;bike;
-5.142745;-0.62249243;8.896853;null;
-6.117676;-1.4340363;8.366241;walk;
-8.821777;-0.6068573;12.246246000000001;bike;
-2.3293152000000004;1.6699677;9.851593;bike;
-3.9265442000000004;0.4893036;12.893707000000001;stairsup;
3.8821980000000003;1.6436194;8.532935;sit;
-4.3691254;-0.70162964;8.137527;null;
1.5020599;0.60043335;10.607161999999999;bike;
-1.0391540000000001;0.059646606;11.56665;walk;
4.0500793;0.01322937;9.502869;sit;
-6.7568054;-0.8115691999999999;4.2303467;stairsup;
3.6015472;-0.15652466;15.20723;walk;
-5.7604523;0.12078857400000001;9.416977000000001;walk;
-1.5709991;0.42904663;9.069443;stairsup;
-4.941632299999999;-2.087744;5.0086699999999995;null;
6.1866174;-4.000711;5.556941999999999;walk;
-2.451632;1.225816;9.653300999999999;bike;
-6.879739;3.7038300000000004;5.6323595;stairsup;
-6.093872;0.37861633;8.054413;stand;
-5.931839;0.4718933;7.8411713;stand;
-3.6200330000000003;1.1683705;9.854534;null;
-2.145178;-1.379043;9.500074;stand;
-2.9516144;-1.7989807;9.447922;stairsup;
-2.9113130000000003;-0.45968100000000006;7.048442;stairsup;
-2.528277;-0.7182605;10.563217999999999;bike;
-2.4493560000000003;-0.40527344;9.8823395;stand;
0.89064306;-2.27928;7.105990400000001;walk;
-2.423172;1.438324;9.11467;bike;
1.7020111;-0.25531006;9.666916;sit;
0.58561707;0.29574585;8.191086;null;
-1.4257965;2.1155396;10.20607;null;
-0.9193620000000001;-2.451632;13.330748999999999;walk;
-2.451632;0.306454;5.669398999999999;stairsup;
-5.803299;0.26004028;7.938766499999999;stand;
-0.9672575000000001;-1.5227122;9.375694000000001;sit;
1.6089035;0.20111294;9.576807;sit;
-0.40222588;-0.2777274;9.787497;walk;
-5.7295074;0.71588135;9.457443;null;
-2.6144682999999995;0.19153613;9.3182335;stand;
-1.9079895;-1.1662445;10.327667;bike;
-0.73446655;-1.1686249;10.050353999999999;sit;
-4.443583;-3.370994;11.032344;stairsup;
0.4178009;0.68374634;6.671219000000001;null;
-0.9193620000000001;2.758086;7.048442;null;
-1.4686431999999998;-0.91348267;10.14418;stairsdown;
-7.479247999999999;0.72257996;9.803986;stairsup;
-1.3533629999999999;-0.9353485;11.2595825;bike;
-4.79657;-0.1950531;9.312439;walk;
-1.6889953999999998;0.42027283;10.356232;stand;
-2.604859;1.225816;9.346847;bike;
-4.547786;1.5562311000000002;8.322245;stand;
10.266209;-2.145178;9.959755;stairsup;
-2.1960144;2.4662017999999994;5.829956;stairsup;
5.209718;0.153227;8.887166;sit;
-7.120356;-1.3862427;8.104372999999999;stairsdown;
-3.694458;1.8508759;7.875885;stairsdown;
1.0247183000000002;2.2601264;7.575253999999999;bike;
-0.8069;-3.4081116000000002;13.795670000000001;stairsup;
-2.298405;1.072589;12.104933;walk;
1.7674713;-0.3267212;9.797836;sit;
-3.6487634;0.41180268;3.4189199999999995;stairsup;
-3.370994;0.153227;9.19362;stand;
-1.6184803;-1.6089035;8.571242;stairsup;
-1.8483124;1.4430847;9.472916;stand;
-2.3935852000000004;-0.44023132;9.114868;bike;
-1.7537526999999997;2.6767175;11.514913;null;
0.041534424;1.4212189;7.1605835;walk;
8.887166;-1.072589;7.354896000000001;bike;
-3.783722;-1.8137054;10.688293;stairsdown;
-1.072589;0.45968100000000006;8.887166;stairsdown;
0.013137817;1.2693176000000002;10.215591;stairsup;
-1.8674773;0.1436521;9.279925;stand;
-2.9783869;2.2026656000000004;8.724471000000001;bike;
-4.750037;0.9193620000000001;7.048442;stairsdown;
-5.056491;1.53227;8.274258;stand;
-9.433365;-0.18389893;6.841415400000001;stairsup;
0.34043884;-0.7290039;9.781174;sit;
-2.6060886;-0.40821138;6.142324400000001;walk;
0.0;-3.524221;8.274258;bike;
-6.50744;4.2664676;7.1047934999999995;null;
-2.087744;-2.0111293999999997;9.56723;stairsup;
0.02873042;2.2697031;8.552089;stairsdown;
-2.5187001;0.05746084;9.203311;stand;
0.28807068;1.0348511;12.96373;walk;
4.750037;0.45968100000000006;5.209718;stairsup;
-0.77238464;-0.98846436;12.403152;walk;
-0.64027405;-0.55285645;9.714523;stand;
-2.8754362999999996;0.842759;9.045294;null;
-4.0509889999999995;-2.0111293999999997;10.43872;walk;
-2.7469025;-0.7147217;10.423874;bike;
1.9440918000000003;-0.49799395;4.5681367;bike;
-1.9345150000000002;1.8195933000000002;9.14585;stand;
-0.7374141;3.1411927000000004;9.404425;stairsdown;
-2.7397614;0.9908142;14.037277;bike;
-2.1519775;-0.29145813;10.058685;stand;
-1.5059528;0.94930094;11.283873;stairsup;
-3.4572272000000006;1.4077905000000002;8.350976;stairsup;
4.4678345;1.6116486;9.133911;sit;
-15.036926000000001;0.934433;6.5309753;stairsdown;
6.147113;-0.7338228;7.247248599999999;stand;
-1.4365082;-0.7694701999999999;7.135391;walk;
1.6184803;0.63206923;9.3182335;sit;
-0.63449097;-0.11293030000000001;9.972992;null;
-2.9065552;0.67378235;9.977753;stairsdown;
-1.9919509999999998;0.9193620000000001;7.201669;walk;
-1.4604796999999998;2.2222137;9.463593;null;
1.2641385;0.80445176;9.56723;sit;
-4.8203735;-0.5080719;12.352172999999999;null;
1.8387240000000002;0.766135;9.806528;sit;
4.0119934;-0.07008362;9.595703;sit;
-1.9249381999999997;3.6870705999999998;10.141838;bike;
-5.906845;-1.2145996000000001;7.342483500000001;walk;
0.612908;-0.9193620000000001;13.790429999999999;bike;
-4.443583;1.53227;7.66135;walk;
-1.3311761999999998;1.4460978999999998;7.929596000000001;bike;
2.645593;0.48841715;9.114726;stand;
-4.903264;0.9193620000000001;9.806528;stairsup;
8.92746;0.37623596;4.6588135;sit;
-2.6623523;-1.4077905000000002;8.2169;stairsup;
-0.7546997;-1.4292755;10.117004;sit;
-0.9878082;0.71469116;9.82045;null;
-4.739441;-1.4875946000000002;9.300537;walk;
-3.9121256;1.7393875;8.762777999999999;null;
-3.144784;-1.2533646;8.963891;null;
-1.7840424;1.4264221000000001;9.426497999999999;stand;
4.383331299999999;1.6187897;9.181519;sit;
1.072589;-1.072589;8.887166;bike;
-5.056491;0.9193620000000001;9.500074;walk;
-8.785903999999999;2.88797;14.616898;stairsdown;
-1.8962077000000002;-0.5746084;9.998186;null;
-2.3080103;2.0015526;9.375694000000001;stand;
5.669398999999999;-0.612908;7.967803999999999;stairsdown;
-2.8897247000000004;-0.9789429000000001;9.391983;stand;
-5.209718;-2.298405;8.274258;null;
3.4931402;0.5410896;8.676587;sit;
-0.36631286;0.33039984;9.518148;sit;
-7.6611785999999995;-0.07202148400000001;4.3217926;stairsup;
-1.1306305;1.2252808000000002;9.24202;bike;
-0.9193620000000001;-0.9193620000000001;7.508122999999999;walk;
-2.1068976000000004;-0.11492168;4.960786;walk;
-5.440292400000001;0.08508301;9.816879;stairsdown;
5.444977;0.7082977;8.826842999999998;sit;
5.056491;0.766135;8.733939;sit;
0.24505615;-0.51997375;10.353850999999999;sit;
-1.7984924;0.7273407;10.007507;null;
-3.5467072;0.9170226999999999;8.118484500000001;walk;
-2.8443117;-1.091756;9.356541;stand;
-3.6774937999999993;3.122039;9.299078999999999;walk;
0.43310547;-0.54496765;10.247925;sit;
-1.8935394;1.4240416999999999;9.482437;stand;
-4.443583;-2.145178;13.790429999999999;null;
-2.6204537999999995;2.2301989;12.041637;null;
-4.6418457;-2.631363;7.6021423;walk;
3.217767;0.9193620000000001;3.524221;walk;
-2.9137435000000003;3.1483752999999997;7.727286;stairsup;
-2.348712;1.0271125;6.247669;stairsup;
-2.3463178;-2.2888567;12.220005;walk;
0.153227;0.766135;9.653300999999999;bike;
-1.3414612;1.2117461999999999;10.181274;stand;
-2.1499932;0.15682021;6.113594;stairsdown;
3.9839019999999996;-1.53227;8.274258;bike;
-1.53227;2.298405;9.653300999999999;stand;
1.3221741000000002;0.33457947;10.808502;bike;
-6.9144545;-1.4748282;11.57836;stairsdown;
-5.1810527;-3.1316159;13.551182;stairsup;
2.4266662999999995;2.9851227000000002;10.005127;bike;
-2.9113130000000003;-2.298405;11.645252000000001;bike;
-9.500074;1.072589;7.354896000000001;stairsup;
-1.8590240000000002;1.4906921;9.397934;stand;
-0.31603462;0.32680854;9.446322;sit;
3.8307227999999998;0.48841715;8.619126;sit;
-1.9008484;2.4864349999999997;7.683075;stairsup;
-2.7230988;-0.058929443;9.370560000000001;walk;
-5.975853;1.685497;9.040393;stairsdown;
-2.4911804;1.1736603;8.309113;stairsdown;
-7.814577000000001;3.830675;9.040393;null;
-6.7468604999999995;-0.33279404;6.685808;null;
-1.7292938000000002;1.566864;9.411026;stand;
-2.9233203;-0.029927522;9.045294;stand;
-2.7222072999999996;0.09935937;6.4344171999999995;stairsup;
3.0992942;0.47165772;8.998607000000002;sit;
-5.566452;-1.0075073;9.075394000000001;bike;
-0.45968100000000006;-1.8387240000000002;9.959755;sit;
0.031124622;-0.6356605;10.073604;bike;
-1.8935394;1.5918579;5.820236;stairsup;
-1.800705;1.4966431;9.386032;stand;
0.306454;-0.153227;9.959755;null;
-0.56307983;-0.23908997;10.21936;stand;
-3.916914;2.2409727999999998;6.0908489999999995;stairsdown;
-1.6795325;-1.5526398000000001;10.31901;bike;
-3.3943634;1.3990479;10.642868;stairsdown;
-2.5364075;1.0879669;7.5081177;walk;
-6.429629;6.244078;12.146982000000001;stairsup;
-5.707777;2.0398598000000003;11.032481;walk;
-3.8594532;-0.7565677;12.5264635;stairsdown;
-0.9193620000000001;-0.766135;9.959755;stand;
-2.3127987;-0.073023155;8.840589999999999;stairsdown;
-3.7097626000000004;-1.0146484;11.089188;walk;
-0.766135;1.379043;7.814577000000001;walk;
-1.4948273;-0.04345703;9.607407;stand;
-3.489549;0.3854665;8.358158;null;
3.8894043;-0.53544617;9.506439;sit;
-2.9113130000000003;-1.379043;9.500074;null;
4.1455603;1.6879122;8.414422;sit;
-4.635174299999999;1.1492168;8.121132000000001;stand;
-1.4556746;-0.047884032;4.8267107000000005;null;
1.5863953000000002;0.6261749;10.145569;sit;
-4.496643;0.8665924;9.969421;null;
3.3255462999999996;0.039504327;8.829816000000001;sit;
-10.141838;-1.1971009;12.430696000000001;bike;
-3.524221;3.830675;11.338797999999999;stairsup;
-3.7180939;0.68136597;8.041122;stairsdown;
3.9715269999999996;0.30363464;9.586182;sit;
7.4256167;-0.30765492;6.029797;sit;
-6.4937744;2.6923369999999998;10.052734;walk;
3.6870705999999998;0.60333884;8.743625;sit;
-3.217807;0.51714754;7.632714999999999;stairsdown;
-1.3910311000000002;2.348712;9.082403999999999;stand;
-4.584549;1.6763611;14.003951999999998;stairsdown;
-6.918503;-1.3681335;8.780228;bike;
-5.690399;-1.0198517;7.934203999999999;bike;
-2.3774424;1.0474633;5.374983;walk;
-3.7732617999999993;3.1124623;11.032481;stairsdown;
-2.4042969;-1.0079498;13.10437;walk;
4.18219;0.3643341;9.4505005;sit;
4.1036377;-0.21052551;9.44812;sit;
-2.480393;-0.02873042;9.3661175;null;
0.766135;-2.145178;12.104933;walk;
5.4509277;0.76304626;8.730438000000001;sit;
4.4001617;0.87179565;8.720718;sit;
-8.471695;0.06842041;15.290543;walk;
-1.9225439999999998;0.08020575;3.2369606;stairsdown;
-4.290356;1.225816;8.733939;stairsup;
-2.8634652999999997;-0.06703765;9.251195;null;
-4.4364557;-1.5023615;8.942344;walk;
3.9264907999999994;0.35434186;8.571242;sit;
3.9552212;1.5801731;8.963891;sit;
0.17238252;-0.17238252;9.758766;sit;
-2.9777985;2.2107544;9.678818;stairsdown;
-0.6071167;-1.58638;10.181274;sit;
-4.623825;-2.108429;8.940903;bike;
-0.306454;-1.8387240000000002;9.806528;sit;
-1.53227;-0.766135;7.201669;stairsdown;
-5.2367706;-0.99679565;8.955185;null;
0.42834473;-0.60328674;10.200317;sit;
-4.963196;-0.054611205999999995;6.0322876;null;
1.7696838;-1.8208466;13.101989999999999;walk;
9.308656;1.1971009;3.217807;sit;
-6.196228;4.504989599999999;11.464294;stairsup;
-2.2505496;2.0015526;9.404425;stand;
-2.5139117000000004;0.39863458;9.107543;stand;
-3.4093432;-0.89064306;10.25676;walk;
-2.4648306;1.9093759;8.985439;stand;
-5.6142273000000005;-3.773941;12.769928;stairsup;
-7.200577;0.99557495;9.200363000000001;stairsdown;
5.5629277;-0.016759411999999998;7.496245399999999;bike;
3.1268275;0.41299978;8.841787;sit;
-2.3279572;1.4502258;11.1141815;null;
-4.759673;1.2737153;8.149861999999999;stand;
7.3334399999999995;-0.5434838000000001;6.0824695;sit;
-2.145178;1.8387240000000002;9.806528;stand;
-0.66645813;-2.3059998;6.5545807;stairsdown;
-7.431602000000001;0.45010993;16.682798000000002;walk;
3.213379;1.0379790999999998;13.178162;null;
3.1483752999999997;0.48003745;8.882488;sit;
-9.352949;1.0941502;9.451111000000001;stairsup;
-11.032344;2.9113130000000003;15.935607999999998;walk;
-2.3553314;-0.6218872;9.532425;stand;
-5.362945;-0.306454;7.967803999999999;null;
-3.1148376;-1.5066376;10.470489500000001;bike;
-1.7908629;0.45010993;9.107543;null;
1.3424072;1.1974639999999999;10.189606;sit;
4.5084686;0.8753662;8.717148;sit;
-0.25941467;-1.1765136999999999;9.102768;bike;
-2.9113130000000003;0.766135;9.040393;null;
-5.209718;-1.225816;8.121031;null;
-1.4939818;-1.685518;7.1730285;bike;
-2.298405;2.298405;7.967803999999999;stairsdown;
-4.9798584;-2.3647614;8.48526;null;
-2.2898712000000003;0.23980713;9.300339;stairsup;
-1.9919509999999998;0.306454;8.121031;bike;
-6.4906807;-0.19991584;9.419986999999999;null;
-2.2697031;0.4357447;9.174581;stand;
-6.000869799999999;1.1419678;7.6305084;stand;
-1.3555756;0.8087158;9.212264999999999;bike;
-2.5576630000000002;-0.41717529999999997;9.361038;stand;
-1.505539;-0.22674560000000002;9.625259;stand;
4.4691925;0.89559937;8.781417999999999;sit;
-3.2273839;-1.2066777;9.385271000000001;stand;
-6.3111157;0.8331822;7.4028716;stand;
-4.2042184;0.11492168;11.36767;walk;
-9.14226;1.1109096;11.482592;bike;
0.35472107;-0.7789917;9.845444;sit;
-4.4568067000000005;1.4712370000000001;8.259995;stand;
-1.685497;-0.612908;9.653300999999999;stand;
-4.7870483;-0.8460846;9.475494;bike;
-1.8674773;1.3694833999999998;8.63828;null;
-1.595993;0.99676514;9.572891;stand;
-1.685497;-1.225816;10.419436;bike;
-0.45968100000000006;0.0;9.19362;null;
-9.069236;-3.323152;10.888829;walk;
-0.33099365;-0.29859924;10.28006;stand;
-4.685453;0.5243302;11.972205;stairsdown;
-0.47483826;-0.819458;9.69548;stand;
-0.60333884;-2.3750482;3.9073372;stairsdown;
-2.0302830000000003;1.7525556;9.174581;stand;
4.0976870000000005;-0.060562134000000004;9.5469055;sit;
5.209718;0.9193620000000001;7.508122999999999;stairsup;
-1.8387240000000002;-1.072589;10.72589;bike;
-2.421735;0.40222588;8.026561000000001;stairsdown;
-0.7009734999999999;-0.4659729;9.073013000000001;stairsup;
5.209718;-0.306454;5.669398999999999;stairsup;
-2.1296425;-0.19393034;9.576807;null;
-6.644760000000001;1.239563;5.992813;stairsup;
-3.3338318;0.9903716999999999;12.3974;stairsup;
0.28569029999999995;-0.69924927;9.889481;sit;
-3.9573212;-1.2122191999999998;10.601212;null;
-0.8939514000000001;0.37623596;10.2395935;null;
-0.332016;-0.30053709999999995;10.058487;stairsdown;
-4.6369169999999995;-2.7416077000000003;5.8749847;stairsdown;
-0.5355376999999999;-2.788025;12.958969;stairsup;
4.002472;-0.14030457;9.498108;sit;
-0.30583190000000005;-1.2872008999999998;9.558608999999999;stand;
-4.0797195;1.6472107;8.580819;null;
-0.10534488;1.6663644;9.423578;null;
-1.4723816;0.22151184;10.228882;stand;
-1.3982137;-0.49799395;4.338293599999999;walk;
-1.8102264;-0.050598145;8.583847;bike;
-1.1937103;-1.0027466;7.172287;bike;
-1.0342950999999998;-1.1683705;9.911995;null;
-2.9337616;-0.29696655;9.346756;stand;
-1.3746185;0.55758667;15.610702499999999;stairsdown;
-6.083160400000001;0.065597534;7.967529300000001;stand;
-1.5924225;-0.293396;9.563369999999999;stand;
-0.9094238000000001;1.6699677;9.120819000000001;null;
-4.3441315000000005;1.1776733;8.625504;stand;
0.23910522;1.0296478;10.357422;null;
-6.0914917;1.7556610000000001;7.618805;stairsdown;
-1.0165405;0.44288635;7.333160400000001;walk;
-12.550628999999999;6.5818634000000005;9.037506;stairsup;
-5.1906295;-0.7469909;7.6518690000000005;stairsdown;
-0.612908;-0.766135;12.104933;null;
-2.1164744;1.6950948000000001;9.174581;stand;
-0.22984336;-2.2601264;9.232041;stairsup;
-6.5900115999999995;1.6989746;9.503860000000001;stairsup;
-0.51309204;-2.6337433;9.038696;bike;
-4.8937483;2.1260512;8.992621;stand;
-2.1018220000000003;-0.057739257999999995;8.320816;stairsup;
-2.7254791000000003;0.06484985;6.312973;walk;
-1.7673797999999998;-0.6468811;8.312485;bike;
-0.63206923;1.8579005000000002;12.966996;walk;
-2.661377;0.23579407;9.83136;stairsdown;
-4.8820953000000005;0.7384949000000001;6.5522003;walk;
0.5354614000000001;-0.42832947;10.294342;null;
5.446167;0.72972107;8.729248;sit;
-1.4329376;-0.99560547;9.468155;bike;
-5.1464844;0.12034607;11.088196;stairsup;
0.7282715;0.4071808;8.735199;bike;
-6.339846;3.0023289;10.006566000000001;stairsup;
-3.2957457999999997;0.16557312;10.92276;walk;
-3.6391866000000004;3.1028854999999997;3.5338415999999997;stairsup;
-2.2410736;-3.8687134;9.743088;walk;
-2.298405;2.298405;8.580712;bike;
-0.153656;0.8023224;7.310547;stairsdown;
3.8019924;0.5363011999999999;8.963891;sit;
-2.5719452;0.8741760000000001;8.326767;stairsup;
-0.5533905;-0.16842651;5.382248000000001;walk;
0.7127991;1.210556;11.261963;stairsdown;
-2.7208862000000003;1.8746796000000001;8.473358000000001;walk;
-3.06454;1.379043;7.354896000000001;null;
-11.569916000000001;3.924179;7.552154499999999;walk;
-3.0095115000000003;2.553416;9.5385;null;
-0.74024963;1.5597229;12.173447;walk;
10.266209;2.758086;13.483976;stairsdown;
-4.660721;3.0843506;4.879989599999999;stairsdown;
-6.054596;1.0070343000000002;7.9223022;stand;
-3.524221;0.766135;5.362945;stairsdown;
-2.2409727999999998;-0.41180268;5.544971;walk;
-1.5448151;-0.12319946;9.612167;stand;
2.9269116000000004;0.7074866;9.063251;null;
-4.003105000000001;-0.23942018;9.557653;stairsup;
1.8279729999999998;0.6871359;9.186552;sit;
-4.1598206;1.916336;11.667816;null;
-3.370994;0.0;9.346847;walk;
-4.8937483;-0.29688102;6.924031299999999;bike;
0.5033264000000001;-0.2450409;10.772797;bike;
-0.20483398;-1.4745026;8.988708500000001;bike;
-5.0655518;0.37742615;9.0625;stairsup;
-3.1794999;-2.0973208;8.686164;stairsup;
0.0;-2.145178;8.580712;stairsdown;
-0.15246582;-1.304306;10.483582;stairsdown;
-2.7198130000000003;-0.038307227;9.040505;stand;
5.381897;0.7011566;8.716156;sit;
-3.3135752999999997;1.0151415000000001;9.088389;null;
0.48190308;-1.1400603999999999;7.983001700000001;stairsdown;
-4.976287999999999;1.5616608;8.7578125;stand;
-2.5462333999999998;1.9393034;8.974665;stand;
7.967803999999999;-0.612908;6.588761;sit;
-1.1200867;-0.861557;13.003204;walk;
-0.9672575000000001;-0.7493850999999999;7.444770299999999;null;
14.556564999999999;-1.225816;10.266209;stairsup;
-8.623915;-0.4321534000000001;7.284358500000001;stairsup;
-0.4309563;0.29927522;9.399636;sit;
-1.225816;-0.306454;9.653300999999999;null;
0.2705448;1.8279729999999998;8.7125;walk;
-7.217407000000001;4.4847565000000005;11.995117;walk;
-2.2110453;0.6691794;10.2735195;stairsdown;
-0.41906738;0.77970886;12.285522;null;
-4.746582;-2.5647125;15.012238;stairsdown;
-2.5953147;-0.35434186;7.680599000000001;bike;
3.1519666;1.0223241;9.107543;stand;
-2.8778229;-0.031555176000000004;10.184647;stairsup;
-1.225816;2.145178;9.806528;stand;
0.545878;0.06703765;9.902417999999999;bike;
0.19153613;2.1452047999999997;11.204864;stairsdown;
-2.4673767000000004;-0.23908997;9.95871;stand;
6.895214999999999;-0.766135;8.733939;null;
-2.1317444;-0.8032379;11.119141;bike;
-2.141098;-2.5797423999999998;9.386032;bike;
-1.6316986;-1.8561096000000001;11.377213000000001;bike;
0.0;0.612908;9.806528;null;
-9.26556;0.18315643;8.202535000000001;stairsdown;
-2.4447632;-0.22599792;7.830658000000001;null;
4.048889;0.31672668;9.514770500000001;sit;
3.0131028;-2.5031377999999997;6.0226144999999995;stairsup;
-4.9548005999999996;2.220622;7.878121000000001;stand;
1.8770541;-1.436521;8.169016000000001;bike;
-2.6527755;-0.02873042;2.6623523;null;
-3.1890767;-1.7621324;6.799533;stairsdown;
-1.9536686;-0.842759;9.787497;bike;
0.142455;1.8602947;7.7224975;walk;
0.56759644;0.45954895;10.554993;bike;
-2.8634652999999997;1.661576;9.063251;stand;
0.153227;2.604859;8.580712;bike;
-11.860153;-3.167694;16.314102;stairsdown;
-9.052505499999999;0.12078857400000001;9.575272;stairsdown;
-4.176685;-5.4683566;4.2221746;bike;
-2.6076507999999996;0.69802856;9.841873;stairsdown;
-3.199173;-0.02798462;10.052536;bike;
4.4436383;1.2641385;8.293514;sit;
-3.3327288999999998;0.41180268;8.24563;stairsdown;
0.08081055;0.28816223;11.983215;null;
4.6213684;1.6164093000000002;9.079163000000001;sit;
-0.736217;2.3882163;7.2101383000000006;null;
-1.2462463;-0.5842438;9.792084;bike;
-2.9592332999999997;3.0071173;6.5122285;stairsdown;
-7.66135;0.612908;12.564614;stairsdown;
0.6915435999999999;1.2229003999999999;7.5709990000000005;bike;
-3.5302502999999996;0.2861071;8.767567;stand;
-2.5474305;-0.82360536;10.496181;bike;
-1.8637848000000001;1.4395142;9.462204;stand;
-0.41180268;0.11492168;4.8841715;walk;
-2.5076752;-0.293396;9.971603;null;
-4.59681;1.9919509999999998;10.419436;walk;
-6.496155;-2.061264;7.6342773;stairsdown;
0.29688102;-0.30645782;9.720459;sit;
-0.21435547;-0.35215759999999996;10.309814;stand;
-0.7830963000000001;-0.42193604;9.638351;stand;
-5.9998474;2.4543;9.339813000000001;walk;
-3.371036;0.21068975;7.5944076;stairsup;
-4.10845;1.484405;7.4603324;bike;
9.297775;-0.03274536;3.4339142;sit;
-5.209718;3.217767;12.717841;walk;
-6.0333879999999995;0.13407529999999998;7.517792999999999;stand;
-6.1664734;0.04298401;7.940155;stand;
-5.5273438;0.17509460000000002;9.5659485;stairsup;
-2.2876587;0.7916107;9.96347;null;
-0.12090719;1.1731589;6.805517999999999;walk;
-1.8387468999999996;1.292869;8.935161;stand;
0.33448792;-0.77423096;9.914474499999999;sit;
-0.4950714;-0.68258667;8.726669000000001;bike;
-2.2122424;-0.7661445;6.3111157;stairsup;
5.3533325;0.5619049;8.716156;sit;
-4.443583;1.8387240000000002;6.895214999999999;stairsdown;
-4.0078936;0.12569559;13.796586999999999;walk;
-5.2821655;0.23698425;9.0625;walk;
-4.7442017;0.3488617;7.121307400000001;bike;
2.6431987;-0.8714894;8.322245;null;
-2.1972046;0.9760895;5.5633545;walk;
-2.8314056;-1.1836548;9.4015045;stand;
-4.146757;0.8762778;6.1746464;stairsdown;
-0.24275208;2.413086;8.062546000000001;walk;
-5.88678;-0.6128081999999999;9.795653999999999;bike;
-4.137129;-1.53227;5.975853;stairsdown;
9.277374;0.5964203;3.9577942000000004;sit;
-3.06454;1.685497;6.588761;null;
-1.8626889;-0.24420857;7.410054;stairsdown;
-2.505532;1.8411411;9.056067;bike;
-2.758086;-0.9193620000000001;8.887166;walk;
-3.06454;-0.45968100000000006;12.871068;walk;
-8.71347;-0.63423157;13.047241;null;
-5.994919;1.2086181999999999;7.597183;stand;
-3.370994;2.451632;9.19362;walk;
-2.145178;0.153227;9.653300999999999;stand;
-5.5940523;2.5198972;11.407174000000001;null;
-3.3969116;-1.3578643999999997;8.075836;walk;
-5.420472599999999;1.3599066;7.967903;stand;
-2.4923706;0.34529114;9.208893;walk;
-1.9363861;2.31073;11.204636;stairsup;
-11.117645;2.5399933;11.857056;walk;
3.7445314;0.641646;8.676587;sit;
-0.766135;-0.306454;6.282307;walk;
-4.750037;-0.153227;6.282307;null;
-2.9879637000000003;0.92895025;11.099519;walk;
-5.4970870000000005;-1.2449848999999997;7.996633500000001;bike;
7.3549875999999985;0.16280572;6.493075;sit;
-1.8387240000000002;-0.45968100000000006;7.048442;stairsup;
-4.443583;-1.685497;10.879116999999999;stairsup;
-3.0565186;1.2462616000000002;9.051788;stairsdown;
3.370994;0.45968100000000006;9.653300999999999;sit;
-1.13964;0.4309563;9.404425;null;
-0.2725067;-0.22674560000000002;8.099442;stairsdown;
-1.072589;0.766135;6.12908;stairsdown;
-0.8522949000000001;0.20722961;6.880889999999999;null;
1.970993;0.061279297;12.444809;walk;
-4.5107574;0.7015991;8.720718;stand;
-10.572663;1.53227;7.354896000000001;null;
-1.9198914;-2.6623077;11.771362;stairsdown;
-1.3140869;-0.024856567000000003;10.172943;stand;
-0.94750977;0.11439514;3.475769;stairsdown;
-1.8387240000000002;-0.766135;11.185571000000001;null;
-4.515518;0.0077209473;7.0699309999999995;walk;
5.238052400000001;0.2505188;8.242264;sit;
-8.630157;-2.5861359;11.353607;stairsdown;
0.6991069000000001;0.7757214;6.4643445;stairsdown;
6.0956373;-1.483208;7.1969705;stand;
4.7548847;0.59615624;8.176199;sit;
-7.091247599999999;2.4245452999999997;12.552124000000001;stairsup;
-2.5845408;1.9859903;8.972271000000001;stand;
3.9750977;-0.05580139;9.515961;sit;
-5.975853;1.9919509999999998;6.895214999999999;walk;
-1.0401764;2.8522644;7.338913000000001;bike;
4.1096473;1.6819267;8.415619;sit;
-2.6566162;0.039413452;6.776153599999999;stairsup;
-2.8006287;-0.4426117;6.8975525;walk;
-4.6666718000000005;-1.9334717000000001;8.418411;stairsdown;
-6.827026400000001;0.21080017;8.624512;stairsup;
-2.943451;-0.0796051;8.766144;bike;
-2.8443117;1.4077905000000002;8.456321;stairsup;
-2.974228;-0.34338379999999996;9.262253;stand;
-6.2345014;2.9496564999999997;8.848969;null;
3.8526763999999996;-0.074401855;9.056351;sit;
2.4064330000000003;-1.3138275;12.711609;walk;
7.326257000000001;-0.35913026;6.147113;sit;
0.63067627;-1.5804291000000001;9.099396;walk;
-4.137129;-1.225816;11.951706;null;
-7.508122999999999;0.45968100000000006;8.274258;stairsup;
-1.6816863999999998;1.2121886999999998;10.724991000000001;stairsup;
-1.9363861;-0.9456177;11.314133;walk;
-1.3079681;0.10650635;5.544112999999999;stairsdown;
6.0800753;-1.4377182;7.216124000000001;stand;
4.3478703;1.2258313;8.322245;sit;
-1.733402;-2.1164744;8.561666;bike;
-3.370994;0.153227;6.741988;stairsdown;
-9.478760000000001;1.1498566000000001;7.665222;stairsup;
-4.865018;1.0151415000000001;8.255207;walk;
-5.260061299999999;0.30765492;7.462726600000001;stairsup;
-6.100425700000001;1.4556746;7.249642999999999;stand;
-0.94377136;-1.7311401000000002;9.709763;sit;
-5.816391;0.2671814;8.095871;null;
-6.445191;0.23942018;7.28795;null;
-2.1739352000000003;-0.13407529999999998;7.2304892999999995;walk;
-2.4065093999999996;-0.5469055;8.986130000000001;bike;
-4.0797195;1.3886370000000001;5.6790465999999995;stairsdown;
-5.651123;-1.3281097;11.652344;null;
0.766135;-0.612908;12.411387;bike;
-6.5325794;-4.0450040000000005;12.926295;walk;
-1.6196774;0.4441244000000001;6.477513;walk;
-8.548497;0.5626374;7.826645399999999;stairsup;
1.3694833999999998;0.8523358;9.528922999999999;sit;
-1.7673797999999998;-0.29101563;11.979446000000001;bike;
-1.6485290000000001;-0.44380188;7.8592224;walk;
-0.7366791;-0.1946106;7.166336;stairsdown;
-2.7030334;0.88682556;7.174865700000001;stairsup;
-3.5159302;1.4807281;8.401947;null;
-1.5705963;2.9891607999999996;7.874529400000001;stairsup;
-6.462829599999999;0.37266540000000004;14.050568;walk;
-0.6463928000000001;-1.39357;10.075348;stairsdown;
3.8348236000000004;-0.5623779000000001;9.026596000000001;sit;
-2.1067505;-0.65327454;10.531189;walk;
-1.9919509999999998;-2.758086;9.500074;stairsup;
-6.742522999999999;0.32981873;12.245056;stairsup;
-1.9632453999999997;0.019153614;9.232041;stand;
0.8103943;-0.8603668;6.3822019999999995;bike;
-7.869461;4.500671400000001;10.479813;walk;
-5.410896;0.2873042;7.3549875999999985;walk;
-4.8786926;3.6230621;8.426941000000001;stairsdown;
-1.5035586;3.4955344;8.427589999999999;stairsup;
-5.802109;-4.6566160000000005;11.599777;walk;
-2.604859;0.45968100000000006;7.967803999999999;stairsup;
-0.35434186;1.4748282;9.461885;bike;
-8.95134;-1.0015564000000001;12.436478;stairsdown;
-4.4723687000000005;0.93852705;8.034941;stairsdown;
-4.635726999999999;-2.3750305;11.315323;stairsup;
-2.298405;-1.379043;10.419436;null;
-1.5993267;0.2777274;9.299078999999999;stand;
-2.7006595;-0.8331822;7.8625584;bike;
-0.94810385;1.0151415000000001;5.90889;null;
-3.6679169999999996;1.2449848999999997;8.015787;bike;
-1.292869;1.8483237000000001;9.825804;bike;
4.378995;-1.0905589;6.4416;walk;
-3.06454;0.153227;9.346847;stand;
4.5322237;2.5773582000000004;6.1279593;null;
-2.2162476000000004;-0.6830291999999999;4.3303223;bike;
1.5127716;0.8575134;9.705002;sit;
-5.320083599999999;-0.9015808000000001;5.994003299999999;stairsup;
-0.63449097;-1.5875702;10.08844;sit;
0.24505615;-0.21409607;7.0141907;bike;
-0.766135;-0.9193620000000001;13.943657;stairsdown;
7.956436;-0.5826110999999999;5.9392548;sit;
-2.7509377;1.5239093000000001;7.644686;stairsdown;
-0.76405334;-1.7835082999999998;9.662155;sit;
-0.82360536;1.13964;8.571242;bike;
-0.19650269;-0.2771759;10.183655;stand;
-1.8387240000000002;-0.45968100000000006;9.653300999999999;stand;
4.5776367e-05;0.2576599;8.041122;null;
-5.6473846;1.053894;7.848312400000001;stand;
-1.7711182;-0.46522522;10.030121000000001;stand;
8.916007;1.1779473;3.7062242;sit;
5.453308;0.67378235;8.641174000000001;sit;
2.8000187999999997;0.8331822;9.097966;stand;
-0.22744751;-0.25575256;10.132477;stand;
-4.3718123;1.7405846;11.168951;null;
-5.056491;0.306454;6.435534;stairsup;
-3.117218;-0.43547058;7.580719;bike;
-2.5852049999999998;0.060836792;9.828979499999999;stand;
-16.894806;-0.42118835;10.802551;stairsup;
-2.7623749;-1.3693236999999998;9.339615;stand;
4.750037;-4.903264;9.040393;walk;
-3.32312;0.27268982;8.872069999999999;stairsup;
3.6774480000000005;0.153227;3.830675;stairsup;
3.524221;-0.153227;9.500074;sit;
-3.6774480000000005;-0.153227;13.790429999999999;walk;
-1.8770447000000001;1.7032928;9.802795;stand;
-3.3961751000000002;0.19393034;8.201338;bike;
-4.0509889999999995;1.1013328000000002;8.446744;stand;
-7.374141000000001;-0.63206923;8.178593;stairsdown;
-1.541866;-0.05746084;5.315128;walk;
3.217767;0.45968100000000006;9.653300999999999;sit;
-0.13223267;-0.46998596;7.4926452999999995;walk;
1.656784;0.23266602;9.666916;sit;
2.6363068;-0.49929809999999997;9.082535;null;
-5.920105;0.23222351;8.236511;stand;
-2.9113130000000003;0.612908;9.19362;null;
-3.938446;2.0472565;8.29007;stairsup;
0.40454102;0.3809967;9.5469055;bike;
-4.615494;-0.67544556;8.6635895;bike;
-9.107543;3.0550013;16.366761999999998;stairsdown;
5.209718;0.306454;8.733939;sit;
9.3661175;1.13964;3.4380736000000005;sit;
-6.282307;-3.06454;7.814577000000001;walk;
-1.2724303999999997;-1.7946625;9.212463;stairsup;
-4.505996700000001;1.1312561;8.642166;stand;
-6.3589997;0.4405331;5.6407394;stairsdown;
3.9596252;0.040603638;9.614746;sit;
-0.8568878000000001;-0.98846436;11.321274;stairsup;
-0.51714754;2.2313959999999997;3.4955344;stairsdown;
-0.92489624;0.7523346;10.450256;bike;
-0.5249939;-0.24266052;10.149139;stand;
-0.6950225999999999;0.6111449999999999;10.176314999999999;null;
-3.2967682000000003;-0.53619385;7.357956;stairsup;
-1.685497;-0.766135;8.427485;stairsdown;
-1.9381063000000003;3.5721489999999996;8.905233;bike;
-7.824250999999999;-1.9440918000000003;6.540959;stairsup;
5.7125654;0.9564835999999999;11.282675999999999;walk;
-2.873042;0.90021986;9.854534;walk;
-0.5999755999999999;-1.2102814;6.908264;walk;
-6.1483099999999995;1.5131354;7.2209125;stand;
-2.9975405;-0.32561144;8.925583999999999;stand;
7.927703999999999;-0.16053772;6.4417114;sit;
7.584830800000001;0.4309563;5.803545;sit;
-3.1124623;-0.02873042;8.973467999999999;stand;
-0.6799533;0.20111294;9.624691;null;
-1.6364594;0.66589355;6.4891205;stairsdown;
3.3913867;0.5566519;8.780735;sit;
-3.9264907999999994;2.621651;8.273164;walk;
3.2992098;0.5374983;8.716091;sit;
-14.379944;0.12272644;7.4093323;stairsdown;
-2.4042969;-0.92344666;9.382660000000001;stairsup;
-3.830675;1.379043;13.177522;stairsdown;
-5.7510986;0.799942;8.061554;stand;
9.392822;0.9677582;3.9708862000000003;sit;
8.734048;0.78529817;4.223372;sit;
-4.9011383;0.15768433;7.555526700000001;walk;
-7.8040009999999995;-0.79208374;6.8914029999999995;stairsup;
-1.1683705;2.0973208;9.232041;stand;
-0.13407529999999998;0.10534488;9.375694000000001;null;
-4.137129;0.612908;7.967803999999999;null;
3.6679169999999996;0.60333884;8.695741;sit;
3.8977604;0.15322891;8.944737;sit;
-8.695741;2.7485435000000003;14.719551999999998;stairsdown;
-5.2863975;-0.39264908;5.506664;null;
5.104438;0.842759;8.0445175;sit;
-0.51714754;0.05746084;4.5394063;null;
-4.59681;0.153227;8.580712;walk;
-3.9360676;0.63206923;8.619126;stairsup;
-5.8226260000000005;3.06454;14.709792000000002;walk;
-3.06454;-0.612908;11.492025;stairsdown;
-4.6608887;0.8820648000000001;8.791138;stand;
-2.0375519;-1.1765136999999999;7.1639557;bike;
-4.9608154;1.9615631000000002;10.270538;stairsup;
2.6910827;-2.0302830000000003;7.0964136;bike;
-1.9913025000000002;-0.22956848;5.431244;walk;
-0.5928345;2.0520172;10.050353999999999;stand;
-2.411438;1.9437103;9.988464;stairsup;
-0.38200378;-0.8456421000000001;8.79689;null;
-1.4793549;-0.28030396;9.663345;stand;
5.2026005;0.5303157;6.9826894;null;
1.7280273000000002;0.49406433;10.809692;bike;
-2.9209259999999997;-0.79487497;9.097966;stand;
-5.2385135;-0.9576806999999999;7.4507556;stairsdown;
-2.5088654;-0.31124878;9.457443;stand;
-7.967056299999999;0.9194030999999999;4.6086273;stairsdown;
1.1426239;1.2966919;8.075638;bike;
-1.5245819;-0.33505250000000003;9.622879;stand;
0.5760956;-0.0053710938;10.356033;bike;
-2.451632;0.45968100000000006;10.266209;stand;
3.8491058;-0.11129761;8.98851;sit;
-4.238373;2.160324;10.772797;stairsdown;
-5.3307953;-0.8432617;5.306076;stairsup;
-2.9113130000000003;-1.225816;10.419436;bike;
-4.0773253;1.4556746;4.84347;walk;
-0.766135;-2.9113130000000003;9.346847;bike;
-2.145178;-0.306454;9.500074;stand;
-1.379043;-0.9193620000000001;5.8226260000000005;walk;
-1.5801731;0.26815059999999996;9.203311;stand;
5.094861;0.842759;7.9008656;sit;
-4.931061;5.66066;17.71872;stairsdown;
0.0;-3.217767;13.330748999999999;null;
-0.35314476;0.320823;9.466674000000001;sit;
-1.5210114;-0.39099120000000004;6.909256;walk;
4.0395355;-0.047027587999999995;9.001602;sit;
-5.048889;-0.035568237;7.84375;walk;
-2.4899697;-0.20111294;6.4068837;walk;
6.588761;0.306454;8.580712;bike;
-0.45968100000000006;-0.612908;11.032344;bike;
-5.9427185;1.030838;6.463135;stairsdown;
0.61530983;1.1587936;9.350553999999999;sit;
-4.064438;0.9646300999999999;6.3724823;walk;
-5.1762643;2.349909;7.253234;stairsdown;
-2.8155810000000003;0.8331822;6.540959;stairsdown;
-4.5002135999999995;0.64045715;9.076782000000001;stand;
0.443985;-0.6980590999999999;9.900192;null;
9.357117;0.92729187;4.050628700000001;sit;
5.056491;0.766135;7.967803999999999;null;
-3.3135752999999997;0.20111294;11.836933;stairsdown;
-2.9587555;1.4228516000000002;8.437453999999999;stairsup;
-1.9345150000000002;-0.6895300999999999;3.9456443999999995;stairsdown;
3.2573112999999996;3.549404;-0.03232172;stairsup;
-3.6966474000000002;5.267244;11.051635000000001;stairsup;
4.1299977;-1.2330139;10.556035000000001;stairsup;
9.147644;0.9760895;4.513611;sit;
-2.451632;2.298405;9.806528;null;
-0.076293945;-0.77705383;10.825165;bike;
8.084808;-0.5723419;20.151459;stairsdown;
-5.767761;-3.2907257000000003;7.347442599999999;stairsup;
2.1150055;-5.6420900000000005;10.854721000000001;walk;
-3.9811248999999997;-0.9598999;6.4879303;null;
5.293991;0.26123047;8.299392999999998;sit;
-2.911316;0.076309204;9.773041000000001;stand;
5.238052400000001;0.30526733;8.237503;sit;
5.056491;0.766135;8.887166;sit;
-5.0086699999999995;2.9113493;8.762777999999999;stairsup;
-4.5644836;0.8404083000000001;8.958953999999999;stairsdown;
3.9456443999999995;0.59376204;8.810661999999999;sit;
3.7741241000000003;-0.044647217;9.034927;sit;
-0.306454;-1.685497;8.733939;stairsdown;
-0.39050293;-0.07841492;8.880402;bike;
-0.45968100000000006;-0.153227;7.66135;stairsdown;
-5.8237;0.16200256;8.186523;stand;
-3.8235402;1.2653356000000002;9.396044999999999;stairsdown;
-4.8571014;0.20767212;9.18251;bike;
-3.923996;0.28503418;7.5709990000000005;walk;
-2.4133554;1.9153613999999999;8.7053175;stairsup;
0.392807;-0.7361449999999999;9.866867;sit;
-1.4281768999999997;-0.93847656;4.605057;walk;
-2.0744476;0.07080078;6.562912;null;
-3.9977875;-0.4493103;8.693344;walk;
-0.81999207;-1.576416;9.678818;sit;
0.5949707;1.8365936;10.207458500000001;stairsdown;
-2.0946808;0.23266602;7.6816864;stairsup;
7.929061999999999;-0.6480713;5.7976227;sit;
-0.43692017;2.13414;10.02417;stand;
-2.0685901999999996;0.02873042;9.040505;null;
5.443786599999999;0.68092346;8.645935;sit;
2.0410461;1.8175506999999997;8.772095;bike;
-1.9209136999999998;1.4359436;9.43483;stand;
-4.750037;-0.306454;8.887166;walk;
2.1799207000000003;1.3000516000000002;9.141062;stand;
-3.3076477;1.5557098;5.057525599999999;null;
-2.604859;-0.306454;11.032344;bike;
-4.750037;1.53227;10.72589;stairsdown;
1.4652513999999999;0.58418524;9.327810000000001;sit;
3.8402996;0.36391866;8.590396;sit;
-4.903264;0.612908;13.024295;stairsup;
-2.7304077;-1.3864288;11.271484;walk;
-2.9968414;-1.4764403999999998;9.188461;null;
-4.9023285;0.8836975;7.146103;walk;
-11.511322;-3.265691;9.595961;stairsdown;
-1.0534488000000002;-1.0247183000000002;8.724471000000001;null;
7.4315643;-1.1943665;6.480789;sit;
4.137129;0.612908;8.427485;bike;
4.0060425;0.389328;9.519531;sit;
8.887166;0.153227;5.8226260000000005;sit;
-2.8516388;-1.2705383;9.31105;stand;
-0.012023926;-0.6723175;8.445984;walk;
0.42715454;3.596878;6.75473;bike;
-0.51714754;-0.009576807;9.730036;stand;
0.90979666;1.1875241;8.916007;null;
-2.1482391;0.061279297;10.558365;stairsdown;
-10.132172;-3.0788727000000002;10.455017;stairsdown;
-0.6450348000000001;-0.61117554;9.738327;stand;
-7.086836999999999;-0.6607997;8.264783999999999;null;
-2.5953147;-0.17238252;9.873688000000001;bike;
8.274258;0.306454;5.516172;sit;
4.692635500000001;1.6472107;8.437167;null;
-5.303421;1.3859558;9.246780000000001;walk;
-0.45001220000000003;2.0615387;10.062256;stand;
-1.2210846000000002;0.010101318;6.818802000000001;walk;
3.8681487999999997;-0.10534668;9.061111;sit;
-0.029927522;3.4991257000000004;12.968193;walk;
3.7586517;-0.9515686;9.002792;sit;
-2.8885345;-0.55285645;9.383652;stand;
-3.9839516;-0.89064306;8.293514;bike;
7.0209966;-0.92176765;6.472724400000001;null;
-6.775680499999999;2.0703125;12.06395;stairsup;
-3.370994;3.06454;10.419436;stairsdown;
-1.1522217;1.0391693000000002;9.294586;bike;
-2.0281982;1.537857;7.1082152999999995;walk;
-3.169923;-0.59376204;3.1316159;null;
-1.0508881;-2.1096191;8.313675;bike;
-2.9113130000000003;0.0;9.500074;stand;
-8.1881695;0.33518824;4.223372;stairsup;
-3.5146879999999996;0.0;11.616667;walk;
-3.0696106;0.17390442;11.413116;walk;
5.209718;0.766135;8.733939;sit;
-0.26434326;-0.2855072;10.250305;stand;
0.10835266;0.96343994;9.643112;null;
-11.645252000000001;-0.153227;9.500074;stairsup;
-9.969456;-2.5570072999999995;9.691728999999999;walk;
-4.547821;1.0510712;8.967285;stand;
-3.6764373999999997;3.9079589999999995;12.77092;null;
-1.5888518999999999;-1.0979614;4.017105;walk;
-2.3750482;-1.6280571000000001;9.394848;null;
0.36526490000000006;2.7625580000000003;8.341248;null;
3.524221;0.306454;9.346847;sit;
-0.92895025;2.2026656000000004;9.11712;stand;
-1.7697601000000003;-3.3700256;14.715682999999999;stairsdown;
-1.072589;1.685497;4.290356;walk;
0.18690489999999998;-0.34457397;10.022781;bike;
-7.451706;-3.173645;12.90184;stairsdown;
-7.495742999999999;1.0776978000000002;7.19252;stairsup;
4.4501495;0.8515625;8.725479;sit;
-2.3898467999999995;-1.1229552999999999;8.949233999999999;stairsup;
-3.9537506000000002;-2.6249695;6.3582;null;
-0.12390137;-0.24861145;10.187225;stand;
-2.298405;1.225816;9.040393;walk;
-3.524221;0.9193620000000001;11.185571000000001;walk;
-2.4432828;2.72939;9.791088;stairsup;
-6.187729;0.23504639;7.499588;stand;
-4.673482;1.6089035;8.24563;stand;
-4.9512089999999995;2.0781669999999997;7.824250999999999;stand;
-0.6416321;-0.44618225;14.354065;stairsdown;
-7.580414;4.030105600000001;8.296020500000001;walk;
-3.1028854999999997;-1.2641385;8.963891;stand;
3.217767;0.612908;7.967803999999999;walk;
3.8498763999999994;0.22026655;8.63828;sit;
-3.4368765;0.130484;10.255563;walk;
-2.5091232999999997;-1.9440918000000003;7.374141000000001;bike;
3.8977604;0.22984336;8.954314;sit;
2.758086;0.766135;9.653300999999999;stand;
-2.8422852;-1.1864777;7.1236877000000005;stairsdown;
4.4882355;0.83013916;8.698105;sit;
-2.2672577;1.5716248;8.294632;walk;
-4.0318356;0.29688102;4.367024;stairsup;
-2.9148865;1.4116973999999998;12.061767999999999;bike;
-1.9237411;1.6436194;9.030928999999999;stairsdown;
-3.904953;0.22314453;7.5091095;stairsdown;
-0.9193620000000001;-2.758086;9.500074;bike;
-4.750037;2.298405;8.427485;stairsdown;
-2.451632;0.306454;8.887166;null;
-4.7453080000000005;-0.31004912;6.517017;stairsup;
-2.7018566;1.8183962;7.708132300000001;null;
-6.3972014999999995;-1.2288818000000001;13.176773;walk;
-3.0933087;-0.05746084;9.021352;stand;
-5.9080353;0.17791748;9.05159;stairsup;
-2.5258827;0.31004912;9.102755;stand;
0.07740784;0.011291503999999999;10.772598;stairsdown;
5.2768207;0.842759;8.207322999999999;sit;
3.7491302;-0.51119995;8.98732;sit;
-3.083732;-0.34476504;8.6095495;stand;
-5.8213196;0.7582855;7.5247803;stairsup;
-1.3060371000000002;1.4305356000000002;4.7524904999999995;walk;
-5.8226260000000005;0.9193620000000001;7.354896000000001;walk;
-1.9919509999999998;-0.45968100000000006;9.500074;stand;
4.903264;0.766135;8.733939;sit;
-2.9113130000000003;4.443583;13.024295;stairsdown;
-3.524221;-0.766135;8.121031;stairsup;
-3.169923;-1.5227122;10.237606;stairsup;
-4.7405194999999996;0.9864110999999999;6.6941880000000005;walk;
-6.6367273;-0.91937345;7.9391727;walk;
-1.043872;0.05746084;9.653421;bike;
-6.0699005;1.2800293;11.994919;stairsdown;
-0.7592926;-1.6061707;9.671677;sit;
-5.1417236;0.34291077;8.824463;walk;
-11.243805;-1.1876678;10.344330000000001;stairsup;
-5.3260345000000004;-0.51000977;6.3617706;null;
4.5382094;2.291251;7.7919292;null;
-5.899312999999999;0.51714754;7.431602000000001;stand;
-5.8403625;-0.14387512;7.9056396;null;
-3.217807;2.9209259999999997;9.634267999999999;null;
-5.401319;-0.10534488;7.920019;null;
-4.675003;1.900116;8.355331;stand;
-3.4528502999999997;0.87968445;9.687347;null;
-1.685497;1.8387240000000002;8.121031;walk;
-4.664291400000001;1.4204712;7.7340546;stairsdown;
-0.37349546;-1.0247183000000002;9.557653;stand;
-4.0701427;1.5131354;8.676587;stairsup;
-3.830675;-2.145178;10.572663;stairsup;
-5.975853;-0.612908;8.580712;bike;
-3.6403837;3.110068;7.856573;walk;
3.7636849999999997;0.5746084;8.954314;sit;
-5.209718;-1.8387240000000002;6.282307;stairsup;
-1.8804473999999998;1.3407288;9.0420685;stand;
-7.606598;1.1724701000000002;6.426239;stairsup;
-2.087744;-0.8619126;12.660539;stairsdown;
10.05445;4.064157499999999;12.093113;walk;
-1.6247253000000001;2.8375397;7.730682400000001;null;
-0.7086836999999999;-1.6184803;9.337387;null;
7.867172200000001;-0.6742554000000001;5.789291400000001;sit;
-2.3008277;-0.4333505;13.396754999999999;stairsup;
-0.21078491;0.12748718;10.366943;bike;
-0.8331822;3.1316159;11.789049;walk;
-5.7439575;-0.24861145;8.334106;null;
-1.3117065;-0.5759125;8.10202;bike;
9.164474499999999;0.43618774;3.5160370000000003;sit;
-6.3589997;-0.60333884;11.741164999999999;walk;
-5.430049400000001;-1.7621324;10.180145;walk;
-0.14294434;-0.33906555;10.941803;stairsdown;
0.08738836;-1.8722657;8.10557;bike;
-0.6688385;-4.054382299999999;9.212264999999999;bike;
-2.145178;0.306454;9.806528;stand;
-2.135628;0.89064306;8.341399000000001;walk;
-1.9829712;-0.08079529;10.069397;stand;
-1.072589;0.45968100000000006;11.798478999999999;stairsdown;
-0.32920274;0.29927522;9.5013895;sit;
-3.606865;-0.2669535;10.554838;bike;
-3.7787933;-1.1408081;9.124191;null;
-0.95703125;1.9210968000000002;10.205078;stand;
-2.758086;-0.153227;11.492025;bike;
9.12384;1.1700897;3.6650085;sit;
-2.9113130000000003;2.145178;11.798478999999999;stairsdown;
-1.9805907999999999;-1.3959503;10.139617999999999;bike;
-0.8664093;3.8960571;8.045883;bike;
-2.0757727999999998;0.24061728;9.1255;stand;
-6.8665705;-0.047884032;11.894394;walk;
-2.7964275;1.5227122;8.159439;stairsdown;
0.0;-1.685497;5.209718;walk;
-1.404541;-0.7211151;9.969421;bike;
7.1730285;-0.2825158;6.366182299999999;sit;
-1.6067046999999999;-1.2741089;9.540756;stairsup;
3.7636849999999997;0.11492168;8.791509;sit;
4.040558;-0.13316345;9.520721;null;
-2.9783869;-1.1587936;9.442732000000001;stand;
-2.6054382;2.4281158;9.531433;stairsup;
-0.22030639999999999;-0.7615814000000001;10.2717285;null;
-3.3681793;0.315979;8.60408;stairsup;
-2.4138184;0.1429596;5.618103;walk;
4.5761414;1.6473541;9.031555;sit;
-5.7878264999999995;0.26956177;8.005417;stand;
-4.510676;-0.22026655;4.453215;stairsdown;
-4.501099;0.2777274;8.580819;walk;
-1.6318665;-0.30693054;11.961791999999999;walk;
-1.5382746;-0.7158663000000001;6.95755;null;
0.14151001;2.77565;12.421204;walk;
4.700088500000001;0.8694153;8.565994;sit;
-1.7758789000000001;3.4647675000000002;10.353850999999999;stairsup;
-3.217767;0.306454;9.346847;stand;
-7.453064;3.570694;9.304108;stairsup;
7.814577000000001;-0.766135;6.588761;sit;
1.8291931000000001;-1.5244904;10.421692;bike;
9.175186;0.41476440000000003;3.6267242;sit;
-0.4583435;-0.24385071;10.231262;stand;
-4.367024;-2.4708161;8.810661999999999;walk;
-3.9839516;-0.59376204;10.1226845;stairsup;
4.9895163;0.51834464;8.1558485;bike;
0.49397278;-0.8111267;9.833542;null;
8.03006;-0.2855072;6.426239;sit;
-0.562912;-0.67663574;9.602646;stand;
-2.6302642999999994;-1.2134094;9.11467;stand;
-3.9360676;-1.9919758;12.095507000000001;stairsup;
-2.96881;1.4460978999999998;9.059659;null;
-1.7520752;0.73091125;10.837067;bike;
-4.9999237;3.5509032999999994;8.430313;walk;
-3.2752678;2.7389667;9.854534;walk;
-1.0151415000000001;2.2409727999999998;9.433155000000001;stand;
-4.4799805;1.8627776999999999;8.734009;stairsup;
-2.6431987;-0.12449849;9.299078999999999;stand;
4.0774536;0.44050598;9.481444999999999;sit;
-3.4189199999999995;0.641646;7.144297999999999;walk;
0.33329773;-0.7611389000000001;9.816879;sit;
-2.0174866000000002;0.57618713;7.656891000000001;stairsdown;
-2.298405;-3.6774480000000005;11.645252000000001;stairsup;
-1.9728221999999997;1.7429788;9.11712;stand;
-4.676193;0.18148804;10.798782000000001;null;
-5.201065;0.57662964;6.5069733;stairsup;
-4.2562256;-2.8408356;10.524047999999999;stairsup;
-1.072589;-0.153227;9.653300999999999;stand;
-5.516172;1.9919509999999998;8.427485;stairsdown;
-0.7404175000000001;-1.1924286;10.019409;sit;
-2.2971802;0.13343811;9.96347;stand;
-2.4492682999999995;0.2908955;9.114726;stand;
1.2936096000000001;1.1129608;10.109863;null;
3.9647980000000005;-0.20111294;8.916007;sit;
0.153227;-0.766135;11.185571000000001;bike;
1.8387240000000002;0.0;9.806528;sit;
-0.9141845999999999;2.0008392;12.361694;null;
-4.9166107000000006;1.6537476000000002;10.827347;stairsdown;
-2.1387177000000004;2.0834045;9.208694;bike;
-1.9234619;4.933456400000001;14.017242000000001;walk;
-0.306454;0.306454;6.588761;stairsdown;
-4.4333954;0.8694153;8.698105;stand;
0.7770691;0.37861633;10.252686;null;
-6.924031299999999;-1.3120226000000001;3.371036;stairsup;
1.6065093000000001;0.42257659999999997;9.343372;sit;
-4.750037;1.225816;9.346847;stairsup;
-6.0046577;-0.47884035;6.2057709999999995;stairsdown;
-5.709442;-1.4280853;7.2046204;stairsdown;
-3.524221;3.06454;9.040393;stairsdown;
-5.8801594;-0.51714754;15.705963;walk;
-5.664215;0.19651794;8.306732;stand;
9.436859;1.0046539;3.9387512000000005;sit;
-8.721634;3.3961792;7.3305817;walk;
-5.593994;-0.37834167;8.685211;stairsdown;
-3.7980042000000003;-0.5247345;5.2122498;walk;
-9.998186;1.4939818;12.124236999999999;stairsup;
-4.244155999999999;-0.28149414;9.889481;stairsdown;
-0.6880493000000001;2.0079803;9.965850999999999;stand;
5.0757074;0.92895025;7.929596000000001;sit;
-2.6048915;-0.1436521;9.327810000000001;null;
-2.2601264;2.0207062;9.346964;stand;
-3.0301666000000003;-0.38146973;11.29509;stairsdown;
-3.2680852000000002;0.35434186;8.893262;stand;
-4.616683999999999;-1.9227599999999998;13.827805;stairsup;
-7.978958;2.645172;6.846176;walk;
-0.332016;0.63494873;11.155838000000001;null;
-2.9113493;-0.9672575000000001;9.356541;stand;
-1.8878279999999998;1.3970166000000002;9.241617999999999;bike;
-2.604859;0.153227;9.653300999999999;stairsup;
-3.2632967999999996;0.39384618;8.901641999999999;stand;
-5.4647654999999995;-0.46447513;6.5601125;walk;
-5.458145;2.0619812;8.047073;stand;
-5.500992;2.3988037;10.459579;walk;
-1.9137726000000002;2.6404113999999996;13.587387;walk;
-4.046584999999999;0.54211426;9.015884;bike;
-5.315128;1.0247183000000002;7.996633500000001;null;
-6.133945;1.292869;7.850587400000001;stairsup;
-1.53227;1.225816;9.653300999999999;stand;
-2.8323407000000005;-1.6089035;5.7125654;stairsdown;
-4.7967830000000005;-0.27892449999999996;7.132327;stairsup;
-4.721366000000001;0.9576806999999999;8.513782;stand;
-2.9220276000000003;-2.4349822999999997;9.699249;null;
-7.814577000000001;2.604859;13.330748999999999;stairsdown;
-3.2146453999999998;0.7849121;5.434616;stairsup;
-4.137129;0.0;8.580712;bike;
-3.9360676;0.40222588;5.401319;null;
-3.2944214;0.9768343;11.051635000000001;walk;
0.18809510000000002;-0.57547;13.790909;walk;
4.654693599999999;1.5985565000000002;9.050597999999999;sit;
0.8962555;-0.8634949000000001;13.696883999999999;bike;
-2.7772740000000002;1.9632453999999997;8.858546;stairsup;
-4.344299299999999;0.12986755;7.690216;stairsdown;
-3.3997664;0.076614454;8.839393;null;
-1.53227;0.306454;6.895214999999999;stairsdown;
3.8881836000000005;0.19153613;8.647857;sit;
-8.887166;0.9193620000000001;12.871068;walk;
4.338293599999999;1.2545617;8.322245;sit;
-1.2105408000000002;-0.06175232;10.127716;null;
1.4007263;0.20603943;10.128906;sit;
-0.8619126;-0.019153614;9.77792;stand;
9.14585;1.043872;3.2561142000000003;sit;
-0.32441434;0.2908955;9.53012;sit;
0.22026655;-0.4309563;9.500193;sit;
-3.370994;0.306454;9.346847;stand;
-8.878897;7.2209125;12.917914999999999;walk;
6.12908;-0.45968100000000006;7.967803999999999;stand;
0.30645782;-0.46926352;9.471461999999999;sit;
-2.0494366000000004;0.16280572;6.38773;null;
-8.160637;1.400608;6.837839999999999;stairsdown;
-5.131012;-2.6539764;9.757568;stairsup;
3.8690300000000004;0.0;8.983044999999999;sit;
-4.3000945999999995;-2.4880980999999998;10.534561;walk;
-2.2138672;-0.22599792;9.586182;stairsdown;
-2.145178;0.9193620000000001;9.500074;null;
4.443583;1.53227;8.887166;null;
-3.8384705;1.8651581000000002;11.273864999999999;walk;
2.5785553;0.8882488000000002;9.001000999999999;stand;
-1.4759521;0.30006409999999994;10.171753;stand;
-5.795165;0.9947908000000001;11.739968;stairsdown;
-2.145178;2.145178;8.733939;bike;
8.90643;0.8379706;3.6499605;sit;
-0.23942018;1.1779473;10.611102;bike;
3.9935283999999998;0.25857377;8.935161;sit;
8.973467999999999;0.6895300999999999;3.7732617999999993;sit;
-1.3496246;-2.1917419999999996;12.77449;walk;
-1.4556746;0.007182605;9.3026705;stand;
-6.5128174;0.20722961;14.423096;walk;
4.9069166;-0.50996494;6.646304;stairsdown;
-2.1164744;-0.39264908;3.1603463;stairsdown;
-8.713303;-0.79208374;8.6017;walk;
-2.298405;1.379043;9.653300999999999;bike;
-4.964218;0.17077637;6.6890717;stairsup;
0.24029541;2.7125702;9.698058999999999;bike;
-2.2851105;0.36239624;7.0163727;walk;
-0.38693237;0.3488617;10.7846985;null;
-1.7769012;1.9060669;7.9470979999999996;bike;
-0.6297302;2.2852936;12.167694000000001;null;
-0.7290344;2.4253263;8.771158;null;
-2.4445952999999996;0.56829834;8.235123;stairsdown;
-4.175488;-0.61291564;8.973467999999999;stairsdown;
-1.6567876;1.5227122;13.072341;null;
1.0497893999999999;-0.9765625;12.219864;bike;
0.31306458;-0.755188;9.821639999999999;sit;
-2.3114624;1.6080780000000001;8.504303;null;
-6.028412;1.2712555;4.779022;stairsdown;
-3.2393548;1.4460978999999998;8.732851;bike;
-1.340753;-1.541866;9.624691;null;
3.8217315999999997;-0.5231018;9.05397;sit;
-0.8152313;-1.7739868000000003;9.864486999999999;sit;
-0.45010993;0.23942018;9.337387;null;
-4.2293572;1.5275006000000002;8.437167;null;
-3.217767;1.53227;6.741988;stairsup;
-1.4281768999999997;-0.96585083;9.289627000000001;bike;
-1.2737153;1.0821792;9.911995;walk;
-4.9512089999999995;-1.8866308999999997;8.025364;stairsdown;
-0.9402008;-3.1807861;8.47316;bike;
-0.9576806999999999;-0.26815059999999996;9.959878999999999;walk;
1.3934253;0.20111294;9.3733;sit;
-2.3067017000000005;1.3652802;4.750458;walk;
-8.314589999999999;-2.5178528;8.087539999999999;walk;
6.282307;0.766135;8.427485;stairsdown;
5.362945;0.153227;8.580712;bike;
-5.2385135;0.78529817;5.7939680000000005;stairsup;
-5.5258174;1.6184803;12.152967;stairsdown;
4.472595;1.5961761;9.117249000000001;sit;
0.21427917;-0.8706360000000001;11.046341;bike;
-4.137129;-0.153227;8.274258;walk;
-8.6574335;1.2545617;7.077260000000001;walk;
-4.676361;1.0796356000000003;8.939911;stand;
8.006210000000001;0.34476504;5.334281400000001;sit;
-1.3795471000000001;-1.0960236;7.226043700000001;walk;
-5.8885393;-0.9612719999999999;8.919599;null;
5.094861;0.89064306;7.920019;sit;
-1.9536686;0.009576807;9.251195;stand;
-0.17238252;1.0534488000000002;9.5385;bike;
-3.0933087;1.5095441;6.229712999999999;walk;
-1.8387240000000002;2.145178;9.19362;null;
1.8291701;-1.5897499;10.28549;null;
-6.14386;2.2864838;6.5892944;stairsup;
-2.2293396;-0.6151886;10.161041;stairsup;
-4.9094695999999995;0.7289734;7.121109;bike;
-10.225006;0.33457947;5.114654499999999;walk;
-1.4948273;3.394989;7.805465700000001;bike;
-1.401805;-3.6284127;3.5266589999999995;bike;
-5.7261047;-0.06175232;10.371704;walk;
1.3340758999999998;-3.9322357000000006;14.461182;stairsdown;
8.977058999999999;0.17836803;4.074930999999999;sit;
-0.92370605;0.6380768;10.960846;stairsdown;
-4.1946416;1.3024458;3.8786068;stairsdown;
-0.8331822;-1.4556746;5.544971;stairsdown;
5.7879825;-0.7266402;7.5213847000000005;stand;
-1.91156;1.2700653;10.126526;stairsup;
-2.7589722;4.3681183;12.678284;walk;
4.452362;1.5807037;9.099396;sit;
-0.29688102;-2.0111293999999997;8.0445175;bike;
-2.185135;-0.92300415;11.449814;stairsup;
-1.6472107;-1.1683705;9.902417999999999;bike;
-0.612908;4.443583;13.024295;walk;
-1.2115631000000002;-0.08868408;7.441269;null;
-3.8786068;1.0726023999999998;5.0374002;stairsdown;
-3.9647980000000005;1.2066777;3.8115692;stairsup;
-1.3164673;-0.220047;11.62854;stairsdown;
-0.98916626;0.14653015;10.21579;stand;
-4.757126;0.23861694;8.355331;bike;
9.316818;0.44213867;3.4791412000000004;sit;
1.685518;0.6512229;9.279925;sit;
4.59681;-0.9193620000000001;5.209718;stairsdown;
-2.3374786;-0.7635193;9.603836;stairsup;
-0.50476074;2.0972443;10.08844;stand;
3.9995138999999997;1.6160861;8.415619;sit;
-2.386444;0.28578186;10.046783;stairsdown;
-1.9919509999999998;1.8387240000000002;8.580712;bike;
-1.5222015;0.000579834;13.082747999999999;walk;
-2.5790862999999997;-1.0598755;9.408646000000001;stand;
-4.290356;-1.685497;12.871068;walk;
-0.39264908;-0.9672575000000001;6.837839999999999;stairsdown;
-0.89184016;2.1679497000000003;9.545682000000001;bike;
1.746048;0.08270264;9.789505;sit;
0.612908;-1.53227;9.346847;bike;
1.0534488000000002;0.22984336;9.021352;bike;
-5.056491;-0.9193620000000001;9.806528;stairsup;
-5.412918;0.13864136;8.470778999999999;bike;
-7.843445;-0.50450134;7.888977000000001;stairsup;
-0.45968100000000006;-1.8387240000000002;9.806528;sit;
-0.142455;-1.1025299;8.785523;walk;
-1.1865691999999999;-0.33267212;9.989456;null;
-1.6935883000000003;-0.48382568;7.618606599999999;stairsup;
-3.5502777;0.48617554;8.244644000000001;stairsup;
-0.24301147;-3.702633;7.702147;bike;
-1.5495758;-0.5659485;9.538376;stand;
-1.9955671000000001;0.08738836;7.644686;stairsdown;
-2.8506165;-1.0984038999999999;9.598083500000001;stand;
2.3427265;-1.3227965;8.810661999999999;null;
-1.6842346000000001;0.18818665;9.06012;walk;
7.8445587;-0.84088135;5.972580000000001;sit;
-0.9284667999999999;0.99513245;9.0625;bike;
-0.37708676;0.32561144;9.36492;sit;
-9.442732000000001;1.4460978999999998;5.056554;walk;
0.23672485;0.23936462;10.9001465;stairsdown;
0.8534088;2.8867798;9.238449000000001;null;
-2.6244812;-0.8437041999999999;9.774231;stand;
-9.345291;2.1679077;7.175857499999999;walk;
0.34757996;-0.75042725;9.791885;sit;
-1.8364105;-0.59213257;6.720016499999999;walk;
0.27533320000000006;0.20470424;8.944737;bike;
-0.6607997;5.851429;4.596867;stairsdown;
-1.3866882;0.038223267000000005;10.164612;stand;
-5.4950410000000005;-0.69091797;6.478409;null;
-2.320984;0.5785675;8.93396;null;
-1.5699768;0.13819885;10.320526;stand;
-2.8155810000000003;-1.2449848999999997;9.337387;stand;
9.308656;1.2066777;3.5529952000000007;sit;
-1.379043;2.145178;9.653300999999999;stand;
4.586853;1.5973663;9.031555;sit;
-2.4898224;-0.9289550999999999;9.439589999999999;stand;
-1.3676453000000002;-0.88179016;7.4557495;null;
9.11712;1.3024458;3.3518825;sit;
-1.8734741000000001;-2.1267242000000004;12.083191000000001;stairsup;
0.91275024;0.5523834;11.444061;null;
-6.681655999999999;2.8415527000000003;13.689743;walk;
4.232949;1.7609352999999999;8.291121;null;
-1.6104431000000001;0.08583069;8.463837;stairsdown;
-4.701355;-3.3097687000000007;7.3795776;stairsdown;
-0.612908;3.830675;3.9839019999999996;stairsup;
-3.3973722;-1.2389994;11.660959;walk;
-1.7381904;0.59256494;9.902417999999999;bike;
1.3888245000000001;2.736374;9.800415;bike;
0.90500826;1.043872;9.384072999999999;sit;
-1.8899689;-0.36361694;9.75618;stairsup;
-1.661576;-0.63087213;4.6459484;null;
-6.982773;1.5394896999999998;6.543869;stairsdown;
-9.0979;0.59046936;6.990386999999999;walk;
0.39264908;-0.5650316;9.730036;walk;
8.848969;0.78529817;4.4149080000000005;sit;
-1.4257965;0.6956482;4.8907013;walk;
-2.2732944;0.39145198;9.184157;stand;
-5.8199615;-0.620697;5.297744799999999;walk;
-4.137129;0.612908;8.580712;stand;
-6.111725;1.0225066999999999;8.090117999999999;stand;
-0.94810385;-0.45010993;10.084377;bike;
1.5675201;0.2826538;9.737136999999999;sit;
-2.469757;3.3457489999999996;8.657836999999999;bike;
-1.442627;0.16081238;10.15271;stand;
-1.6950948000000001;2.432509;9.576807;stairsup;
-1.3151093;-0.5385741999999999;10.279861;bike;
-5.3474580000000005;-0.83969116;14.662125;walk;
-3.0166939999999998;-0.009576807;9.011775;stand;
-2.1068976000000004;2.2697031;9.270349000000001;stand;
-3.6774480000000005;-1.379043;12.25816;walk;
-6.895214999999999;-3.524221;10.112982;walk;
-2.8766334;2.0506337;5.543774;stairsdown;
1.5937042;-0.014892578;9.750229;sit;
3.6774480000000005;0.45968100000000006;9.500074;sit;
-3.687149;-1.5347594999999998;8.431503;stairsdown;
-0.4345476;0.36032736;9.471461999999999;sit;
-2.0482395;0.80205756;5.7005944;walk;
-2.2984335;-0.02873042;9.452309;stand;
-0.25857377;0.9576806999999999;11.032481;walk;
-3.169923;2.837129;9.919178;stairsdown;
-8.087264999999999;-1.0741577;11.5759735;stairsup;
-1.7173919999999998;-0.24221802;11.142746;walk;
-3.1564941;0.7666168000000001;9.70401;null;
1.9800048;-0.4321534000000001;12.445061;walk;
-5.600967400000001;0.89797974;5.526260400000001;stairsdown;
-0.020355225;0.58332825;13.150787;stairsdown;
-5.115371700000001;-0.49215698;5.319168;stairsup;
-2.73143;0.61590576;7.1639557;stairsup;
-8.184579;-0.58777654;8.222886;stairsup;
8.453934;-0.06964111;4.727646;sit;
-5.5332947;-2.433792;8.174622;walk;
5.1235914000000005;0.90979666;7.824250999999999;sit;
-3.527856;2.3355439;6.491878;stairsup;
-3.217767;0.153227;9.500074;stand;
-1.6184803;4.0545807;8.973467999999999;bike;
3.7979279000000004;-0.063690186;9.05397;sit;
-0.57141113;-3.5335236000000005;9.680206;bike;
-0.612908;1.072589;8.580712;null;
7.354896000000001;-0.45968100000000006;6.741988;sit;
-0.9193620000000001;1.685497;9.806528;bike;
0.26815059999999996;-0.45968673;9.471461999999999;sit;
4.619155999999999;0.8337097;8.637405000000001;sit;
5.8215012999999995;-0.33758244;7.540538300000001;null;
0.4511261;-1.4050293;7.954239;stairsdown;
-2.2409727999999998;-0.18195933;8.418014;walk;
-0.36391866;-1.0642227;9.089587;bike;
-2.145178;-0.766135;9.653300999999999;bike;
-4.265747;-1.156723;13.924407999999998;stairsup;
-1.1587936;0.82360536;9.595961;bike;
-0.9592438;-0.92300415;5.108505200000001;null;
-3.853775;-0.5480957;6.653366;walk;
3.3818099999999998;0.49320555;8.6813755;sit;
-2.145178;1.685497;10.112982;bike;
7.826706;-0.8634949000000001;5.9487762;sit;
-1.2355346999999999;-1.4875946000000002;10.570464999999999;null;
-1.7294616999999999;-0.80918884;10.127716;stand;
-6.7423553;-3.5152282999999995;13.150589000000002;null;
-2.0075380000000003;0.34117374;9.156625;stand;
-0.37349546;0.45010993;9.11712;bike;
-1.8387240000000002;0.45968100000000006;6.588761;null;
-3.9647980000000005;1.283292;8.121132000000001;stairsup;
-2.21846;-3.5330809999999997;11.664047;null;
-1.7971343999999998;0.4647522;9.578842;bike;
-2.4612580000000004;2.2131347999999997;8.400558;bike;
-3.4764862;1.5061646;6.4367523;null;
5.362945;0.45968100000000006;9.500074;bike;
-7.4986396;-2.6144682999999995;11.425131;walk;
-1.8328400000000002;1.6156616000000001;8.614792;stairsup;
-3.6379894999999998;2.2589292999999997;7.1191587;stairsup;
-10.350997999999999;-1.9775085;9.683578500000001;walk;
-3.038498;0.2588501;9.172989;null;
-0.91044617;-0.7730408000000001;8.624313;bike;
-6.588761;-1.225816;6.12908;walk;
-1.9877319;1.7056732;9.792084;stand;
0.0;0.45968100000000006;9.959755;sit;
-0.78769237;-2.7844564999999997;7.483077499999999;bike;
-3.5502777;0.36239624;9.341994999999999;null;
3.6774480000000005;-0.45968100000000006;9.346847;sit;
4.421584999999999;0.8253784;8.675491000000001;sit;
-4.5202527;-0.31603462;10.400413;null;
-11.332901;-0.9539489999999999;5.13945;stairsup;
-3.5625722;1.8291701;12.172121;stairsup;
-0.17238252;1.2449848999999997;10.026916499999999;bike;
-2.4636383;1.4633178999999998;7.006850999999999;walk;
-2.969635;2.2245939999999997;9.262450999999999;stairsdown;
-0.7086836999999999;-0.59376204;9.289502;null;
0.20111294;-0.5267244000000001;9.471461999999999;sit;
-7.6710224;-1.1875241;9.394848;null;
0.31603462;-0.49799395;9.414000999999999;sit;
5.248090299999999;0.81402856;8.226477000000001;sit;
-2.758086;0.0;9.653300999999999;null;
-0.65242;-0.6847416999999999;9.212888000000001;bike;
-2.451632;1.9919509999999998;9.806528;stairsup;
-1.8387240000000002;0.0;9.500074;stand;
-2.2995605;0.39527893;11.483336999999999;bike;
-1.4137761999999998;-0.36391866;6.4044894999999995;walk;
-5.1976624000000005;1.0867767;5.878753700000001;stairsup;
-5.643814;-0.5088196;9.521713;walk;
-2.1930888;0.06703765;9.279925;walk;
5.7377043;-0.8391677;7.520187400000001;stand;
-6.5218053;0.1436521;7.2975270000000005;stand;
-2.3638306;-1.4697418;4.7683105;stairsdown;
-2.5079262000000004;1.9105729999999999;8.9998045;stand;
-4.290356;0.45968100000000006;8.580712;stand;
6.282307;-0.45968100000000006;7.967803999999999;stand;
-5.5162406;0.842759;7.3645644;stairsup;
-3.764882;2.0506337;9.78989;stairsdown;
-0.41073608;-0.28431702;10.2717285;stand;
-1.685518;-0.641646;9.835381;bike;
-4.876989;-1.2294226000000001;8.169016000000001;stairsup;
3.1196449;0.47046062;8.883685;sit;
-0.59376204;0.2777274;9.979032499999999;stairsdown;
-1.4460978999999998;1.484405;10.936713000000001;walk;
1.9081788;-3.5829230000000005;6.999449;bike;
-3.4476504;0.9672575000000001;8.935161;bike;
0.12739563;0.36358643;11.796158;walk;
-7.238662700000001;0.30883790000000005;8.824264999999999;walk;
-0.6368576;-0.91219085;8.53892;null;
-1.2033996999999999;0.4976349;6.8392334;walk;
-7.9325410000000005;1.9441528000000001;7.615036;stairsdown;
-4.596867;0.35434186;9.758766;stairsup;
-0.7842865;-0.75161743;9.05278;bike;
-10.572663;-1.225816;10.112982;walk;
5.222580000000001;0.22552489999999997;8.192276;sit;
-1.685497;1.379043;9.500074;stand;
-3.6774480000000005;0.766135;9.040393;stairsup;
-5.3583374;-0.61994934;8.626892;bike;
-0.6071167;-1.8482207999999998;10.21698;sit;
1.4496917999999999;0.10055542;9.794266;sit;
-4.290356;-0.612908;9.806528;bike;
-6.2763995999999995;1.8291701;8.979453;stairsdown;
-5.925888;0.051757813;9.518142999999998;bike;
-3.265691;3.2956185;9.200917;bike;
-0.60575867;0.1921997;8.725479;bike;
-3.6028137000000005;1.9579925999999999;9.921814;walk;
4.8901567;-0.7302314999999999;9.056067;bike;
0.0;0.45968100000000006;7.354896000000001;stairsdown;
-3.8075256;-2.6337433;9.186278999999999;null;
7.933655;-0.1950531;6.579772999999999;sit;
-3.3135752999999997;-0.009576807;8.724471000000001;stand;
-3.9109285000000003;-0.04070143;7.0904284;stairsup;
-5.8461456;1.8644104;8.779036999999999;walk;
-1.9685211;-3.0653381;12.854233;stairsup;
-2.451632;1.8387240000000002;9.346847;bike;
-1.0534488000000002;-0.8619126;9.969456;bike;
4.098873;1.6807296000000003;8.433575999999999;sit;
-2.8932952999999997;0.6397095;9.219406;null;
1.9567108;0.7503966999999999;10.761887;bike;
7.66135;-0.306454;6.588761;sit;
-0.8521271;-0.45526123;9.713333;stairsdown;
-1.9817810000000002;-1.747055;9.299347000000001;stairsup;
-5.2726440000000006;0.70591736;8.897064;stand;
6.282307;-1.225816;7.66135;stand;
-11.630447;-1.2276917;12.928024;stairsdown;
-6.12908;-4.137129;12.717841;null;
0.26815059999999996;-0.36391866;9.433155000000001;sit;
-4.5192566;4.044388;12.291473;walk;
-2.559021;1.8187408;10.931091;stairsdown;
-4.070389;-0.9456177;10.223923;stairsdown;
-5.1666875;2.2529437999999997;7.691373;null;
-9.548077000000001;2.5474305;9.739613;walk;
1.2616425;0.36001587;9.607407;bike;
-1.7717092;1.283292;9.624691;bike;
-1.9919509999999998;0.612908;9.806528;stairsdown;
-5.018246700000001;0.009576807;6.2249246;stairsdown;
-3.9610595999999996;1.5592803999999998;10.194366;stairsup;
-2.5198972;1.9871874;8.953117;stand;
-2.7581203;-1.484405;9.212888000000001;bike;
-5.094861;-2.4133554;8.207322999999999;null;
-3.6774480000000005;0.612908;11.185571000000001;walk;
3.9989013999999994;-0.12721252;9.502869;sit;
-3.8264008;-3.2748107999999996;5.1215972999999995;stairsup;
1.214035;0.1434021;12.313889;bike;
-6.181946;0.3393402;7.909210000000001;stand;
-1.4533386000000001;-2.0636444;9.38623;bike;
-1.6412201000000002;-1.0432129;7.3877106;bike;
-1.7717092;-0.5746084;4.941632299999999;walk;
-6.588761;2.145178;8.887166;walk;
-7.929138000000001;-1.7637177;10.864441000000001;walk;
-1.9054413000000001;0.8265686;5.760726999999999;walk;
-4.6190643;0.9098815999999998;8.655258;stand;
-0.31603462;-1.3024458;12.698846000000001;walk;
-2.5378537;0.13407529999999998;10.381259;stairsdown;
-3.4826050000000004;3.2779083;10.477631;null;
3.3028011;0.19632454;8.866926;sit;
-3.370994;0.306454;9.19362;stand;
-1.1300632;3.7924154000000003;7.067683000000001;bike;
4.290356;1.379043;8.887166;sit;
-1.4819031;2.422165;9.945618;bike;
-2.2026656000000004;1.4077905000000002;6.6941880000000005;null;
-6.029602;-2.6289825;8.247223;stairsup;
7.8421783;-0.71710205;6.080887000000001;sit;
1.4496917999999999;0.25408936;10.803543;walk;
-1.340753;0.51954174;9.348161;stand;
-3.3195608;3.6846763999999994;9.725247;bike;
-4.707138;-0.88848877;9.414597;null;
-1.5131354;1.8483237000000001;12.899958999999999;walk;
-1.9698792;1.7270966;9.838500999999999;stand;
-6.0425262;-2.5856934;9.716904;walk;
-3.6752472000000003;-2.6011658;10.039444;walk;
-4.137129;-1.53227;4.750037;null;
-3.2279053;0.20603943;8.731628;null;
0.7451019;-0.23864746;9.896622;bike;
-6.3662567;0.809906;9.081344999999999;stairsdown;
1.6151276;0.18386841;9.749039;sit;
5.1235914000000005;0.80445176;7.891288799999999;sit;
-4.2042184;1.1683705;6.8665705;walk;
-2.8491;-1.2389994;8.453926;stairsup;
-1.13964;-0.2777274;5.947197;walk;
-0.71899414;2.1900787;10.057495;stand;
-0.15322891;2.7389667;7.987056699999999;bike;
-0.19273324;2.0219033;8.027759;bike;
-6.588761;-0.9193620000000001;7.201669;walk;
5.2594757;0.24099731;8.21846;sit;
-0.60333884;-0.2873042;9.528922999999999;stand;
-0.6450348000000001;1.2776489;9.987076;null;
9.257141;0.7951813;3.9946900000000003;sit;
-4.4723687000000005;-0.45968673;8.207322999999999;stairsup;
-1.379043;-0.766135;12.411387;stairsdown;
-6.4380083;-0.50517654;8.828619;walk;
9.250167999999999;-0.09820557;3.3910675;sit;
-7.028;-0.69924927;13.048233;walk;
1.5591888;-0.004180908;9.776413;sit;
-4.595428500000001;0.6963959;9.108917;stand;
-3.8823394999999996;-0.20056152;5.5155487;walk;
-6.0710907;0.5444945999999999;7.6947784;stand;
-1.5745697;-1.8346863000000002;9.37532;stairsup;
-7.1803436000000005;-1.7585144;7.801895;null;
-2.1930888;-0.17238252;9.442732000000001;stand;
-1.225816;1.8387240000000002;9.653300999999999;bike;
-2.6243133999999997;0.33978270000000005;9.75737;stairsup;
7.570816000000001;-0.90515137;5.854751599999999;sit;
-3.6631286;0.32800564;8.811859;stand;
-4.9895163;2.1930888;7.921216499999999;stand;
0.020350715;-0.50038815;8.655039;bike;
2.0302830000000003;-2.3750482;7.431602000000001;bike;
-4.2664676;1.5334862;4.855441000000001;stairsup;
-5.209783;-1.8100165000000001;6.1195793;stairsup;
3.8498763999999994;0.36391866;8.63828;sit;
-1.5514427;0.4213795;7.8146744;null;
-4.002548;1.3014526000000002;8.344619999999999;null;
0.306454;-2.604859;8.274258;bike;
-1.2010193;1.5092926000000002;9.919433999999999;stand;
-3.091034;0.79756165;7.7068787;bike;
-3.083732;-1.091756;9.050082000000002;stand;
5.161899;0.94810385;7.9008656;sit;
0.612908;-0.9193620000000001;9.959755;sit;
-4.6716003;-1.2328948999999998;8.99704;null;
-5.1583076;2.9819782000000004;12.531252;walk;
-3.74094;4.7548847;8.670602;stairsdown;
-1.5604552999999999;0.8844451999999999;10.453827;null;
-6.6746826;-2.7706146;9.076782000000001;null;
-5.7843914000000005;1.3694833999999998;9.107543;bike;
-1.9578093999999997;-1.8418273999999997;10.26915;bike;
-0.62249243;0.047884032;8.762777999999999;bike;
-5.975853;-0.766135;8.274258;stairsup;
3.2190042;0.5363011999999999;8.895657;sit;
-1.3819275;-1.7791901;11.909424000000001;stairsup;
-0.60575867;-0.0018005370999999999;6.629562400000001;null;
-2.0207062;2.0207062;7.5082164;stairsdown;
-0.612908;1.685497;13.483976;walk;
-5.7747345;-0.31481934;9.520522999999999;bike;
-1.733402;2.9113493;8.446744;stairsup;
-4.903264;1.072589;8.274258;stairsup;
-2.417389;-1.7553863999999997;10.161041;stairsup;
-2.451632;0.153227;9.653300999999999;stand;
4.6285095;1.5842743000000001;9.074402000000001;sit;
1.7091522000000001;0.17315674;9.694289999999999;sit;
-1.685518;0.4309563;12.354080999999999;walk;
3.06454;0.766135;9.653300999999999;stand;
-0.36312866;-0.18910217;10.177703999999999;stand;
-3.083732;-0.24899697;7.996633500000001;stairsdown;
-6.203369;0.14414978;7.968719500000001;stand;
-5.2617645;-0.9753723;12.055617999999999;stairsup;
-6.213913;0.7349243000000001;6.0773163;walk;
-2.480393;2.1452047999999997;8.1402855;bike;
-3.7541082;0.842759;8.781932000000001;stairsdown;
-3.0398560000000003;0.8106536999999999;8.281738;null;
0.34384155;-0.48783875;10.247925;sit;
4.439438;0.80752563;8.692153999999999;sit;
-2.3446198;-0.6373595999999999;9.50267;stand;
11.920731;-2.160767;13.643358;stairsdown;
1.7389069;-0.44692993;9.750229;sit;
-0.5654602;-1.7137299;11.341705000000001;bike;
-8.843200999999999;1.653305;7.107025;null;
-2.6396074;-1.6388310000000001;9.713275999999999;null;
-3.8594532;-0.9576806999999999;7.9487495;stairsup;
-3.2190042;-1.2725182;9.003395;stairsup;
-5.907013;0.097732544;13.962494;walk;
-5.851429;-0.6799533;5.6886234;stairsdown;
-5.8117980000000005;1.2653046000000001;8.368622;walk;
0.5499115;2.2488403;9.151566;bike;
-2.451632;-0.153227;10.572663;bike;
0.59632874;-0.74209595;9.787125;sit;
8.954314;0.23942018;4.462791999999999;sit;
1.8100165000000001;-0.47884035;14.317326999999999;null;
-0.9723358;-1.5383301;9.829971;sit;
0.6509094;1.6806793000000002;9.166046000000001;null;
3.7312775;-0.09939575;9.014694;sit;
-1.7734985;-0.93058777;12.919891;bike;
-4.3847656;-0.66041565;10.633545;stairsdown;
-2.298405;2.604859;9.653300999999999;bike;
-1.9067993000000003;1.8961028999999998;9.856354;stand;
1.9919509999999998;0.153227;9.959755;sit;
3.8977604;0.24899697;8.686164;null;
-4.309563;-0.4309563;5.717354;walk;
-2.5498247000000003;1.9560628;8.963891;stand;
-3.0920563;1.0146179;8.958755499999999;stairsup;
-3.4763808;0.20111294;7.881711999999999;null;
-4.137129;-0.9193620000000001;9.959755;bike;
-2.193634;-0.31645203;9.943237;stand;
-4.012682;2.27928;6.1387334000000005;stairsdown;
1.7924651999999999;-0.6873474;12.870894999999999;walk;
5.248090299999999;0.8331822;8.24563;sit;
-3.370994;1.9919509999999998;9.19362;bike;
-1.7247008999999998;1.1093903;7.32959;walk;
0.33551025;-0.5175934;10.231262;sit;
5.3509519999999995;0.6963959;8.7899475;sit;
-6.0783997;-0.98295593;6.674988000000001;stairsup;
9.187088000000001;0.45761108;3.5172272000000007;sit;
-3.5936968;0.05626374;8.760384;stand;
-1.8902221999999997;2.4768016;12.11466;walk;
-3.8871002;-0.5231018;7.7078705;null;
-6.1985884;0.59495914;8.076839;stairsup;
1.636383;0.6940155;10.186035;sit;
-3.2776620000000003;-0.5650316;10.91756;stairsdown;
-0.8343792999999999;0.15322891;10.589554;walk;
-6.339846;-6.378153299999999;12.373235000000001;null;
-2.2026656000000004;0.40222588;4.501099;stairsdown;
-5.4432178;2.328361;4.5202527;stairsup;
-3.7098155;0.28012159999999997;8.707711;stand;
7.508122999999999;-0.306454;6.588761;sit;
9.140671000000001;0.5040283;3.0268707000000004;sit;
-1.9042511000000002;-0.48144529999999996;9.670486;stand;
-6.4739213;0.035913024;6.3949127;stairsup;
-2.73143;-1.1455688;9.338425;stand;
-4.8841715;-0.35434186;7.3166804;walk;
-0.30645782;-1.2354081000000001;7.086836999999999;stairsdown;
-2.4612392999999995;-0.78529817;8.954314;bike;
2.4133554;0.61291564;9.400833;stand;
-3.524221;0.306454;5.975853;walk;
-5.669398999999999;-0.153227;7.66135;stand;
-4.1455383;0.55119324;9.19342;stairsdown;
3.7955475;-0.6242675999999999;8.9897;sit;
-1.53227;-0.9193620000000001;9.806528;stairsdown;
-4.762067299999999;1.0271125;8.248025;stand;
-3.2273839;2.5953147;12.631808;stairsdown;
9.156143;0.43261720000000004;3.5910187000000007;sit;
3.7979279000000004;-0.5004883;8.957564999999999;sit;
-0.306454;0.766135;7.508122999999999;walk;
-0.30940247;1.4109497;8.464828500000001;bike;
-0.45968100000000006;5.209718;13.177522;null;
-2.0091553;-0.98057556;10.257446;stairsup;
-2.825158;-0.095768064;7.6518690000000005;stairsdown;
3.7824553999999995;-0.7063904000000001;9.037308;sit;
4.028656;0.30839540000000004;9.414795;sit;
-8.19931;-4.9688873;10.537139999999999;walk;
-2.2458343999999997;0.6468505999999999;4.8181;stairsdown;
-2.828003;0.47740173;9.035126;bike;
-3.4093432;0.32561144;8.264783999999999;bike;
4.221466;0.4131317;9.404083;sit;
1.8387240000000002;-3.217767;7.967803999999999;bike;
-2.145178;-0.45968100000000006;7.048442;null;
-0.5071411;-1.2328948999999998;7.860412599999999;stairsdown;
-3.6774480000000005;1.8387240000000002;9.653300999999999;stairsdown;
1.3790601;0.79487497;9.586383999999999;sit;
-0.8106384;2.6125946;7.8342285;walk;
-2.0698547;-0.12602234;10.011078;stand;
8.733939;0.9193620000000001;4.750037;sit;
-2.4755402;0.0065307617;7.2413177;walk;
-4.083481;-0.23150635;7.584091;stairsup;
-5.836792;-0.01890564;9.742096;walk;
-0.034469604;-0.71829224;9.427688999999999;bike;
-1.635437;-3.6180267;8.140106;stairsdown;
-3.370994;1.8387240000000002;15.475926999999999;walk;
-3.532425;0.546875;11.085617;null;
4.7417164000000005;0.51475334;8.268375;sit;
-1.929245;-0.43859863;9.508621;stand;
4.7979803;0.59017074;8.141483000000001;sit;
-2.145178;1.379043;9.959755;stand;
4.7072296;0.861084;8.53624;null;
-2.451632;1.9919509999999998;9.500074;stand;
3.9073372;1.1204863999999999;8.408437;sit;
0.2690277;-0.7385254;9.856155000000001;sit;
-2.0803986;-0.177948;10.106094;bike;
-4.2419434;-0.7794342;6.1025085;walk;
-5.058948;0.748188;9.591172;null;
-10.315418;0.23223756;11.9853735;stairsdown;
-10.8177185;1.4652557;7.074889999999999;stairsdown;
-1.8615723000000002;-2.0922089;9.609985;stairsdown;
-7.883911;4.847763;21.761779999999998;null;
3.8881836000000005;0.15322891;8.6095495;sit;
-6.435534;-0.153227;11.492025;stairsdown;
0.27838135;-1.0269928;8.545959;walk;
3.8019924;0.58418524;8.983044999999999;sit;
3.9800262;-0.03869629;9.002792;sit;
9.260772;0.81402856;3.083732;sit;
-2.3505707;-0.23150635;9.4384;stand;
-3.06454;-1.379043;10.879116999999999;bike;
-0.6499634;1.524765;5.593108999999999;walk;
-5.796325700000001;-0.1462555;8.274597;null;
-2.1710205;-0.30931090000000006;7.941345;stairsup;
-1.9189526999999997;1.5849615;6.6654577;stairsdown;
-1.072589;2.145178;9.500074;stand;
-0.153227;0.306454;11.951706;walk;
-4.903325;0.076614454;8.820239;walk;
6.435534;0.0;10.419436;null;
2.1990743;-3.1016884;7.7344685;bike;
1.1461945;1.15625;9.521713;stairsdown;
-1.4460978999999998;0.4405331;9.548077000000001;stand;
-7.125763;1.9449005000000001;8.406708;stairsup;
-8.142014;0.09936523400000001;9.006363;stairsdown;
-2.0887298999999997;1.5870971999999999;8.492203;walk;
-0.306454;-1.685497;11.032344;null;
-0.7759552;1.7632446;9.56218;stand;
-5.779662999999999;3.2493439;11.69281;null;
-2.298405;1.225816;8.274258;stairsdown;
-2.0482395;1.8878279999999998;7.323863;walk;
-0.306454;-2.145178;9.806528;sit;
-6.4068837;0.63206923;14.240712;walk;
-4.616852;-0.10935974;11.116760000000001;stairsup;
-2.6623523;1.283292;9.346964;walk;
4.428726;0.8587036;8.727859500000001;sit;
-2.0865172999999997;-0.41285706;9.179138;bike;
4.903264;-1.072589;15.3227;walk;
-6.135528599999999;0.28935242;7.981811500000001;stand;
-0.5674258000000001;0.9852139999999999;8.6299;null;
1.1971009;0.6512229;9.576807;sit;
3.7636849999999997;0.32561144;8.6574335;sit;
3.7541082;0.60333884;8.954314;sit;
-2.6814423;1.6823119999999998;7.6043243;walk;
-3.4931487999999997;0.36834717;10.91185;stairsup;
-4.0414124;1.5705963;8.839393;bike;
-6.435534;-1.225816;6.741988;stairsup;
3.3626563999999997;0.20111294;8.838196;sit;
0.095768064;1.5993267;10.199299;walk;
-3.5913025999999997;0.78529817;2.9400797;stairsup;
-4.7380830000000005;-0.8111267;8.367233;walk;
-1.4067535;4.331665;14.475265499999999;null;
-2.327164;2.8634652999999997;12.813767;stairsup;
3.926468;-0.4659729;9.077774;sit;
-3.0041504;-0.87464905;9.731384;stairsdown;
-1.0977415000000001;-1.1755531000000001;7.963114699999999;stairsdown;
-0.7487488;-1.0448456;9.745666499999999;bike;
6.919242999999999;-0.47764325;5.925649;stairsup;
-1.6959686;-1.0027466;6.446274;null;
-2.1643584;1.8004397;9.203311;stand;
-5.7760925;0.2667389;8.22937;stand;
-8.887166;-0.306454;14.096884;walk;
-1.7019196;-1.3740845;10.636917;bike;
-7.393294999999999;0.842759;10.026916499999999;stairsdown;
-1.043872;1.4748282;9.56723;null;
-3.7828386;-0.6799533;10.093954;stairsup;
-1.7908629;1.340753;9.193734;stand;
6.5301849999999995;-1.6484078000000002;5.345055;stairsup;
-5.5654297;-1.2007598999999998;13.099609;null;
-6.435534;3.217767;10.879116999999999;stairsdown;
-5.209718;0.45968100000000006;9.346847;stairsup;
-11.36767;-3.7924154000000003;11.903971;null;
1.7339783;0.0037078857;10.165802000000001;null;
0.57133484;-0.15533447;8.79808;bike;
-3.0243835;-0.10221863;7.5509644;stairsdown;
0.5153960999999999;-0.56118774;8.09111;walk;
3.524221;-0.153227;9.500074;sit;
7.9254913;-0.4005127;5.835708599999999;sit;
-1.9345150000000002;0.02873042;9.375694000000001;stand;
-3.5446155;0.5315128;5.3594203;stairsup;
5.280899;0.19815063;8.103012;sit;
-6.048645;4.662094000000001;9.423126;stairsup;
-0.94155884;2.3971709999999997;8.052032;walk;
-1.9078217;1.3835753999999998;9.418167;stand;
8.714894000000001;1.0726023999999998;4.644751;sit;
-4.2185836;0.15083471;9.639056;stairsdown;
-0.07062895;-0.94930094;7.584830800000001;walk;
-4.3861775000000005;2.873042;11.061212;null;
-3.524221;4.137129;9.346847;stairsdown;
0.64138794;-0.41999817;8.2317505;stairsdown;
-0.766135;1.225816;9.806528;bike;
-0.5746084;-0.22984336;9.557653;stand;
-7.144806;-0.13673401;5.4681396;stairsdown;
-2.9385223;0.067230225;9.322952;null;
7.8979490000000006;-0.33311462;6.454803500000001;sit;
0.46064758;0.8182373000000001;9.739517;bike;
-1.845932;1.4585571000000002;9.4015045;stand;
-2.9592332999999997;-0.62249243;9.385271000000001;stand;
-5.975853;0.306454;7.354896000000001;stairsup;
-11.024811;3.9610748;8.262694999999999;null;
9.267853;0.9249115;3.918518;sit;
-7.508122999999999;-3.524221;7.508122999999999;stairsdown;
-1.2749124;2.5115175;9.488221000000001;bike;
-1.7908629;-1.292869;9.500193;walk;
0.73439026;1.3752441;9.801407000000001;walk;
-1.8052281000000003;1.5406688;6.860584700000001;null;
-8.465898;2.183512;9.77792;stairsup;
-1.9919509999999998;-0.45968100000000006;9.500074;stand;
-0.5975951999999999;-0.6973114;9.781372;null;
-0.530777;-0.54333496;9.794266;stand;
-7.144297999999999;-4.156333999999999;11.559206;walk;
-1.9919509999999998;1.9919509999999998;6.895214999999999;bike;
4.0701427;0.6607997;8.772355000000001;sit;
4.1096473;1.6819267;8.407239;sit;
-2.1452047999999997;0.6512229;9.471461999999999;stairsup;
-2.451632;-0.45968100000000006;10.419436;stairsdown;
-2.5629928;2.0398598000000003;8.914810000000001;stand;
-5.189163;0.2576599;9.192032000000001;bike;
-0.92775315;-3.1519666;8.804677;bike;
-6.315078700000001;-3.5283203000000003;11.179642;null;
-3.6679169999999996;-2.7389667;13.120225;walk;
-4.750037;0.306454;9.959755;stairsup;
7.6710224;0.8415619000000001;10.645817999999998;walk;
-0.5749816999999999;-0.23313904;10.206268;stand;
0.129776;1.4609375;10.510757;bike;
-2.3422394;5.3683167;10.897568;stairsup;
4.0441284;0.9903716999999999;9.455261;null;
5.362945;-1.9919509999999998;7.967803999999999;bike;
0.21068975;-0.29688102;9.797073;sit;
-3.5325928;2.5423737;12.428345;walk;
-1.685497;0.9193620000000001;6.588761;stairsdown;
-3.2790833;1.6794891;10.119385000000001;stairsdown;
-4.903264;0.45968100000000006;9.346847;stairsup;
-3.217767;0.153227;9.346847;stand;
-1.8709258999999998;1.188385;7.737625;stairsdown;
-3.7349546;0.6607997;7.5273699999999995;null;
-0.34051514;-1.0377045;7.1605835;walk;
-4.4799805;-0.9436798000000001;9.554047;stairsdown;
-12.152967;-5.305551;11.013328;stairsup;
-4.2727203000000005;-0.6314086999999999;8.085158999999999;null;
-4.915296;1.590947;7.929596000000001;stairsup;
-1.8579005000000002;0.047884032;9.260772;stand;
-0.6914520000000001;-1.4312133999999999;9.569321;null;
-7.5018616;0.77137756;10.509766;walk;
-2.834735;0.33518824;9.653421;stairsdown;
-0.72613525;-1.5244904;10.143188;sit;
-1.4210358;-3.2807617;11.223678999999999;walk;
9.26207;-0.016082764;3.4731902999999997;sit;
0.34519958;0.8658447;13.565964000000001;walk;
-5.056491;1.685497;8.887166;stairsdown;
-4.1514893;-0.861557;11.386932;stairsup;
-0.77952576;0.88012695;8.588608;stairsdown;
0.28330994;1.0277100000000001;10.121567;null;
-3.6774480000000005;0.766135;9.346847;null;
-4.3861775000000005;-0.4405331;7.7093296;walk;
-3.2788591;1.7776948000000001;10.023325;null;
-5.6023254;3.5825958;12.337891;null;
-1.8661651999999997;-2.6904297;10.146561;stairsup;
-2.4542847;-3.4930573;13.730407999999999;walk;
-1.8387240000000002;-0.306454;10.112982;stairsdown;
-2.1684723;0.8015747;4.799057;walk;
-1.072589;-0.306454;7.508122999999999;walk;
0.4213795;1.0247183000000002;6.8186865;stairsdown;
-2.841095;0.14653015;6.503601000000001;stairsup;
-0.50357056;0.07392883;10.371704;bike;
-5.790207;0.5385437;7.872116;stand;
-6.974609399999999;3.9289398;6.6357117;null;
-3.830675;0.612908;7.967803999999999;stairsup;
3.8498763999999994;0.545878;8.868122999999999;sit;
3.8786068;0.36391866;8.590396;sit;
-1.8280792000000001;1.4371338;9.324142;stand;
-2.0302830000000003;1.7429788;9.203311;stand;
-7.9172363;0.31077576;7.824707000000001;stairsup;
3.524221;0.0;9.500074;sit;
-0.04399109;-1.5990295;11.453384;stairsdown;
-4.912902;3.4380736000000005;13.187263;walk;
-2.6185303;0.44050598;10.92276;bike;
-2.4483337000000005;-0.64256287;8.497162;stairsup;
-1.4293671000000001;-0.6385498000000001;5.148971599999999;walk;
3.1196449;0.45370123;8.916007;sit;
0.1436521;0.40222588;10.46745;walk;
-2.879181;-1.0686493000000001;9.864685;stand;
-10.960541000000001;3.1184235;11.376221000000001;stairsup;
-5.860428;0.50283813;7.805465700000001;stand;
-0.17984009;1.9020538;9.271973;stairsdown;
-4.443583;1.072589;11.338797999999999;stairsup;
-2.3458099999999997;-0.5968933000000001;9.726425;null;
0.58418524;-0.41180268;7.7093296;walk;
-0.8342743;-1.3574218999999998;8.514816;null;
-5.271286;-0.004180908;8.358902;stairsup;
-0.63908386;-2.5666504;6.1618195;stairsdown;
-2.298405;1.379043;6.895214999999999;stairsdown;
-0.5034027;-0.40170288;9.616928;null;
0.41304016;-0.085113525;11.435532;null;
-10.639832499999999;-4.3574470000000005;11.923124000000001;walk;
-1.8962077000000002;1.091756;8.63828;stairsup;
-5.066130599999999;-1.1779473;7.125144500000001;stairsup;
-2.758086;1.379043;10.879116999999999;walk;
5.056491;0.9193620000000001;8.733939;sit;
1.7341461;0.1267395;9.7157135;sit;
-3.5625722;5.1906295;15.102623999999999;walk;
-2.8171234;-0.9194336;8.542191;stairsup;
-3.6391866000000004;-0.641646;2.9975405;walk;
-1.3105163999999998;-0.065322876;10.172943;stand;
1.0007763;1.174356;9.428367;sit;
-1.8994904;1.4299927;9.443161;stand;
-4.1240125;-0.027533319;8.532935;null;
-8.341965;3.2795410000000005;13.104172;stairsdown;
-6.522171;-5.233855999999999;12.426956;stairsup;
-7.909927400000001;2.670166;5.8511809999999995;walk;
3.7445314;0.641646;8.686164;sit;
-0.9193620000000001;-0.153227;11.338797999999999;bike;
-6.588842999999999;1.6567876;5.391742;walk;
7.184999499999999;-5.744887;6.355408000000001;stairsup;
-2.3391352000000003;0.39983168;9.1590185;stand;
-3.5897217000000006;0.30839540000000004;4.796875;stairsdown;
-2.8778229;2.4107056;8.739761;null;
-0.62249243;1.7525556;8.580819;stairsup;
-5.912796;1.9132080000000002;7.152054;stairsup;
-2.9720154;0.6273651;9.755188;null;
-6.0333879999999995;-2.834735;10.486604;walk;
-5.2893066;-0.7949066;6.4476624000000005;stairsup;
5.669398999999999;0.0;9.040393;bike;
-2.5506897;-1.6006622;11.107239;bike;
4.671524;0.8206177;8.614792;sit;
-5.9184665999999995;0.33518824;6.435614;stairsup;
-2.6024973;1.9704279999999998;8.954314;stand;
-1.8650831;0.51235914;4.4520183;walk;
-0.3357544;-0.6056670999999999;8.334106;bike;
0.48921204;0.55044556;9.684769000000001;null;
-2.758086;0.612908;8.580712;stairsdown;
-2.9496564999999997;0.93852705;9.864111;walk;
0.40222588;-0.4309563;9.471461999999999;null;
1.7032013;0.17553711;9.643112;sit;
-6.1544037000000005;-6.73349;5.573868;stairsup;
-1.3889008;-0.5076294;9.734755999999999;stand;
-6.909149;-0.14030457;6.9534910000000005;stairsup;
-1.1492168;-1.043872;9.385271000000001;bike;
-2.5881321;1.9117701;8.980651;stand;
-2.873042;-1.0247183000000002;9.461885;stand;
-4.597641;0.25289917;6.8283233999999995;stairsdown;
1.3901825;-1.5538025;9.315811;bike;
-1.3982137;1.7621324;6.8569937;null;
-8.022969999999999;-0.7134720999999999;6.1626754;null;
-4.277648999999999;0.40242004;9.327911;stand;
-0.612908;-1.685497;9.806528;sit;
2.758086;0.9193620000000001;9.653300999999999;stand;
-2.5390507999999996;0.78888947;7.356185000000001;null;
-2.218628;0.07273865;9.982513;stand;
-4.895355;-2.9158173;7.863983;walk;
-4.290356;0.153227;8.733939;stand;
-1.7142484;-1.6280571000000001;5.6407394;stairsup;
-7.66135;5.516172;14.403338;stairsup;
-2.2983703999999996;-2.9110565;8.707825;walk;
4.5392456;1.6247406;9.06369;sit;
-2.633622;2.7006595;8.025364;walk;
-9.806528;0.153227;6.435534;stairsup;
-2.2397757;0.16639702;9.24521;stand;
0.80223083;-0.16009521;10.739272999999999;walk;
-4.9297028;0.020812988;7.428177000000001;bike;
0.61291564;-0.22026655;10.658986;bike;
-5.717354;-1.8531121;10.176555;null;
8.75799;0.47405192;4.0066967;sit;
-1.8687133999999999;-0.60209656;6.695221000000001;stairsup;
6.435534;-0.612908;7.66135;stand;
-5.829651;0.6297455;11.609497;stairsup;
-5.412918;-0.75756836;11.662857;stairsdown;
-2.5761611;1.3503298000000001;6.703765;stairsup;
2.0529479999999998;-1.8256073;7.230804400000001;bike;
-3.0071173;2.6240451;8.475474;bike;
5.235672;0.16601563;8.160141000000001;sit;
-6.741988;-0.612908;4.903264;stairsup;
-3.6432800000000003;-0.07484436;7.9996643;null;
-3.9680328;0.59924316;6.942581;stairsdown;
-8.943008;3.7770386;6.8211823;stairsup;
-1.685497;-1.9919509999999998;9.959755;bike;
-0.83325195;-0.15339660000000002;10.72995;bike;
-3.0993652000000003;0.7201996;14.515929999999999;walk;
-4.9023285;0.6682739000000001;5.955917400000001;stairsdown;
-7.705738;-1.2521674999999999;14.782998000000001;null;
-5.5844755;0.24899697;9.228451;stairsup;
3.3423057000000003;0.25617957;8.840589999999999;sit;
4.548983;1.7142484;8.532935;sit;
-1.072589;-0.9193620000000001;9.346847;walk;
-8.149861999999999;-1.7717092;8.552089;stairsdown;
-3.0005797999999997;-1.5518646;13.605438000000001;walk;
-3.3039982000000006;-1.9357121;11.616667;stairsup;
-0.9672575000000001;-1.0151415000000001;9.5385;sit;
-1.8663330000000002;-0.66874695;9.961089999999999;stand;
-3.370994;-0.45968100000000006;8.887166;null;
-1.9919509999999998;0.612908;9.346847;bike;
-2.6078186000000003;0.70591736;9.570708999999999;bike;
-2.6542357999999995;-0.31169128;9.855164;stand;
4.655525;0.47285482;8.274361;sit;
-2.6469269;3.9377136;11.531937;walk;
0.6344634;-3.441665;19.053057;stairsdown;
-0.56529236;0.8444214;10.33699;stairsdown;
-3.7980042000000003;3.320755;10.302673;stairsdown;
-5.598755000000001;0.767807;8.271027;stairsup;
-5.0322265999999996;0.6118927;8.589996000000001;walk;
-1.9470977999999999;-1.3074341;8.53624;bike;
-5.323822;2.5935516;6.079895;stairsup;
-6.4164605;-1.8674773;10.754754;walk;
-2.298405;0.153227;9.500074;stand;
-3.8019924;3.9264907999999994;12.220005;stairsup;
4.7572790000000005;0.59615624;8.176199;sit;
-8.427485;0.9193620000000001;3.830675;stairsup;
-2.4037786;1.4173675;8.504205;bike;
-2.8053894;0.019180298000000002;9.846832000000001;stand;
-3.3997664;-0.5554548;5.3725886;walk;
8.843124000000001;-0.085113525;4.677658;sit;
-7.035141;-0.31481934;8.60051;stairsdown;
1.685497;0.0;9.806528;sit;
0.02873042;2.7006595;5.7843914000000005;bike;
-2.1739352000000003;1.8387468999999996;9.174581;stand;
-6.8091097000000005;-1.3180081;9.40203;walk;
5.282806;-0.7194576;10.176555;bike;
-1.281784;-2.6273499;10.469101;walk;
1.6555939;0.08984375;9.710953;sit;
-2.622848;3.0214825000000003;8.823831;stand;
3.8881836000000005;0.02873042;8.925583999999999;sit;
4.0964966;0.30839540000000004;9.901581;sit;
-2.3175871;2.0015526;5.8801594;walk;
-2.604859;-0.766135;12.25816;walk;
-1.7734985;-0.5092621;8.055603;stairsdown;
-7.048442;-1.9919509999999998;7.814577000000001;walk;
-3.3147888;-0.85679626;8.018707000000001;walk;
-4.1191864;0.7944336;10.646438999999999;bike;
-4.098873;-0.47884035;8.054094000000001;stairsup;
-0.81761986;1.3563153000000001;10.241197999999999;walk;
-2.7040558;-0.5254821999999999;9.37532;stand;
-4.745223999999999;0.7753906;9.297958;null;
-0.766135;1.379043;8.427485;bike;
3.8307227999999998;0.36391866;8.63828;sit;
-9.059659;0.08619126;6.6079965;stairsdown;
-2.3558946;0.02873042;10.678139999999999;bike;
-2.4495240000000003;1.9794159;10.045592999999998;bike;
-3.3467559999999996;-0.5802307;5.7155;stairsup;
5.248090299999999;0.79487497;8.2169;sit;
-3.370994;-1.685497;8.733939;bike;
-2.2208405;-1.8239746;7.4567413;null;
0.15322891;-1.3886370000000001;7.1826053;walk;
10.419436;-2.451632;12.25816;null;
-6.1079865;1.3645325000000001;7.4127045;stand;
-4.2608185;-0.4421692;11.602158;null;
-5.315128;5.410896;14.384364000000001;null;
-3.399292;1.2760162;5.688324;stairsdown;
4.8123455;0.6476316;8.160637;sit;
-4.837036;0.17390442;11.840392999999999;null;
-1.7473145;-0.8353729;5.926361;stairsdown;
-4.7047577;-0.70162964;7.9863740000000005;null;
-2.148407;-0.26527405;9.999176;stand;
-2.7198130000000003;-0.47285482;8.524555;null;
0.44041443;-0.7706604;9.804977000000001;sit;
-3.3062897000000007;-0.9741820999999999;10.137039;stairsdown;
5.1523223;0.89064306;7.872135000000001;sit;
-1.0151415000000001;2.2984335;7.249642999999999;walk;
9.109938;0.91937345;3.6978445;sit;
-2.3612822999999996;1.2514648000000002;7.3151093;null;
6.4639435;-0.49929809999999997;8.093491;null;
-0.48362875;0.2908955;9.42238;sit;
-6.8663025;-0.94844055;9.267211999999999;stairsup;
-5.727126999999999;0.123168945;8.610031;bike;
-1.6280571000000001;-1.8195933000000002;9.691728999999999;bike;
-0.8643068000000002;0.16160862;10.15381;stairsdown;
-5.1641693;0.6932678000000001;8.036361999999999;null;
-6.253655;-1.3982137;2.585738;stairsdown;
-2.564972;-0.31288147;10.221741;null;
-3.3530796;2.731784;6.851008;stairsup;
-0.008285522;-1.5657043;8.006607;bike;
-9.653300999999999;1.685497;10.419436;stairsdown;
-2.962326;-0.36480713;9.288437;stand;
-3.217767;-0.45968100000000006;5.8226260000000005;stairsup;
-1.5759277;-2.7706146;8.710205;stairsdown;
-3.0933087;0.16280572;9.212888000000001;stand;
2.5825806;2.8161162999999996;8.23056;bike;
-0.42842102;1.0027161;7.4496;bike;
-9.653300999999999;-0.9193620000000001;8.733939;stairsdown;
0.7565677;1.2880806;9.40203;sit;
-2.5139117000000004;2.3247697;9.922769;bike;
-0.306454;-2.145178;9.806528;null;
5.295974299999999;0.94810385;8.236053;sit;
-1.7483368000000001;-2.17865;9.676437;stairsdown;
0.61299133;-0.20889282;9.151566;stairsdown;
-2.1341248;-1.6589813000000002;9.477875;stairsup;
-1.8339584999999998;2.384625;7.881711999999999;stairsdown;
-3.524221;1.072589;9.346847;null;
-1.6184803;-0.36391866;8.829816000000001;bike;
-3.830675;-0.9193620000000001;11.951706;bike;
-0.89064306;-1.4556746;9.165004;sit;
-3.4302367999999994;2.287674;7.666412400000001;walk;
-3.9839019999999996;1.072589;7.66135;stairsdown;
-8.733939;-2.604859;14.709792000000002;stairsdown;
5.056554;2.834735;17.027563;stairsdown;
-7.0245875999999985;1.1971009;11.262324000000001;null;
1.9680338;0.6368576;9.14585;sit;
-3.8402996;1.4077905000000002;6.742072;stairsup;
-0.80445176;-2.5378537;13.302185;walk;
-2.5935363999999996;0.09059143;9.8992;null;
-3.2237926;0.7242460000000001;2.823961;stairsdown;
9.806528;-1.379043;13.024295;stairsdown;
-2.27928;-0.047884032;9.461885;stand;
0.8690952;1.055843;9.40203;sit;
1.5437163999999999;1.6263733;7.731674000000001;bike;
-2.55188;-1.3400116000000002;9.748047;stand;
-2.1125336;-3.4247742;11.270096;walk;
-3.06454;0.45968100000000006;7.967803999999999;stairsdown;
-2.5410004;1.8215636999999998;8.877823;stairsup;
5.244003299999999;0.20172119;8.251785;sit;
3.144516;-1.2550659;10.027542;null;
-7.454254;-2.29216;6.6523743;stairsdown;
-0.24291992;0.6844939999999999;9.805176;bike;
-4.2999864;2.8634652999999997;4.0222587999999995;stairsdown;
-3.916914;0.15322891;7.431602000000001;bike;
-2.7909393;-1.4026489;4.918075599999999;stairsup;
4.2425256;1.2162545;8.389283;sit;
-0.7616729999999999;-1.7311401000000002;9.663345;sit;
1.9055328;-1.4002686000000002;13.022049;walk;
3.6870705999999998;0.641646;8.695741;sit;
0.8284149;-0.8135071;11.881851;walk;
-1.9536686;-0.45010993;10.275913000000001;walk;
-1.5717934;0.49679685;3.9959226;walk;
3.8690300000000004;0.21068975;8.944737;sit;
-2.7964275;0.35434186;6.5218053;walk;
4.367024;1.484405;8.734048;sit;
6.211755999999999;-0.61411273;7.311891999999999;stand;
-0.51714754;2.5091232999999997;5.6982;walk;
-9.452309;-0.8523358;4.7500963;stairsup;
2.3756561;-0.5742798000000001;7.9625699999999995;null;
-6.1758432;-0.45729253;8.787917;walk;
-5.669398999999999;-1.379043;7.201669;stairsup;
-6.244858;-0.4493103;12.443619;bike;
-1.6663644;0.93852705;4.338293599999999;null;
-0.52363586;2.8855896;12.432907;walk;
-0.25139117;-4.617218;3.6655227999999997;bike;
-4.6830587;-1.0247183000000002;5.267244;stairsdown;
7.479486;1.0151415000000001;5.583278;sit;
4.801571400000001;0.60573304;8.170214;sit;
-6.3652344;2.2960052;10.60022;walk;
-8.437167;-7.843405000000001;12.459425999999999;stairsup;
-3.4955344;1.9632453999999997;9.80665;bike;
0.29742432;-1.9434357;9.337433;bike;
-1.3043976000000002;-0.19699097;8.199417;walk;
9.841366;-4.762067299999999;6.617573299999999;stairsup;
-3.0358477;1.5801731;7.393294999999999;stairsup;
-2.9730377;-0.32077026;9.293198;stand;
0.44738770000000005;-0.52711487;10.230072;sit;
-1.292869;-0.1436521;9.251195;bike;
-10.650925;3.5889892999999997;8.381515499999999;walk;
-2.871872;2.0048523;8.758804;stairsdown;
2.0111293999999997;-1.2641385;14.259866;null;
-0.11492168;-1.5682021000000002;7.1454949999999995;bike;
-4.259628299999999;-3.2533875;9.678818;walk;
4.601303;0.842041;8.737381;sit;
-2.145178;-0.612908;9.653300999999999;stand;
1.0737995;1.0295067;9.388862;sit;
0.24981689999999998;1.825882;14.200531;null;
-7.048442;0.153227;8.887166;stairsup;
4.0462008;1.6795325;8.435969;sit;
-7.4699089999999995;-1.5227122;11.15698;walk;
-1.072589;-3.06454;6.895214999999999;stairsdown;
-2.9975405;0.02873042;8.983044999999999;stand;
-0.9672575000000001;-0.7661445;9.825804;null;
-0.9864110999999999;-1.1204863999999999;9.595961;sit;
-1.3108255;0.13407529999999998;5.482722;stairsdown;
-1.53227;-1.9919509999999998;10.112982;null;
-3.3087866000000004;1.1815386;5.886145;walk;
-4.10845;-4.4915223;6.627150500000001;walk;
-5.41329;2.8215668;8.761581;stairsdown;
-4.3953094;0.81585693;8.743332;stand;
-2.4887726000000003;1.9297266;8.977058999999999;stand;
-3.1731567000000003;-0.27360535;9.795653999999999;null;
-3.06454;-0.9193620000000001;9.040393;walk;
-4.149108999999999;1.8532562;9.736145;walk;
-0.74263;-0.57666016;9.685959;stand;
7.967803999999999;-0.766135;6.895214999999999;sit;
-0.41180268;-0.06703765;6.847417;stairsdown;
4.05484;-0.21528625;9.540955;sit;
-4.638275;-0.6235199;6.059662;stairsdown;
-0.5391083000000001;-1.3479003999999999;7.6959686000000005;stairsdown;
-1.0139444;0.1412579;9.399636;stand;
-2.2601264;-0.05746084;3.916914;null;
-6.4739213;0.23942018;7.134721300000001;walk;
-1.9728221999999997;0.4405331;7.374141000000001;null;
-3.7924154000000003;0.5554548;8.542512;null;
1.0688323999999998;-0.293396;14.641891500000002;bike;
-3.4308910000000004;-0.19991584;10.546458;bike;
-2.758086;1.9919509999999998;7.201669;stairsdown;
3.8115692;0.60333884;9.002198;sit;
-0.9193620000000001;-1.8387240000000002;9.806528;sit;
-0.45010993;0.78529817;9.212888000000001;null;
1.072589;1.225816;9.806528;sit;
-1.685497;2.298405;5.362945;stairsdown;
-0.10175357;2.9113493;8.026561000000001;bike;
-2.298405;0.0;10.572663;bike;
-2.72939;-1.3024458;9.835381;bike;
-5.8961334;3.0260314999999998;13.54454;walk;
-4.2185836;1.0378863999999999;8.318653999999999;stairsup;
2.9729614;-0.5925751;9.480255;bike;
-4.0799103;-1.8323058999999997;10.571457;null;
1.9297266;1.8674773;6.9719152;bike;
-4.176483;-0.3188324;7.7116394;stairsup;
-5.304611;1.7561035;4.920456;stairsup;
0.612908;-0.9193620000000001;9.806528;sit;
-2.2601264;0.9959879;7.2209125;stairsup;
-2.2805176;-0.29740906;10.08725;null;
-4.860672;-1.3300476;9.126572;walk;
0.5249176;-0.7206726;9.891861;null;
-2.9855695;-0.79966336;8.579621000000001;stairsup;
-2.0075380000000003;1.6771383000000002;8.876503;null;
-2.145178;0.306454;9.653300999999999;stand;
5.056554;0.9576806999999999;7.9583262999999995;sit;
11.645252000000001;-0.306454;16.088835;stairsdown;
-6.8685149999999995;1.5133056999999999;8.814743;stairsup;
-4.8142548;0.045806885;8.944473;bike;
-1.3722382;0.38739014;8.932571000000001;null;
0.8807831;-0.13272095;7.042557;walk;
-2.145178;0.306454;9.806528;stand;
0.91937345;0.5650316;11.453861;walk;
0.20935059;-0.29859924;6.774963400000001;stairsdown;
-2.9975405;-0.019153614;9.528922999999999;null;
-2.8492584;1.6085205;10.048964999999999;bike;
-2.9337616;0.63375854;10.119186000000001;stairsup;
-2.528277;0.24899697;9.337387;stand;
-0.5309448;0.39884949999999997;9.808746000000001;bike;
-1.685497;0.766135;10.879116999999999;stairsdown;
9.136273;0.7661445;3.1603463;sit;
4.290356;1.53227;9.040393;sit;
-2.758086;0.153227;9.500074;stand;
-4.049792299999999;0.7721300999999999;5.4408236;walk;
-0.6703765;2.7006595;8.1402855;bike;
5.1906295;0.78529817;8.303091;sit;
-1.4748282;1.6376339;2.633622;stairsdown;
-9.784637;0.52619934;7.844939999999999;stairsdown;
-0.6628876;-0.6813965;9.6514435;stand;
-3.0801406000000005;1.7022773999999998;10.893618;walk;
-5.056554;0.62728083;9.202114;walk;
-2.1769714;0.6880646;9.286255;null;
-6.5055084;1.5275878999999999;5.452469000000001;stairsdown;
-5.090378;0.3576355;8.396988;stairsup;
0.20111294;0.63206923;6.320692500000001;walk;
-6.002228;-2.7194366000000003;7.9175415;stairsdown;
5.207107499999999;0.18981934;8.238693;sit;
-1.5437927;-0.50450134;6.617858999999999;stairsdown;
4.472763;0.8491820999999999;8.701675;sit;
0.45968100000000006;-1.225816;8.427485;walk;
0.766135;0.612908;9.959755;bike;
-4.8368683;1.4990233999999998;13.826614000000001;walk;
-1.2663116;0.23742676;8.131577;bike;
-2.298405;1.072589;8.887166;stairsup;
-7.798217999999999;-2.715866;13.803009;stairsdown;
-5.746084;4.213794999999999;12.066775999999999;walk;
8.875259;-0.09225464;4.196823;sit;
-4.901306;1.4819183;5.9346924;stairsdown;
-4.5952606;1.0336609;8.157761;null;
3.8690300000000004;0.60333884;8.954314;sit;
1.1354828000000001;-0.047027587999999995;9.509811000000001;bike;
-2.712555;-0.25813293;9.324341;null;
-2.4983494;0.7230489;7.571663;stairsdown;
-2.5540924;-0.46716309999999994;9.43483;stand;
-3.06454;0.45968100000000006;7.201669;null;
-3.9839019999999996;-1.379043;9.040393;walk;
3.8786068;0.24899697;8.6095495;sit;
-3.217767;0.0;9.19362;null;
7.048442;0.612908;10.419436;stairsup;
-2.5378537;1.0534488000000002;12.641385000000001;null;
-5.8259125;-0.39932249999999997;8.34343;walk;
-2.577896;-1.2288818000000001;9.583603;stand;
4.0084230000000005;-0.11174011;9.530242999999999;null;
-5.1524353;-0.86512756;8.606659;bike;
-5.308182;-1.3955078;6.6390839999999995;stairsup;
-1.1228806;-0.4357447;9.324219;stand;
0.63087213;-2.4540567;6.5505357;bike;
-0.33456420000000003;0.13700867;7.90683;stairsup;
-0.72953796;1.9893798999999999;9.803787;null;
-2.0973208;-0.7757214;8.925583999999999;bike;
-1.2545617;-1.3024458;9.710882000000002;bike;
0.7296295;1.239563;13.989670000000002;walk;
-1.9596541;1.3239936;10.30225;bike;
-1.0306549;-1.3705139;9.520522999999999;bike;
4.643982;1.562851;9.024414;sit;
5.428314;0.72377014;8.642364500000001;sit;
-3.371036;-0.23942018;9.222465;bike;
1.3778629999999998;0.2645593;9.360130999999999;sit;
-4.903264;-0.9193620000000001;10.112982;walk;
-0.5200653000000001;-0.5588074000000001;9.687149;stand;
-6.1569519999999995;0.36076355;7.858032000000001;stand;
-4.560912999999999;1.4426421999999999;7.5343018;stairsdown;
-1.0941502;0.16879122;10.13705;bike;
-1.6555023000000002;-0.2184143;9.576462;stand;
-2.5953147;-0.038307227;9.346964;stand;
1.53227;-1.379043;10.419436;bike;
-3.5817258;2.432509;4.6830587;stairsup;
-1.2066777;2.27928;6.6367273;stairsdown;
-3.25766;-1.1222076;9.525482;walk;
-0.7271576;-1.4728698999999998;9.700241;sit;
4.3634324;-1.5729905;8.110358;bike;
-2.5187001;-1.0055646999999999;9.011775;stand;
-2.1196747000000005;-0.70043945;8.993271;bike;
-2.3762453;2.9137435000000003;10.177752;bike;
-5.4047545999999995;0.7428130999999999;8.117493;walk;
-2.604859;-2.298405;17.467878;stairsdown;
-2.7102362999999996;1.1492168;5.4970870000000005;walk;
4.2571715999999995;1.4652557;9.277924;sit;
-8.274258;-3.06454;9.959755;stairsup;
-4.462791999999999;-0.41180268;8.418014;stairsup;
3.524221;0.0;9.500074;sit;
-0.75112915;2.0270233;9.990845;stand;
-5.073715;1.829895;8.257736;null;
-0.45968100000000006;-1.225816;9.500074;bike;
-1.6150360000000001;-0.18746948;10.319138;bike;
0.24899697;-0.23942018;9.682152;sit;
0.75683594;0.97727966;7.6176147;walk;
-0.74024963;-1.4335938;9.580032000000001;sit;
-2.9221232;-0.08619126;9.995792;bike;
3.830675;0.9193620000000001;6.895214999999999;stairsdown;
-1.8746643;-0.37834167;9.793274;null;
-5.056491;1.8387240000000002;8.274258;null;
-4.950012;-0.27174190000000004;7.544129400000001;walk;
-1.7673797999999998;-1.7263794;8.942093;walk;
-1.072589;1.225816;9.653300999999999;stand;
0.766135;1.685497;10.419436;bike;
-5.297638;0.17271423;9.231506;bike;
-3.1265717;-1.4942932;7.526962299999999;null;
-0.9152068999999999;-1.4324036;9.7990265;sit;
0.49380493;-1.253128;7.9365845;walk;
-2.145178;1.225816;6.12908;stairsdown;
-6.789956;0.22984336;6.493075;walk;
5.8083334;-0.5303157;7.461529700000001;null;
-5.755661;1.6089035;4.290409599999999;stairsdown;
-0.6259918000000001;-1.6371155000000002;5.717880200000001;walk;
0.153227;-2.758086;8.580712;bike;
4.6096344;0.8765564;8.581467;sit;
0.3690033;-0.78256226;9.845444;sit;
-3.1316159;-1.3311761999999998;6.2249246;null;
-0.22489929;-2.044159;6.690262;stairsdown;
-1.6674042000000002;-0.15771484;9.709763;stand;
-2.5304564999999997;-1.3185883;9.938477;stand;
-2.9658966;1.3645325000000001;4.996628;stairsdown;
-0.69859314;-1.6787720000000002;9.62764;sit;
9.337387;0.7374141;3.6200330000000003;sit;
0.008377075;1.6239928999999997;9.464584;bike;
1.4816589;0.24650574;10.679962;bike;
-4.9224787;0.6895300999999999;5.1810527;stairsup;
0.38923645;-0.55999756;11.1141815;bike;
-5.8226260000000005;0.45968100000000006;7.66135;null;
1.1779473;0.41180268;8.283937;bike;
-11.032344;9.653300999999999;11.185571000000001;stairsup;
-2.96881;0.23942018;9.251195;stand;
-1.0770721;-1.5061951;9.002792;walk;
-4.0797195;1.4460978999999998;7.2975270000000005;stairsup;
-9.576807;-4.559757;11.007342;walk;
-6.0569763;1.0022735999999999;7.9889526;stand;
-0.306454;-1.072589;6.12908;stairsdown;
-1.8866308999999997;2.4037786;9.260772;bike;
-4.5202527;2.4516625;8.427589999999999;walk;
-1.4985657;1.5676117;10.109863;stand;
-0.7604828;-1.6609192;9.669296000000001;sit;
-1.2342110000000002;-0.015562311;9.386467999999999;stand;
-5.0881653;-1.2138518999999999;9.018463;bike;
0.306454;-0.766135;9.040393;bike;
2.604859;-0.306454;9.806528;null;
4.2643127;0.4643097;9.387421;sit;
-1.072589;-2.145178;10.572663;null;
-4.338293599999999;0.23942018;8.686164;stand;
-0.78529817;-0.24899697;9.500193;stand;
-4.7499847;0.12197876;13.267226999999998;walk;
-1.53227;-3.217767;7.354896000000001;bike;
-5.1738586;0.26435852;8.830414;bike;
-5.583278;5.018246700000001;11.358092999999998;walk;
-3.217767;-1.9919509999999998;11.185571000000001;bike;
-1.7776948000000001;-1.3754688999999998;8.962694;stairsup;
-5.2665253;1.8489380000000002;8.338669;stand;
-5.601135299999999;0.08345032;8.073456;walk;
-2.930359;1.101059;7.8806458;stairsup;
-0.17507935;0.5880890000000001;8.354339999999999;stairsdown;
-2.2982025;-0.6456909000000001;9.481247;stand;
-6.361394000000001;0.9995792;10.436325;stairsdown;
-4.745223999999999;4.832733;7.459121700000001;walk;
-0.766135;-0.766135;9.806528;stand;
-0.9463196;0.016799927;9.999176;bike;
1.4652513999999999;0.91937345;9.557653;sit;
-2.6768494;0.06440735;10.862061;stairsdown;
-2.758086;1.685497;14.096884;walk;
-1.379043;-0.153227;9.500074;bike;
-5.540436;-2.0684052;12.236725;stairsup;
9.080994;0.9320526;4.5195620000000005;sit;
-0.58418524;1.5705963;13.177685999999998;walk;
-0.8619126;-1.2162545;9.615114;sit;
7.354896000000001;-0.153227;6.741988;sit;
-2.6013002;1.0163386;8.024167;null;
-3.879804;1.1288661;7.8386164;null;
-1.2270355;-1.8323058999999997;8.549332000000001;bike;
-11.443588;1.5240173000000001;7.6364594;stairsup;
-1.9919509999999998;-0.766135;17.467878;stairsdown;
3.1304187999999997;0.46567222;8.948329;sit;
-2.3376465;-1.3316803;7.324828999999999;walk;
-9.720459;-0.90021986;3.4093432;walk;
-9.104874;-3.052246;19.529984;stairsdown;
-2.834735;-0.13407529999999998;9.327810000000001;stand;
-2.4780884;-1.130539;9.682587;stand;
-1.9328156000000003;-2.5333252;9.505051;stairsup;
-2.2267914;0.5206909000000001;7.332961999999999;null;
-3.7517139999999998;0.050278235;11.352107;bike;
-1.9770203000000002;1.6866302;9.803986;stand;
-0.93852705;-0.6512229;7.0006455999999995;bike;
-2.9113130000000003;0.45968100000000006;9.500074;stand;
0.41180268;1.0821792;7.125144500000001;walk;
-3.217767;2.145178;9.040393;null;
-1.1587936;1.8291701;9.260772;stand;
-4.2514650000000005;0.5059662;5.781158400000001;stairsup;
-4.1180267;-1.5897499;4.3287168;walk;
-4.1134033;0.36314392;7.7770996;stairsup;
-2.513794;0.79875183;7.548584;walk;
-4.5058875;1.5119383;8.259995;stand;
-0.87950134;-1.5228576999999999;9.732376;sit;
0.36391866;-0.33518824;9.701305;sit;
0.03694153;-1.7180481;10.486953999999999;stairsup;
-4.364364599999999;0.713501;5.227524;null;
-5.844955400000001;-0.44335938;6.908066000000001;walk;
-3.8406830000000003;-0.556427;6.997329700000001;bike;
-1.0726023999999998;-2.3942018;8.293514;bike;
-2.9293058;1.0079589;6.1938;stairsup;
-1.8746643;1.5699921000000001;8.379333500000001;stairsup;
-3.758728;1.1998444;9.795653999999999;stairsup;
-7.401886;-0.95796204;5.457428;walk;
4.750037;1.53227;7.048442;walk;
0.29623413;-0.5413971;10.316956;sit;
-6.12908;1.8387240000000002;7.967803999999999;null;
-9.218109;0.022750853999999997;11.251251;stairsdown;
-3.6528015;-2.5861359;9.069641;null;
-2.8155810000000003;1.6759412;8.944737;bike;
-3.7445314;5.5737014;14.30775;null;
7.8517;-0.61712646;6.0094757;sit;
-2.145178;0.9193620000000001;8.580712;null;
1.3745421999999998;0.59284973;10.21579;sit;
-7.4256896999999995;-2.09935;6.545257599999999;walk;
-1.4043732;-2.1346130000000003;6.055893;walk;
1.2402191;-2.3345642000000004;10.033493;walk;
-6.029602;-0.55210876;9.226746;bike;
-2.6411438;0.97013855;9.523102;bike;
-5.648742700000001;-0.22956848;9.044647;bike;
9.153763;0.40167236;3.425583;sit;
-1.1887212;-3.1280246;8.819042;bike;
3.9252937000000006;1.6591818;8.516175;sit;
0.44041443;-0.7539978;9.860916;null;
0.23942018;-0.48841715;9.509769;sit;
0.153227;0.766135;9.19362;null;
1.4736311000000002;0.17477672;9.363723;sit;
-3.5824127;2.9998473999999997;11.941360000000001;null;
-1.4450073;1.3795624;10.125336;stand;
7.877884;-0.8801575;5.9130707000000005;sit;
1.027008;2.8625336;5.4229126;bike;
-0.6571045;2.140091;10.030121000000001;stand;
1.002182;0.9182129000000001;10.071579;walk;
-4.7979803;0.4213795;10.180145;stairsup;
0.153227;-1.53227;8.121031;stairsdown;
5.0936639999999995;1.6316483999999998;3.3387144;null;
-4.0892963;1.7812861;9.500193;walk;
-4.0120697;-1.5621338;8.194656;null;
-6.291275;0.53616333;7.488876299999999;stand;
-1.8674773;-0.019153614;9.3182335;stand;
-2.5258827;1.8507179;8.985439;stand;
5.425934;0.6690216;8.614989999999999;sit;
-3.1411927000000004;-0.39264908;10.764331;bike;
-4.622635;-2.4464417000000003;4.612198;stairsdown;
3.7924154000000003;0.095768064;8.667010000000001;sit;
-2.2364807;-0.4330902;6.592865;stairsdown;
0.26815059999999996;-0.4309563;9.471461999999999;sit;
-1.3694833999999998;0.22984336;7.3549875999999985;walk;
-3.370994;0.153227;9.346847;stand;
-5.7939680000000005;-3.0166939999999998;11.798625999999999;walk;
-7.5909576;1.7965698;10.285812;stairsup;
-4.941632299999999;0.8882488000000002;8.635885;stairsup;
-5.339126599999999;2.9998473999999997;21.17601;stairsdown;
-5.702133;-3.3224182;4.6467133;walk;
-9.882233;1.2914886;13.112701000000001;walk;
-2.6431987;2.0781669999999997;6.397307;walk;
-2.3186035;1.6509247;9.846832000000001;bike;
-1.2545617;-0.21068975;6.1100025;walk;
5.3142242;0.10769653;8.286301;sit;
-7.091247599999999;-0.75920105;8.1484375;stairsup;
-3.5338415999999997;0.94810385;8.801085;walk;
-3.122039;0.019153614;8.954314;stand;
-2.5079262000000004;2.0566192;6.420052;walk;
-2.0614076;2.2505496;9.355343;bike;
-3.7373488;0.2741361;8.536526;stairsdown;
-1.7717092;1.6663644;8.236053;stairsdown;
-1.007019;-0.105789185;10.272919;stand;
-2.7470703;0.5440520999999999;8.090117999999999;null;
-1.8353881999999997;1.3569489;17.896057;stairsdown;
-6.877014;-3.3787993999999997;13.459045000000001;walk;
-4.9464207;-1.4604629999999998;10.257957000000001;walk;
5.209718;0.766135;8.580712;null;
7.2759789999999995;-0.5303157;6.1770406;sit;
-2.0829468;-0.6663666;9.830169999999999;stand;
-6.373398;-3.5699767999999996;9.647872999999999;stairsup;
-1.072589;-1.225816;9.346847;stairsup;
-2.3481902999999997;-0.5314331;7.3305817;stairsup;
-3.5051112;1.5610195;4.309563;stairsdown;
-5.966350599999999;-2.384625;5.995081;walk;
8.306183;-0.03437805;6.079895;sit;
-2.1739352000000003;0.22984336;9.883265;stairsdown;
-2.5352173;-1.1222076;9.245789;bike;
-4.1001434;-1.08844;9.012314;bike;
-1.2224426000000002;-0.049850464000000004;10.193176;stand;
-3.6020765;0.37110126;8.775947;stand;
-2.4995465;-1.8100165000000001;11.894394;null;
-1.5187988000000001;0.13343811;9.781372;null;
-1.7150116000000002;-0.8373108;9.553848;bike;
-9.461929;4.664917;8.289871;walk;
-6.775680499999999;0.08627319;11.177261;stairsup;
3.524221;0.45968100000000006;5.056491;walk;
-2.5258827;1.9177556;8.876503;stand;
8.65025;0.8643068000000002;4.156333999999999;sit;
-1.685497;1.8387240000000002;6.282307;walk;
-3.4956970000000003;1.3236237;10.107483;null;
1.685497;0.0;9.806528;sit;
-1.5783081;0.46907043;6.2179565000000006;walk;
-5.455765;-0.20770264;8.224411;bike;
-1.8816376;0.7956238;8.5802765;stairsup;
-1.072589;-0.45968100000000006;8.427485;stairsdown;
-1.225816;-0.306454;8.274258;null;
4.1667175;-0.036758423;9.533813;sit;
-2.7625427000000005;-0.0796051;7.904449499999999;stairsdown;
-1.8637848000000001;2.0560303;8.764755000000001;stairsdown;
0.44024658;-0.55210876;10.275299;sit;
-5.3784027000000005;1.0967407;7.9625699999999995;null;
-0.10654198;2.4037786;12.233172999999999;walk;
-8.863434;0.16557312;7.112976;null;
0.26815059999999996;-0.22984336;9.720459;sit;
-2.5719452;2.1786194;10.5048065;stairsdown;
-5.7890167;0.5302124;7.7471466;stand;
-0.3262329;0.7428130999999999;7.427185000000001;null;
-7.486389;-0.86512756;9.787322999999999;walk;
-2.0555725;2.1258087000000003;6.957062;null;
-1.072589;-1.8387240000000002;7.814577000000001;bike;
2.9113130000000003;-0.612908;4.443583;stairsdown;
-4.692635500000001;1.5705963;7.872135000000001;bike;
1.5602112;-0.73420715;12.170074000000001;walk;
-0.38557434;-0.6575928000000001;9.656203999999999;stand;
-4.291606400000001;0.79487497;6.712144400000001;null;
3.9839019999999996;-0.153227;8.121031;bike;
4.170456;-0.106536865;8.811172500000001;sit;
-1.8292694;0.042236328;9.639542;bike;
-6.325481;-0.59495914;8.835801;null;
-7.441178999999999;7.5944076;6.703765;stairsup;
-2.4648306;1.8399439999999998;10.504559500000001;stairsdown;
9.140503;0.35124207;4.513611;sit;
-0.7176361;-1.7930297999999998;9.685959;sit;
-1.225816;-3.370994;8.733939;null;
-4.376600700000001;3.2561142000000003;6.9623384;walk;
-3.6774937999999993;0.21068975;2.9113493;stairsdown;
0.5650316;2.7198130000000003;9.251195;bike;
-2.9529723999999997;-0.38310242;6.670227000000001;stairsup;
1.8126984;0.28979492;9.69548;sit;
9.11712;1.2737153;3.1603463;sit;
-2.871845;0.6667852;6.442796700000001;stairsup;
0.33789063;-0.5509185999999999;10.331238;sit;
-5.777209;-1.4939818;11.054029;walk;
-8.130709;2.3511062000000003;13.358448000000001;walk;
-2.135628;-1.6663644;11.032481;walk;
-3.0327148;1.9770355;9.652832;walk;
6.968324000000001;-1.3754688999999998;4.983531;walk;
-4.568054;-0.7901459;9.162476;null;
3.8115692;0.19153613;8.724471000000001;null;
-1.9919509999999998;0.153227;10.572663;walk;
-7.579056;-0.588562;5.2049103;stairsdown;
-1.8387240000000002;-3.370994;13.177522;stairsdown;
-2.9113130000000003;0.153227;9.653300999999999;stand;
-5.669398999999999;0.766135;7.814577000000001;stand;
5.056491;0.306454;8.733939;sit;
-3.4189199999999995;0.10534488;7.920019;stairsup;
-3.6822822;3.8810010000000004;9.718064;null;
0.7469909;0.8331822;8.7532015;stairsdown;
0.46686932;1.6065093000000001;9.313444;sit;
-7.2554929999999995;0.44050598;9.024414;null;
1.7046716;0.6703765;9.241617999999999;sit;
4.435258999999999;0.41180268;4.4328647000000005;stairsup;
-0.9963074000000001;-1.6304169;9.89682;bike;
-1.7262194;-2.9233203;12.604275;null;
-6.741988;-0.9193620000000001;10.419436;stairsdown;
3.9839516;0.076614454;8.8777;sit;
-3.0934142999999996;0.9082488999999999;9.694489;walk;
-3.9839019999999996;1.53227;8.887166;null;
-2.9113130000000003;0.612908;5.669398999999999;null;
-7.02919;3.2807312000000004;7.1401520000000005;stairsdown;
-8.475474;1.6567876;6.742072;null;
-1.1109096;0.78529817;8.121132000000001;walk;
4.782418;0.61770403;8.161833999999999;sit;
0.9193620000000001;1.225816;9.806528;sit;
4.8123455;0.5578489999999999;8.146272;sit;
-3.8786068;0.22984336;11.070788;walk;
-3.524221;-0.153227;9.346847;null;
-2.451632;1.685497;9.040393;stairsup;
-2.320984;1.6414031999999998;9.798035;bike;
-2.451632;-0.153227;8.887166;stairsup;
-6.760208;2.4226074;11.183212;null;
-6.6367273;-1.283292;6.2632318;walk;
-2.604859;1.8387240000000002;9.346847;stand;
-6.7229185;2.6527755;7.5944076;walk;
-1.5227122;1.6376339;7.5369470000000005;bike;
0.1665039;-0.66160583;10.316956;sit;
-1.1010437;1.2153167999999999;8.954193;bike;
-4.7979803;3.8498763999999994;14.451401999999998;walk;
-1.1449127000000001;1.271698;9.1706085;null;
0.30235290000000004;-0.09820557;9.752609;null;
-3.6774480000000005;0.306454;7.66135;walk;
0.0;1.685497;10.879116999999999;bike;
-2.604859;-0.612908;8.274258;null;
-9.152649;-3.177658;13.182922;stairsdown;
-1.0055646999999999;-0.1352724;9.421184;stand;
0.21530151;1.3664703;7.511688;stairsdown;
-1.5574282;0.4345476;9.215282;null;
5.516172;0.153227;6.588761;null;
-3.06454;-1.9919509999999998;10.266209;walk;
-1.7925415;2.107956;11.127472000000001;stairsdown;
0.25457764;-0.37834167;8.589996000000001;bike;
-5.056491;2.298405;8.121031;walk;
-3.8881836000000005;0.24899697;7.6135616;null;
-4.92511;-1.0781708;7.6747437000000005;null;
-1.733402;0.25857377;4.367024;walk;
-5.1106110000000005;-0.9825134;9.612167;stairsdown;
-2.681506;-3.2082303;6.4164605;stairsup;
8.888351;-0.22198486;4.062332;sit;
3.6774480000000005;-0.153227;9.346847;sit;
-3.5625722;1.1683705;4.865018;walk;
5.669398999999999;-1.685497;10.419436;walk;
-2.0137482;0.73968506;9.496719;bike;
-2.4169466;1.9847932000000001;8.973467999999999;stand;
-2.298405;4.443583;6.435534;bike;
-2.604859;-1.685497;9.346847;stand;
-4.1240125;1.5873556999999998;8.407239;null;
0.38311768;-0.56163025;10.225311;sit;
-2.3483582000000003;-0.28431702;9.936096000000001;stand;
-2.0781669999999997;2.1452047999999997;6.655881;walk;
5.8226260000000005;-2.451632;7.814577000000001;walk;
-4.439514;1.2605438;9.113678;stand;
1.9919509999999998;-0.45968100000000006;9.806528;sit;
-1.0881646999999999;4.308366;7.489063000000001;bike;
4.232949;1.1971009;8.283937;sit;
-6.722122;0.37786865;7.3615265;stairsdown;
1.56633;0.23742676;9.726425;sit;
-1.5035586;-0.9768343;11.281479;stairsup;
-4.2274933;1.5085449;8.338669;walk;
-6.5270996;-0.6068573;4.3600769999999995;stairsup;
-1.5686188;-0.0625;5.8511809999999995;walk;
7.8052826;-0.8182678000000001;5.985672;null;
0.2873042;-0.48841715;9.509769;sit;
0.0;-1.379043;5.209718;stairsup;
-1.2603607;-2.2226868;6.808089999999999;stairsdown;
-2.7219086;-1.8430176;3.4053497000000004;stairsdown;
-4.3574470000000005;1.4748282;3.3806129;stairsdown;
-4.22171;-0.27598572;8.6138;walk;
2.08049;0.23980713;12.956589;walk;
-0.56069946;-1.0365143;8.216277999999999;stairsdown;
-1.8387240000000002;-1.225816;10.266209;bike;
-0.79487497;0.08619126;10.812215;bike;
-1.9697113000000002;-3.0427246;13.157729999999999;stairsup;
-7.3350677;1.3538208;8.139908;walk;
-1.7888031000000002;1.3193053999999997;9.505051;stand;
5.191635;0.25408936;8.243454;sit;
-5.9723053;1.1145935;7.675735499999999;stand;
-0.7342987;1.7787169999999999;9.462204;stand;
-2.1460266;2.3364716;9.091064;walk;
-3.5218809999999996;2.916092;8.712585;stairsup;
-4.510676;-1.8579005000000002;7.249642999999999;stairsdown;
-1.4652513999999999;1.0630256;10.620678999999999;stairsdown;
0.05105591;0.34410095;7.304596000000001;walk;
-8.073248;3.466804;11.453861;null;
-2.732788;1.8984832999999999;10.529999;null;
0.86276245;0.9844208000000001;8.322205;bike;
-1.4077905000000002;3.8211459999999997;9.107543;null;
0.81056213;-2.2357788;8.896866000000001;bike;
-3.8750155;1.4772223999999998;7.880514999999999;walk;
3.1531637000000003;0.48003745;8.882488;sit;
-1.2437878;0.6907272;6.4858923;walk;
-5.2421045;1.0067618;6.631939;stairsup;
-0.45222473;-0.17318726;10.073959;bike;
8.014586999999999;-0.31526184;6.351257299999999;sit;
-2.604859;-0.612908;7.201669;stairsup;
-1.9258422999999998;1.8056488000000002;9.8992;stand;
-0.29807812;0.29927522;9.463082;sit;
-2.451632;0.306454;9.959755;stand;
-0.52363586;-0.6897278;9.833542;stand;
-3.994217;-1.1289063;5.2668;stairsup;
4.7644614999999995;0.6380547;8.171411;sit;
-2.5993195;-1.5419006000000002;9.074203500000001;walk;
3.8205413999999998;-0.014892578;9.071823;sit;
-0.7116852;-0.30648804;7.3222504;stairsdown;
-0.9720459000000001;0.19393034;10.522516;stairsdown;
-2.298405;1.8387240000000002;9.346847;stand;
-3.524221;1.379043;13.637203;stairsup;
-1.225816;-0.9193620000000001;7.967803999999999;stairsdown;
-4.9965209999999995;-0.5080719;9.667114;stairsup;
0.38307226;-2.7581203;9.193734;walk;
-2.2781372;1.6711578;6.241760299999999;walk;
-3.6008794;-0.6991069000000001;8.532935;null;
-5.9913483;0.019622803;8.883774;walk;
-8.513782;1.7621324;14.920665;walk;
-11.548492;3.2767181;9.980133;walk;
-3.7490387000000003;-0.4493103;10.979691;null;
4.5013275;0.86465454;8.468399;sit;
5.056491;1.225816;5.8226260000000005;null;
3.830675;-0.306454;9.346847;sit;
-2.3930047;0.47046062;9.03452;stand;
-1.53227;1.379043;9.653300999999999;stand;
-7.508122999999999;-3.06454;12.564614;stairsdown;
-0.7819060999999999;-1.4716797;9.728806;sit;
7.508122999999999;-0.153227;6.895214999999999;sit;
0.26307678;-0.75994873;9.857346000000001;sit;
-4.903264;0.612908;10.879116999999999;null;
-5.899312999999999;1.7621324;6.349423000000001;bike;
-3.5913025999999997;0.35793316;8.746018;stand;
-2.944868;-0.16519992;10.46745;bike;
-1.813797;1.4407043;9.400314;stand;
0.49799395;0.30645782;9.452309;null;
-0.90021986;-1.4173675;10.017339999999999;bike;
-5.362945;-2.298405;10.572663;walk;
-3.8275910000000004;-1.0110779;6.1058807;stairsup;
-1.1252748;-0.12210429;9.433155000000001;stand;
4.111969;0.30958557;9.567139;sit;
7.508122999999999;-0.45968100000000006;6.895214999999999;sit;
0.5746084;-0.39264908;9.490616000000001;sit;
-0.6703765;-0.29688102;9.490616000000001;stand;
-8.133103;-0.700304;8.11395;stairsdown;
-2.9801787999999996;-0.83969116;5.8868865999999995;walk;
-2.8421173;5.160034;15.188187;null;
-2.298405;1.225816;9.500074;null;
-6.6316679999999995;0.7384949000000001;7.378189;null;
-6.669922;-0.44618225;6.298889;stairsup;
-2.2757568;2.3162384;14.648041000000001;null;
-1.2640991000000001;-1.6815948;10.883484;bike;
-4.116974;-1.4042816;12.447388;stairsup;
1.2641385;0.7565677;9.595961;sit;
-0.9451294;0.26435852;10.383606;stand;
-0.6991069000000001;-1.1683705;7.0006455999999995;stairsdown;
-6.969681;-5.3635864;11.854477000000001;stairsup;
-0.612908;0.612908;11.645252000000001;walk;
7.9753112999999995;-0.0962677;6.476227;sit;
1.225816;-4.59681;9.19362;walk;
1.4245299999999999;0.6107024999999999;10.564513999999999;null;
-1.5900421;-0.9360961999999999;10.317947;bike;
-8.427485;3.830675;12.104933;walk;
-7.5778656;0.58496094;6.55101;stairsdown;
-0.6759795999999999;-0.5897522;9.669296000000001;stand;
-1.225816;-0.306454;9.040393;bike;
-7.119644;0.43380737;6.5617220000000005;stairsup;
-9.088389;-4.31914;12.832921;walk;
-5.1642933;2.2936451;11.835736;null;
-5.6987305;1.8223113999999998;12.201019;stairsup;
-0.22387695;-0.21885681;10.232452;stand;
4.5142517;1.6045074;9.074402000000001;sit;
-5.033809;-0.39384618;6.0453589999999995;bike;
-2.1482391;-1.9739380000000002;10.434586;stairsup;
-8.427485;-3.06454;19.45983;stairsdown;
-2.9551849999999997;-0.025604248;9.847824000000001;stand;
-6.1866174;0.79487497;7.153875;stand;
0.41287229999999997;-0.51164246;10.255066000000001;sit;
-2.4184113;-0.38385009999999997;12.541214;bike;
-1.9470977999999999;0.9336853;8.710007000000001;null;
-2.3750482;-0.11492168;9.442732000000001;stand;
5.161899;0.59376204;8.303091;null;
-0.6512229;-0.60333884;8.408437;bike;
1.6376339;0.42736499999999994;9.345766000000001;sit;
-5.707777;1.0055646999999999;12.306197000000001;stairsdown;
1.8387240000000002;0.0;9.959755;sit;
-4.59681;0.153227;8.121031;null;
-2.9113130000000003;-1.379043;9.346847;stand;
-9.069236;0.90021986;4.376600700000001;walk;
1.8495941000000002;-1.5097656000000002;12.418625;walk;
-1.7032776;0.5452423000000001;8.691162;stairsdown;
-1.7697601000000003;1.5311583999999998;9.403885;stand;
12.391191000000001;-4.9081135;11.516110000000001;walk;
5.5211487;0.6868744000000001;8.614989999999999;sit;
4.8039656;0.5291186;8.166622;sit;
-5.6790465999999995;-0.21068975;7.747636999999999;stairsup;
-2.451632;0.0;11.338797999999999;bike;
-0.19633484;0.77182007;8.041122;stairsdown;
-4.1656036;-0.6706848000000001;8.463638000000001;null;
3.8594532;0.18195933;8.916007;sit;
-1.1427002;0.8570709000000001;7.285553;null;
-1.6090851000000002;-1.7323302999999999;9.107529;bike;
-1.2436981000000003;-0.83135986;7.243697999999999;null;
-7.089231;1.7968484;11.203667;walk;
-9.171524;-3.3831177;12.400772;stairsup;
-2.298405;-1.225816;8.580712;bike;
-1.3331298999999999;0.32624817;10.309814;stand;
3.7467498999999997;-0.94799805;9.003983;sit;
-0.51190186;-0.30812073;10.227692;stand;
-2.9563751;-0.15890503;7.9863740000000005;walk;
-5.334366;-0.41003418;8.375565;bike;
-2.758086;-0.612908;8.580712;null;
7.850509599999999;-0.8123169;5.9106903;sit;
-4.4512480000000005;0.6135254;8.867111;stand;
-2.3211784;0.16280572;6.5206084;null;
-2.2102966;0.8166045999999999;8.088928;stairsdown;
7.680313000000001;-0.8694458;6.251083400000001;sit;
1.0436707;-0.62828064;10.233642999999999;bike;
-2.5570072999999995;1.3311761999999998;8.197746;walk;
-0.51530457;1.6204223999999998;9.552658000000001;stand;
-5.841851999999999;0.19153613;7.776367;stand;
-3.122039;1.3886370000000001;10.103531;null;
-2.385254;0.1096344;8.16629;stairsup;
-1.3674773999999998;0.067230225;9.663345;stand;
-0.93663025;-1.589508;9.635971000000001;sit;
-5.5545480000000005;1.9919758;10.70687;stairsdown;
-3.5135498;1.0832062;9.114868;stairsup;
0.4178009;-0.7635193;9.821639999999999;sit;
-0.65234375;-1.1067352;11.4583435;stairsup;
7.814577000000001;-0.153227;6.588761;sit;
5.114014599999999;0.89064306;7.967903;sit;
5.362945;0.0;9.19362;walk;
-1.2865448;-1.0801086000000002;10.840439;bike;
-2.566584;-1.4077905000000002;13.273454999999998;stairsdown;
-3.7753906;-1.1710052;9.094635;stairsup;
1.5897499;0.30645782;9.56723;sit;
-2.480393;-1.043872;9.749189;bike;
-2.0984192000000004;-1.4506989;10.6633;bike;
-2.145178;-1.53227;10.879116999999999;walk;
-0.8856200999999999;-0.85679626;7.018951400000001;walk;
-4.374054;0.98799133;9.210083000000001;stand;
-2.298405;-0.45968100000000006;9.653300999999999;stand;
3.8498763999999994;0.5650316;8.944737;sit;
-1.685497;1.072589;9.040393;bike;
-4.2999864;0.58418524;7.642291999999999;stairsup;
-1.7046716;1.6472107;9.835381;bike;
4.663905000000001;1.2737153;8.1881695;sit;
3.8402996;0.33518824;8.7053175;sit;
-2.8885345;-0.5730896;9.388411999999999;stand;
-3.6774480000000005;3.6774480000000005;17.008198;walk;
-7.113693;-1.1134338;4.6788483;stairsup;
-0.7737427;-1.5720978;10.145569;sit;
-3.3124084000000003;-0.61875916;9.324341;null;
5.209718;0.153227;8.733939;sit;
-1.1510315;1.3248138;11.321472;bike;
-7.814577000000001;-1.072589;5.056491;stairsdown;
8.121031;0.0;9.500074;stairsup;
-6.483498;1.3599066;13.254301000000002;null;
-1.8962077000000002;0.7757214;4.9895163;stairsdown;
-2.9987376;0.58418524;8.158242;walk;
-2.5617957000000002;0.18794483;15.109807;stairsup;
4.290356;1.379043;9.040393;sit;
5.2701874;0.21124268;8.285110000000001;sit;
4.6489105;0.9015503;8.721909;sit;
-4.156333999999999;0.23942018;7.4028716;stairsup;
4.090493700000001;2.7126305;5.919664;stairsdown;
-5.6783295;3.523529;8.117294000000001;walk;
-4.565674;3.1565093999999996;9.676636;null;
-2.825158;1.4460978999999998;8.983044999999999;null;
3.8786068;0.19153613;8.925583999999999;sit;
-2.8111725;-0.49572754;9.271774;stand;
-4.6136265;1.2162545;8.291121;stand;
7.354896000000001;-0.45968100000000006;6.895214999999999;sit;
-2.7744446;-0.52711487;8.972046;null;
-2.604859;2.298405;9.500074;bike;
-2.6084828;0.45010993;9.785102;bike;
4.290356;1.379043;9.040393;sit;
-2.6125792999999997;-0.8960724;9.838500999999999;stairsdown;
-0.7592926;-1.7656555;9.685959;sit;
-2.9879637000000003;0.12449849;9.222465;stand;
0.45968100000000006;-0.766135;7.508122999999999;walk;
-5.078644000000001;-0.24742126;8.607849;stairsup;
8.062195;-0.01890564;6.259613;sit;
0.31603462;2.9975405;6.9144545;walk;
1.6663644;0.545878;9.270349000000001;sit;
-6.617573299999999;-3.8977604;7.393294999999999;null;
3.1747115000000004;0.48123455;8.8884735;sit;
-3.3039982000000006;1.7812861;5.449203;stairsup;
-3.3409730000000004;1.312912;7.584289599999999;stairsup;
-2.7887267999999996;0.13938904;9.793274;stand;
-2.9113130000000003;0.153227;9.500074;stand;
2.267309;-2.1428106;8.1343;bike;
-4.443583;0.9193620000000001;8.733939;stand;
-0.04058838;-0.27479553;6.152496299999999;stairsdown;
0.33432007;0.79875183;11.491669;walk;
-6.1399302;1.1827357;6.993463;walk;
-3.3722332;-2.6839;9.1350765;null;
-5.285568;-1.627594;8.955185;stairsup;
-1.225816;1.53227;5.669398999999999;walk;
3.8586273;-0.64331055;9.037308;sit;
-2.1734009;-0.9353485;10.076538000000001;stand;
-8.197746;-1.6950948000000001;5.8705826;walk;
-1.225816;1.685497;7.967803999999999;bike;
-0.7757214;-0.008379705999999999;6.88333;stairsdown;
-3.0358477;-0.047884032;9.059659;stand;
-6.4260373;0.18195933;9.059659;walk;
-2.298405;0.306454;10.112982;bike;
-6.435534;-2.451632;8.733939;stairsup;
-5.919937;-2.4904785;9.581223;walk;
-5.669398999999999;-0.306454;9.19362;walk;
-0.36152446;0.33039984;9.454702000000001;sit;
1.675827;0.33502197;9.745467999999999;sit;
-1.9919509999999998;0.306454;9.806528;bike;
-2.7980804;-0.5957031;9.426497999999999;stand;
4.1905212;1.6009368999999998;9.232697;sit;
-4.0822906;-1.3812256;7.088974;stairsdown;
4.5929720000000005;0.93963623;8.649307;sit;
-0.5363011999999999;-0.62249243;10.160992;null;
-2.145178;1.072589;17.467878;stairsdown;
-2.4541168;0.5135498;10.244156;walk;
-4.6083527;0.9741516;8.832596;stand;
-0.612908;-0.306454;6.741988;walk;
-1.1587936;1.7142484;9.691728999999999;bike;
2.6528015;-1.5839996;8.944672;bike;
-1.8004397;0.15322891;5.401319;null;
5.1906295;0.82360536;8.274361;sit;
-1.8699036;-0.4247589;5.8323364;walk;
5.849035;-0.7493850999999999;7.4746976;stand;
-1.53227;0.153227;10.266209;null;
-6.588761;-0.612908;7.66135;null;
1.4939818;1.9440918000000003;14.001291;null;
-6.258117700000001;0.31434629999999997;7.903259299999999;stand;
3.830675;-0.153227;9.346847;sit;
-1.258153;0.05267244;9.409213000000001;stand;
-2.4707793999999996;-0.58618164;9.441971;stand;
-4.903264;-0.306454;9.040393;null;
0.0;-0.45968100000000006;8.274258;walk;
-5.2768207;-0.19153613;9.911995;walk;
-1.3353423999999998;1.9953308;19.612106;stairsdown;
-0.766135;-0.153227;6.741988;walk;
3.8193512000000003;-0.09463501;9.000411999999999;sit;
-0.62480164;-0.74923706;9.735947;stand;
0.89982605;0.7956238;9.697861;bike;
-3.1507695;0.019153614;8.963891;stand;
0.24899697;-0.4213795;9.528922999999999;sit;
7.876525999999999;-0.065322876;6.4821777;sit;
-1.0833763;-0.9911995000000001;7.6650367;stairsup;
0.42851257;-0.80755615;9.856155000000001;sit;
-2.0398598000000003;1.8483237000000001;9.730036;bike;
4.782418;0.63206923;8.160637;sit;
-6.253655;0.8523358;7.268796400000001;stand;
-6.469133;-3.1352072;12.629414;walk;
-2.135628;1.1492168;9.969456;walk;
3.856247;-0.588562;9.065872;sit;
-0.39264908;-2.3080103;7.5273699999999995;bike;
-6.6435699999999995;2.3964232999999995;8.969467;null;
5.2289367;0.8714894;8.255207;sit;
-5.4486237;1.4299927;8.789749;walk;
-3.6873169999999997;-0.37477112;8.653075999999999;stairsdown;
-2.1329346;-0.13911438;10.0598755;stand;
7.564864999999999;-0.022033691;5.820236;sit;
1.5131354;0.2873042;9.270349000000001;sit;
-2.9599457;0.74920654;5.5536346;null;
-1.9913025000000002;-1.4602203;9.64212;bike;
-6.042965000000001;0.16280572;6.540959;stairsup;
-5.4671597;1.5167267;5.3259015;stairsdown;
-2.8968658;-2.7273254000000002;7.929245;stairsup;
-2.6647797000000004;0.6861267;9.95256;null;
-0.612908;-1.8387240000000002;8.580712;bike;
1.685497;0.612908;9.959755;sit;
-3.618836;0.24540567;8.744822000000001;stand;
-0.52363586;0.39215088;10.416733;bike;
-0.9876082;1.9021933000000002;4.9919105;walk;
-0.13407529999999998;1.3790601;8.667010000000001;bike;
-4.72023;-1.9786987;7.761429;bike;
-3.1719666;1.5366669;8.117493;stairsup;
-2.9783869;-1.0534488000000002;9.212888000000001;stand;
-8.421603999999999;0.45250413;7.9248075;stairsdown;
-4.715637;0.33815002;8.748291;bike;
-0.5879059;1.746582;9.589554;stand;
3.524221;0.0;9.346847;sit;
5.362945;-0.612908;8.121031;walk;
-2.1696625;-0.34695435;4.8335724;null;
-5.209783;-0.38307226;9.126697;bike;
-2.3654714;-0.038307227;6.569689299999999;stairsup;
1.3816833;0.32624817;10.207458500000001;sit;
5.3628540000000005;0.44288635;8.726868;null;
-2.9113130000000003;0.45968100000000006;9.19362;null;
-5.975853;-0.306454;4.290356;stairsup;
-3.6236242999999995;-0.58418524;4.9512089999999995;walk;
-0.3184288;0.2885013;9.440337;sit;
-0.6047363;-0.12721252;10.115814;stand;
-3.8049774;0.03390503;8.414841000000001;null;
-1.53227;2.758086;10.112982;bike;
-0.766135;0.153227;9.959755;null;
-3.6343982000000006;0.93493575;8.743625;null;
-5.171476;2.2026656000000004;7.7093296;null;
-6.7911529999999996;1.3335876;7.635269;walk;
-2.4388123;-2.0826874;10.295532000000001;bike;
1.5614013999999998;0.4893036;10.174133;sit;
-7.240066000000001;0.21068975;8.034941;stairsup;
-3.06454;0.153227;9.500074;stand;
0.37597656;-0.49021912;10.246735000000001;sit;
6.12908;-1.8387240000000002;6.895214999999999;stairsup;
-0.612908;1.8387240000000002;9.500074;bike;
-1.379043;-1.072589;9.040393;stairsdown;
-4.4228515999999996;1.8306427;13.366210999999998;stairsdown;
-3.0027923999999997;1.4466553;11.17131;stairsdown;
-3.1791077000000003;0.69758606;4.9230347000000005;stairsup;
-3.3409730000000004;0.3809967;14.033904999999999;walk;
-5.5117035;3.3473816;8.72905;stairsdown;
-2.4243622000000005;-0.7468566999999999;8.404129;null;
3.997879;-0.013702393;9.200363000000001;sit;
9.097656;0.35362244;4.6326294;sit;
-8.810661999999999;4.185065;4.367024;stairsup;
-7.1634517;4.663905000000001;10.572795;stairsup;
-2.9206696;0.50283813;8.257736;walk;
-3.5817258;-1.9249381999999997;9.950302;stairsup;
-6.052215599999999;2.685196;6.5047913;stairsup;
-9.391876;1.537857;10.484772;stairsdown;
-5.21936;4.759673;14.058751999999998;null;
4.4370575;0.8741760000000001;8.679062;sit;
-0.50876784;0.688333;9.76954;bike;
-3.656372;-1.5756683;10.225311;stairsup;
-2.7790375;-1.0444030999999998;9.420547500000001;stand;
-5.887802;-2.1131897;8.823074;walk;
-3.0071173;-0.49799395;10.295067;stairsdown;
-2.5187001;0.4261679;11.297041;null;
0.545878;0.33518824;10.371682;bike;
-7.048442;-2.758086;6.741988;walk;
-6.409103400000001;0.9241638000000001;7.0520782;stairsdown;
3.524221;0.0;9.500074;sit;
-3.6774480000000005;0.45968100000000006;3.9839019999999996;stairsdown;
-5.233725;0.6500258000000001;7.047333;walk;
-1.1889496000000002;0.7206421;10.179886;bike;
4.0357970000000005;0.35481262;9.488586;sit;
-2.5683746;-1.0753479;9.402695;stand;
-2.9113130000000003;0.153227;9.500074;stand;
-0.153227;-0.153227;11.338797999999999;bike;
9.481038999999999;0.7086836999999999;3.3423057000000003;sit;
-2.3558946;-0.58418524;5.0374002;stairsup;
-2.0661163;0.07556152;9.808548;stairsdown;
-3.5837708;-0.43785095;6.5250244;stairsdown;
2.541445;-0.94211835;4.337096;stairsdown;
0.19153613;-1.0055646999999999;9.844957;bike;
-2.4887726000000003;0.37110126;9.198523;stand;
-2.5744933999999997;-0.23908997;9.838500999999999;stand;
-1.8852081000000003;1.4240416999999999;9.476486;stand;
-2.9017725;-2.4708161;15.140931;null;
-4.179886;1.7477721999999998;11.716415;stairsup;
-4.4728394;0.9403838999999999;9.043457;stand;
5.422867;-0.5279215;7.656657000000001;walk;
-1.9919758;0.6512229;11.530476;null;
-1.3985901;1.2355499;9.882538;stand;
-2.0590134;1.8387468999999996;9.174581;stand;
0.6010895;0.14221191;9.378891000000001;bike;
-5.161899;-0.05746084;8.015787;stairsup;
3.9536742999999994;-0.046279907;9.520721;sit;
-2.758086;-0.766135;7.508122999999999;stairsup;
-5.353435;-1.0151415000000001;9.050082000000002;walk;
0.6104430999999999;3.8325348;14.517120000000002;stairsup;
-1.3215994;1.7142484;10.1226845;walk;
-5.2983685;2.267309;7.681796;stand;
-2.758086;0.0;3.6774480000000005;stairsdown;
-0.7926178;-0.65164185;9.859726;stand;
-1.9728221999999997;1.0821792;5.6407394;stairsdown;
3.8931427000000003;0.062469482;9.018265;sit;
-0.21078491;2.1305695;9.655211999999999;bike;
-1.8603821;-1.9065398999999998;9.498108;stairsup;
